source,target,source_sector,target_sector,best_lag,p_value,p_value_fdr_bh,edge_weight,n_obs,f_stat
ConsumerDiscretionary,Technology,ConsumerDiscretionary,Technology,3,0.0010129228717633437,0.04235639520064916,1.373081008221858,249,5.5891474227801945
Healthcare,Energy,Healthcare,Energy,1,0.0012706918560194747,0.04235639520064916,1.373081008221858,165,10.76111760527697
ConsumerDiscretionary,Healthcare,ConsumerDiscretionary,Healthcare,1,0.0005819925882607,0.04235639520064916,1.373081008221858,249,12.148373812452862
Banking,SteelMaterials,Banking,SteelMaterials,5,0.002200023499904106,0.04400046999808212,1.3565426845028261,214,3.8884174454667155
IndustrialLogistics,Energy,IndustrialLogistics,Energy,4,0.002079164709789075,0.04400046999808212,1.3565426845028261,249,4.344096481849518
