trade_date,ret_Banking,ret_RealEstate,ret_SteelMaterials,ret_Technology,ret_ConsumerStaples,ret_ConsumerDiscretionary,ret_Energy,ret_IndustrialLogistics,ret_Healthcare,ret_Utilities,sent_Banking,sent_RealEstate,sent_SteelMaterials,sent_Technology,sent_ConsumerStaples,sent_ConsumerDiscretionary,sent_Energy,sent_IndustrialLogistics,sent_Healthcare,sent_Utilities
2025-06-19,0.0054449677346168,0.0055602532943488,-0.0100721759520864,-0.0074178212252287,0.0002805985564606,0.0259072346060724,0.0081468243261135,-0.0126534631778143,0.0005590027391133,-0.002770083102493,0.7285714285714286,0.2368421052631578,0.7105263157894737,0.372,0.2282608695652174,0.6627906976744187,0.1399999999999999,0.4956521739130434,-0.4,0.3444444444444444
2025-06-20,0.0097118258956332,-0.018768705442099,-0.0026298840020117,-0.0024690706937141,0.0032537885066839,0.0026358382413699,-0.0180794506070981,0.0134587737793253,0.0003598454833761,-0.0013835343486855,0.2653846153846154,0.4087719298245614,0.4666666666666666,0.4133928571428572,-0.3368421052631579,0.072465960665658,0.1853658536585365,0.160204081632653,0.7,0.4466666666666666
2025-06-23,-0.0038729645514556,0.0325061165021898,-0.0094694725961481,-0.0083885059553439,-0.0033863476244005,-0.0028436948675539,0.0343615873283686,-0.0071587691279781,-0.0049039037131439,0.0046221516816306,0.3673624288425047,0.3787781350482314,0.3607779578606159,0.315625,0.0449999999999999,0.1923076923076923,0.2698564593301435,0.6513011152416358,-0.5294117647058824,0.3160493827160494
2025-06-24,0.0028829290807345,0.0256509673173516,0.0150282722349242,0.0119519396367827,0.011688558139684,-0.0017313770867311,-0.0533155531995958,0.0046155108423621,0.010214153318986,0.006915291664154,0.2799999999999999,0.2442307692307692,0.4705882352941176,0.3282608695652174,0.04375,0.2082474226804123,0.4333333333333333,0.4923076923076923,-1.0,-0.0745454545454545
2025-06-25,-1.94106311250201e-05,-0.0007361633530359,0.0073228803716608,0.0030645708554857,0.011978193636738,0.005013248952458,-0.0189879848414467,-0.008704550057523,-0.0091037844553254,4.630092063336496e-05,0.5999999999999999,0.3764705882352941,0.1781818181818181,0.6235294117647059,-0.2285714285714285,0.3883408071748879,0.3333333333333333,0.3291666666666666,0.0,0.2565217391304348
2025-06-26,-0.0010844978244719,-0.0053832363874667,-0.0004857926943596,-0.000233501479492,0.007035442786947,0.0187572794124016,0.0001569191106603,0.007175169211039,0.0014299351977964,-0.0023497641220994,0.4051948051948052,0.1833333333333333,0.6,0.618,-0.1256756756756757,0.475,0.1090909090909091,0.50625,-0.0333333333333333,0.1163265306122449
2025-06-27,0.0058190860255749,0.0028145263198928,-0.0041658265711561,0.0310565657896961,0.0311229794044132,0.0022021557302174,-0.0035934504696999,0.0004711553448299,0.0015282708234045,0.0008129726758685,0.2,-0.0142857142857143,,0.47,-0.1736842105263157,0.2210526315789474,0.0,0.5666666666666667,0.0,0.3235294117647059
2025-06-30,0.003327599171594,0.0023906571595898,-0.0024599142650718,0.02494915025086,-0.0029774165874121,-0.0025985424033633,0.0028740885679172,0.0266118526965977,0.0035532108521116,0.0043476349907759,0.3970684039087947,0.2384105960264901,0.195631067961165,0.4033568904593639,0.2679487179487179,0.3119201725997843,0.2980769230769232,0.4634751773049645,-0.3076923076923077,0.1532846715328467
2025-07-01,0.0097325626411651,-0.0017149562234858,0.0026548833203677,0.0047896230110976,-0.0130441386679338,-0.0054275383810811,-0.0151327645033834,-0.0182143388977689,0.0004463813381071,-0.0056579910558206,-0.0468085106382978,0.6561797752808989,0.3818181818181818,0.3953488372093023,0.2192592592592592,0.3459016393442623,0.2249999999999999,0.3325000000000001,0.1,0.0054054054054054
2025-07-02,-0.0029335435248241,-0.0029591983970818,0.0181684300939872,-0.0110183930734608,7.110307756304686e-05,0.0064025459335379,0.0004516711833785,0.0190306780068898,0.0033871114343299,-0.0099927330734059,0.3466019417475728,0.4002020202020202,0.3337796086508754,0.2449330783938814,0.3505962521294719,0.2704667176740627,0.0333333333333333,0.3808290155440414,-0.3,0.1212765957446808
2025-07-03,0.0033672241148985,-0.0063316013354768,0.006067750543824,0.0006018030259427,-0.005338210172653,-0.0056342943449234,0.0020306393629176,0.0205242937938027,0.0022857100830756,0.0120642902695397,0.7217391304347825,0.4853658536585366,0.3759999999999999,0.1272727272727272,0.2941176470588235,0.5154639175257731,0.2714285714285714,0.74,-0.2499999999999999,-0.125
2025-07-04,0.0066284968826613,-0.003752619820484,-0.0005251647593793,0.0226190640271051,0.0032544718473305,0.0058004607393854,0.0075568401778192,-0.0043620888613184,0.0025565388397246,0.0123615904546843,0.2,-0.1,0.3125,0.1699999999999999,0.3857142857142857,0.3640287769784173,0.6000000000000001,0.5181818181818181,0.4666666666666666,0.2833333333333333
2025-07-07,0.0204218509692234,0.0100282311367726,0.0139762586154829,0.0011233011902187,0.0014548222769848,0.0021622019301024,-0.0033491686982744,-0.0076107062635586,-0.0019920240069493,-0.001351154525602,0.5094339622641509,0.2997624703087886,0.2597938144329897,0.2141119221411192,0.1571709233791748,0.310353866317169,0.2050761421319797,0.4713216957605984,0.55,0.2151408450704226
2025-07-08,0.00491090113534,0.0197356517832002,0.0274046626362606,0.0049571193001491,0.0131352425205697,0.0033971403649259,0.0135022667355864,0.0135396164567067,0.0035939277398712,0.0094065347819107,0.32,0.475,0.75,0.2896551724137931,-0.0428571428571428,0.1390243902439024,0.0222222222222222,0.3857142857142857,,0.4551724137931035
2025-07-09,0.0248358212507937,0.0117485520483751,-0.0002259781346674,-0.0088458565227773,0.0133747063762525,0.0049097195762305,0.0036439204904691,9.3819299182063e-05,0.0051035774446791,0.0030972600000754,0.7473684210526316,0.1272727272727272,0.6112244897959184,0.3833333333333333,-0.181294964028777,0.3772357723577236,0.4859504132231405,0.5590361445783133,0.2727272727272727,0.2876404494382023
2025-07-10,-0.0001935257315158,0.040296399243634,0.0083167295995248,0.0232326768685261,0.0052198564900137,0.0031886622459644,0.0109530432296336,0.0034107802418948,-0.0020058784470711,-0.0018881911739054,0.4779944289693594,0.557142857142857,0.7510204081632652,0.0969696969696969,0.3357277882797732,0.3007874015748032,0.2896551724137931,0.2967213114754098,0.0,0.1935483870967742
2025-07-11,0.0045424262901231,0.0209398742879959,0.0092403384456499,5.7371137162605855e-05,-0.000829274287973,-0.0019628094657958,-0.0091388967522951,-0.0088282399181444,-0.0085657589075535,-0.0092070003000745,0.4949152542372881,0.6439024390243904,0.4426512968299712,0.4441281138790035,0.4673306772908366,0.2783147459727386,-0.2,0.3495145631067962,0.0,0.0612903225806451
2025-07-14,-0.0006632311661949,0.0221400631067748,0.0022389918843993,0.0002996583510901,-0.0034670432827273,0.0275162502854587,0.0014178372526496,-0.0098789685838649,-0.0008394039773196,0.0236392601671275,0.3393258426966292,0.496165191740413,0.3799256505576208,0.417910447761194,0.2368783473603672,0.2799043062200956,0.0592592592592592,0.2680232558139535,0.223076923076923,0.4010752688172042
2025-07-15,-0.011248340604863,-0.0126420550706451,0.0006356612929775,-0.010618195991907,-0.0043276339817102,-0.0064259543602286,-0.005883347470047,-0.0096644475040501,0.0003394718450555,-0.0106551133371205,0.2428571428571428,0.39,0.487012987012987,0.5228571428571429,-0.0105263157894737,0.2351598173515981,0.3102564102564102,0.399009900990099,-0.5,0.3222222222222222
2025-07-16,0.0108369752286336,0.0250378139852619,0.0118674134062168,0.0010102058146433,0.0019477846134725,0.0098715266565244,-0.0019636432576158,-0.002551732881489,0.0016501721067975,0.0133850224848703,0.1142857142857142,0.68,0.7857142857142857,0.6725274725274725,0.0,0.2936708860759494,0.2594594594594595,0.064,-1.0,0.3719008264462811
2025-07-17,0.0015778399991735,0.0590661507357042,0.0003157652723222,0.0040182128518243,0.0080845641471184,-0.0017876219891155,0.0001814675953745,5.694120649316995e-05,0.00359283013008,-0.0064955819523562,0.47117903930131,0.4987546699875467,0.3116424116424116,0.7029729729729729,-0.6354260089686099,0.2646634615384615,0.0,0.4415730337078651,0.6608695652173914,0.2505154639175257
2025-07-18,-0.0007490221513318,0.0096749204700714,-0.002255241863776,-0.0036335634000882,0.0118612252232415,0.0163293611448912,0.011263573605706,0.0140321362523886,-0.0022062315949462,0.0136704002353813,0.51,0.4434782608695653,0.3941176470588235,0.6703703703703704,0.2447368421052631,0.2663265306122448,0.2277777777777777,0.4571428571428572,0.2666666666666666,0.0864864864864864
2025-07-21,-0.0042657101714969,-0.0415213489723856,0.0071659098205354,-0.0058459041881962,-0.0112810623128724,-0.0122650579931785,-0.0087910796107846,-0.0080984250271272,0.001393623378106,0.0077569657654451,0.4627737226277372,0.4457831325301205,0.5000000000000001,0.3321428571428572,0.362962962962963,0.1764150943396226,0.2627218934911242,0.2236111111111111,0.2,0.2775700934579439
2025-07-22,0.0148435549749745,0.0372782060877746,0.005130501209335,0.0093150261661287,0.0025970338397625,0.0086507227270845,0.0007332699887306,0.0169132903186459,0.0062642766485427,-0.0015423264057773,-0.0772727272727272,0.1647058823529411,0.060377358490566,0.3837837837837837,0.069172932330827,0.3747508305647841,0.0,0.4920634920634921,0.5333333333333333,0.1775510204081632
2025-07-23,-0.0019726332447279,-0.020731414056394,0.0244178317255451,0.0143230622525017,0.0122045440102625,0.0119973282052864,0.0129826736645993,0.0077888561035468,0.0016108690353236,0.0061172618447686,0.6461538461538462,0.4444444444444444,0.6307692307692307,0.6453125,-0.0727272727272727,0.4247619047619047,0.1846153846153846,0.24,0.16,0.1816326530612245
2025-07-24,0.0017541815395693,0.0021852571855754,-0.012586250509099,-0.004429116276106,0.0079886800617334,-0.0068999857732251,0.0135103346172854,0.0027172962633397,0.0090944379748239,0.0004496150171415,0.2909090909090909,0.1333333333333333,0.6363636363636364,0.2978723404255319,0.0,0.2842105263157894,0.1999999999999999,0.375,0.55,0.2085106382978723
2025-07-25,-0.0013010547147656,0.0057779570292268,0.008361240042197,0.0091324366537476,-0.0028978677283551,0.0005064947501137,-0.0043059075169065,0.0155462211559084,-0.0009132026911375,0.0058377283963127,0.5660377358490567,0.5593220338983051,0.5842105263157895,0.4813953488372093,0.6681818181818182,0.3245901639344263,-0.0297520661157024,0.3470588235294118,,0.1225806451612903
2025-07-28,0.0090534474583781,0.0188945598730712,0.0394290748226885,0.0044927738210491,0.0098307975868131,-0.0007010115627435,0.0044555347863581,0.013341868359656,0.0009869988428289,0.0149756647909827,0.4781609195402299,0.3951219512195121,0.3877192982456141,0.5741228070175439,0.1357664233576642,0.2915384615384614,0.0896969696969697,0.6408304498269898,-0.3333333333333333,0.266046511627907
2025-07-29,-0.0397066427083159,-0.0420546251364425,-0.0368252889027989,-0.0594339485143621,-0.036949059413654,-0.0470645512714538,-0.0202351435928492,-0.0426001693581384,-0.021081430893203,-0.0295465462502023,0.7333333333333334,0.1333333333333333,0.7619047619047619,0.6122448979591836,0.3862068965517241,0.44,0.3105263157894737,0.3487179487179487,0.1833333333333333,0.4769230769230769
2025-07-30,0.0241042947383575,-0.0069184959343211,0.02671013013352,0.0027507847376032,0.0039153930409377,0.0053556571666344,-0.0031523889631695,0.0237439473540207,-0.0047282208831257,0.0010634114769439,0.14,0.1553191489361702,0.678688524590164,0.3999999999999999,0.5184466019417476,0.2325358851674641,0.0222222222222222,0.2571428571428571,,0.1868852459016393
2025-07-31,-0.0083158979337731,-0.0165448485836093,-0.0174927783397903,-0.0035971055569054,-0.0109130810348826,-0.0166967981000833,-0.0013979570387018,0.0074445229920398,0.0206853339079148,-0.0013855598470895,0.6230769230769232,0.4048780487804878,0.5142857142857142,0.5356164383561643,0.5965909090909091,0.397923875432526,0.1270072992700729,0.4530000000000001,,0.2144144144144144
2025-08-01,-0.0172885789014821,0.0069268483678044,-0.0134901608902933,0.0051155431555534,-0.0044207033652264,0.0294338728468748,-0.0022396634363744,0.0228639172459086,0.0035263821994412,-0.0049469894809343,0.0607142857142857,0.4076923076923077,0.6999999999999998,0.1999999999999999,0.2857142857142857,0.2,0.0307692307692307,0.3287671232876712,,0.2806451612903226
2025-08-04,0.0227504910571431,0.0546778784199962,0.0084568922385806,-0.0018699465030399,0.0096737171748981,0.0051581141925354,0.0062343366245684,0.0099226821893962,0.0026643666956761,0.0409437558151804,-0.6416666666666667,0.2887987012987013,0.4074626865671641,0.2853135313531353,-0.0705202312138728,0.2914383561643835,0.263013698630137,0.266601752677702,-0.2249999999999999,0.0018518518518518
2025-08-05,0.0145250424300942,0.0244666699960736,0.0216799531469518,-0.0041608288302018,-0.0026319194906512,0.0001013338680923,-0.0031469260382218,-0.0087828403433521,8.283763590196298e-05,-0.0118202586724186,0.6625,0.572,0.4818181818181818,0.6098360655737705,0.3322033898305084,0.1818181818181818,-0.0354430379746835,0.4439024390243902,0.4285714285714285,0.5493975903614458
2025-08-06,0.0179710765933894,0.0118122283516798,0.0191699221077014,0.0177095414342866,0.0149600393288552,0.0409260909747883,0.0237920210968149,0.0115016656978204,-0.0063663597391661,0.0056016654077901,0.3454545454545454,0.4618257261410788,0.4992031872509959,0.4428571428571429,0.3950331125827814,0.3548736462093863,0.0851063829787234,0.2391304347826087,0.6666666666666666,0.417910447761194
2025-08-07,0.0072282103312219,-0.0184014000882919,0.0410684807469337,0.0074146062354712,-0.0019524483434039,-0.0013385500671668,-0.0040861881967616,0.0307064295287182,0.0003168392820556,0.0101856813259128,0.5,0.1454545454545454,0.624,0.3489361702127659,0.1119999999999999,0.2470588235294117,0.3307692307692308,0.3714285714285714,0.0,0.4990825688073395
2025-08-08,-0.0061429346769518,0.0116021245417814,-0.0125378973674541,0.0224329547545114,0.0026746871344833,-0.0088618255332113,0.0384936751434,-0.0103695416418536,0.0084121256356534,0.0073841393797073,0.0571428571428571,0.4346153846153845,0.3865384615384615,0.2329268292682927,0.1311688311688311,0.2769820971867008,0.5454545454545455,0.4181818181818181,0.7,0.3319148936170213
2025-08-11,0.0059873795971708,-0.0043958441222226,0.0090481113320079,0.0058052777703737,0.0292964045203672,0.0141135455115676,-0.0012230666514542,0.0009144366170615,-0.0061161798139743,0.0046820189810833,0.5051612903225807,0.3513368983957219,0.5692771084337349,0.1787658802177858,0.2270194986072423,0.2738566798703637,0.1956097560975609,0.1476923076923077,-1.0,0.108356940509915
2025-08-12,0.0170133809034271,-0.0071133707002041,0.0087127536584038,0.0017986004171237,0.0087938756950771,0.0103093352481139,0.0052836114008786,0.0289500764913782,0.0015822345093915,0.0327707741934026,0.5612903225806453,0.5544554455445545,0.4296296296296297,0.6391752577319588,0.0448,0.3205128205128205,-0.0166666666666666,0.3363636363636363,-0.0571428571428571,0.2847457627118644
2025-08-13,0.0071849469261326,0.0004745722351765,-0.0130648442680596,0.0223743950940564,0.0030053402891463,-0.0147735316461387,-0.0103990630978573,-0.0020245459777417,0.0111524036113597,0.003280179119771,0.5955823293172692,0.541880341880342,0.4139037433155081,0.4374055415617128,-0.0610619469026548,0.3605363984674329,0.4173913043478261,0.4521951219512196,-0.0799999999999999,0.3952302631578948
2025-08-14,0.0250048433456528,0.0177183999410671,-0.0018802383397146,0.0018659116657612,-0.0013276767580913,0.0028699556203082,-4.3132593022798815e-05,-0.0035537622614978,-0.0029227194716392,-0.0089654817039917,0.508883826879271,0.8100840336134454,0.48,0.3625,0.1016722408026755,0.3631578947368421,0.7273584905660377,0.2266666666666666,-0.0666666666666666,0.2716981132075472
2025-08-15,-0.0216721961933453,-0.0129409100102401,0.0004793317265839,-0.0279179352545074,-0.0132361167122178,-0.020163084452783,0.003041575406297,-0.0124125941214118,0.0052100836112617,-0.0214203206500159,0.6880000000000002,0.2709677419354839,0.4,0.4837209302325581,0.3333333333333333,0.3948717948717949,0.16,0.44,0.0,0.0721311475409836
2025-08-18,-0.0040037722049428,-0.0030960314252425,0.0178682829683639,-0.0209710144073916,-0.0009328367493869,-0.0128733493294903,0.0055203250670841,0.0314216470873736,0.0003797115559136,0.0152273682822499,0.4073812580231065,0.3106870229007634,-0.1328947368421053,0.4014099400775467,0.1492563950029744,0.398329207920792,0.1649667405764966,0.3283544303797467,,0.1466216216216216
2025-08-19,0.0064250134779523,0.0,-0.0102086632196939,-0.001577355954467,0.0033015254021141,-0.0073433912905607,-0.0028276316973916,-0.0067053884429653,-0.0061553023812096,-0.0025514341010438,0.5870967741935484,0.6285714285714286,0.5860759493670886,0.518421052631579,0.6962962962962963,0.2918918918918918,0.2465909090909091,0.3408163265306122,0.4,0.1763157894736842
2025-08-20,-0.0007083527588945,0.0240673752999464,-0.0374982452848541,-0.0336215463225387,-0.0098548983567693,-0.0056192623438894,-0.0302880563212869,-0.0242205122790248,-0.0098711721374378,-0.0172204018530103,0.6428571428571429,0.5528735632183908,0.5580645161290322,0.2450704225352112,0.26875,0.1932584269662921,0.1777777777777777,0.4935483870967742,,0.3319148936170212
2025-08-21,0.0273089843394029,-0.005867003198045,-0.0038714021735725,0.0169556344055086,0.001014658199691,-0.0030875023967493,-0.0014076282999323,-0.0054459179908665,0.0088857764578589,0.0033499837376444,0.5380434782608696,0.4089887640449438,0.3870967741935484,0.4686746987951807,-0.0303030303030303,0.3587939698492462,-0.1636363636363636,0.6142857142857142,0.1999999999999999,0.35
2025-08-22,0.0037424294856728,-0.0268073484277603,-0.0399883247734657,-0.0285517552792088,-0.0265124833609151,-0.0024546630452622,-0.0239306860653657,-0.0296991850553892,-0.0100710467907815,-0.000612895819956,0.3114285714285715,0.7,0.1727272727272727,0.3758389261744967,0.4,0.5404580152671756,0.0349514563106796,0.5429752066115703,0.5777777777777777,0.2640522875816994
2025-08-25,-0.0343095370718848,0.0227119784077844,-0.0064391016361274,-0.005570468989727,-0.0076904053305904,-0.0241253934036686,-0.0052546416451489,-0.0295959734950535,-0.0043245458428774,-0.0132021585042952,0.2101175268267757,0.4137931034482758,0.5442970822281167,0.3968885047536733,0.3199999999999999,0.259161759612054,0.2251655629139073,0.4085688240656335,0.2933333333333333,0.2422360248447205
2025-08-26,0.025977902620502,0.0501195343152395,0.0361336251712377,0.0127450427837994,0.0146292052477019,0.0433648331611016,0.0189314472459937,0.0239408016785591,0.0015775309739999,0.0164840778130036,0.0235294117647059,0.5181818181818182,0.631578947368421,0.3249999999999999,0.8,0.2115384615384615,0.0833333333333333,0.4166666666666667,0.0,0.1186813186813186
2025-08-27,0.0306344392705723,-0.0105184202567521,-0.0113139593095759,0.0292366617322491,0.009745379407199,0.0024921677363178,-0.0023948525178752,0.0398339527127931,0.0037892210308696,0.0172374484420062,0.5232074016962223,0.597979797979798,0.4262626262626262,0.5459459459459459,0.4269230769230769,0.2878444084278768,0.4900000000000001,0.5611940298507462,0.2,0.2222222222222222
2025-08-28,0.000386189823314,-0.0069306306830299,0.0071397313296466,-0.0022970901956311,0.0103939183403543,0.0157799879064959,-0.0004889099842602,0.0155510580445172,0.0006382226532065,-0.0021667737982911,0.465625,0.7,0.0058823529411764,0.3767123287671233,0.4666666666666667,0.3826086956521738,0.2944444444444445,0.5365853658536585,0.1,0.1775
2025-08-29,-0.0010990576483213,-0.0027963713389597,0.0061213589568499,-0.0167614199650994,-0.004241368920535,0.0022075124670945,-0.0092853626435453,-0.0091887935969517,0.0046233106990198,-0.0006227644785972,0.5340232858990945,0.1939524838012959,0.2719367588932805,0.5761248852157944,0.2024096385542168,0.3735573411249087,0.2624472573839662,0.3640718562874252,0.0,0.0705882352941176
2025-09-03,-0.0071771961292599,-0.0044940255364595,0.0539223592340692,0.0220426648940594,0.0051412968115526,0.0024826390587505,0.0151059793545943,-0.0005348793023133,0.0101357767541273,0.0064317146299725,0.4615384615384615,0.2010752688172042,0.4171428571428571,0.4536977491961415,0.4118181818181818,0.3629921259842519,0.2235955056179775,0.5064,0.5666666666666668,0.3002645502645502
2025-09-04,0.0112980976260738,-0.0031789711688737,0.065425502177665,0.0113026640828112,0.0142691221347318,0.0221293626887047,0.0097254151768265,0.0073671274041188,0.0027152310311349,0.0057207478538457,0.5116343490304709,0.4461928934010152,0.5874371859296483,0.5355828220858897,0.2490909090909091,0.4125925925925925,0.2439024390243903,-0.0609756097560975,0.6499999999999999,0.3326375711574953
2025-09-05,-0.0225807014478784,-0.0056030902108077,-0.0263710382921939,-0.0153472188193588,-0.0104397804631915,-0.0220507325080376,0.0005102297366457,-0.0096481600402978,-0.0053636364237691,-0.0099292314857093,0.641196938065414,0.258139534883721,0.2976591075347476,0.1363543788187372,0.3778541226215644,0.2570093457943925,0.0910714285714286,0.4346420323325634,0.3,0.1644171779141104
2025-09-08,-0.0265052181692869,-0.0211311373523927,0.0016000201349656,-0.0256062492449552,-0.0132155906898532,-0.027565313141008,-0.0228188297689286,-0.0132831989744461,0.0092854597665011,-0.0346002439437992,0.4217391304347825,0.2216867469879518,0.3344827586206897,0.138235294117647,0.2570588235294118,0.2659630606860158,0.1856557377049179,0.5320930232558141,-0.2,0.1540322580645161
2025-09-09,-0.0013241115464174,0.0169788472073211,-0.0056702813052043,0.0027609627140654,-0.0052294481100826,0.0161559839927056,-0.0039005298919072,0.0066819602723887,-0.0029920009769799,-0.0018810004274332,0.4467153284671534,0.6,0.2714285714285714,0.3142857142857143,0.4823529411764706,-0.1470238095238094,-0.0350364963503649,0.4071428571428572,0.6,0.2050566695727985
2025-09-10,0.0110795504595926,-0.003576144662732,-0.008641533578378,-0.0047573745685775,-0.003124678215181,0.0065706474887443,0.0066740878790328,0.0053067182635954,0.003146485182743,0.0065513253226216,0.4525252525252525,0.4800000000000001,0.4416666666666666,0.2148648648648648,-0.0647058823529411,0.2941747572815534,0.2058823529411764,0.6000000000000001,-0.1,0.0598360655737704
2025-09-11,-0.0001979102384573,0.0241507018295464,0.0360785477028401,-0.0024823215640216,0.0130018541956113,0.0235460532147362,0.0023233322666669,-0.0075947415856636,-0.0114061498782019,-0.0030225645291147,0.3877777777777777,0.375,0.3347826086956521,0.4,0.385,0.1213483146067415,0.1777777777777777,0.45,,0.2091743119266055
2025-09-12,0.0015309071150152,0.0043112436080935,0.0260385308928251,0.0060053868426902,0.028892279186155,0.0188928037446332,0.0202310124254165,-0.0002686808180989,-0.0007313543789336,0.0133344840302143,0.2117647058823529,0.5187499999999999,0.3703703703703703,0.4395770392749245,0.0,0.3444283646888568,0.1939058171745152,0.46,0.5666666666666667,0.2238938053097344
2025-09-15,0.0181741631496706,-0.0052301962681285,0.0087126796745033,0.0110357233882147,0.0095491860086123,0.0049998700709477,0.0046616372391653,0.0424788364534866,0.0066428004294964,0.013269768440915,0.311377245508982,0.3213296398891966,0.5593869731800766,0.3726562499999999,0.1565836298932384,0.3508946322067594,0.1138613861386138,0.5847457627118645,0.0,0.2341346153846154
2025-09-16,0.0036450334932233,-0.0115879143097291,-0.0156131648769255,0.0081289053302264,0.0098645095695313,0.0042237757322908,-0.0007723289368858,-0.0059513676587544,-0.0079306071871127,0.0006975201086834,0.6027863777089784,0.598989898989899,0.5116504854368932,0.569470827679783,0.4517241379310345,0.4036480686695278,0.5245614035087719,0.5571428571428572,0.2285714285714286,0.3241935483870968
2025-09-17,-0.0193847703464845,0.0165307884445798,-0.020207614833814,0.0180145243330451,-0.0113412720238997,-0.0181987081456876,0.0032948849458552,-0.0006007418742919,0.0046870710936424,-0.0104554893546229,0.4818750000000001,-0.1666666666666666,0.3,0.224468085106383,0.40625,0.3905063291139241,0.2473684210526316,0.6599999999999999,0.0173913043478261,0.1936585365853658
2025-09-18,-0.00757420676226,-0.0021760380438622,0.0097181939262518,-0.0209348044845707,-0.0120136137495873,-0.0051120922615484,-0.0168452304915673,-0.0129601561124715,-0.0088125638586729,0.0071344239286429,0.5423076923076923,0.5185082872928176,-0.1642487046632124,0.5755501222493887,-0.055440414507772,0.1059612518628912,0.1578947368421052,0.4048128342245989,,0.1328947368421052
2025-09-19,-0.0128519326521271,0.0318074010414265,-0.0104228251820099,-0.0078671980302926,-0.0144450054822543,-0.0003371307524407,-0.0086955254285964,-0.0068748619976924,0.0015679909211258,0.0143943740238129,0.4407766990291263,0.2148936170212766,0.3108108108108108,0.6289473684210526,0.5680000000000001,0.3920353982300885,0.1,0.4064516129032258,0.8,0.3257142857142857
2025-09-22,-0.0076354148021268,-0.0242012430179588,-0.0387710029354354,-0.0270086395218644,-0.0133918294506143,-0.022388863309474,-0.0187006536641232,-0.0282353771417521,-0.0023598415695168,-0.0169252893957432,0.3352564102564103,0.2915857605177994,0.081046676096181,0.409049773755656,0.1609819121447028,0.3426456984273821,0.1990521327014217,0.471875,0.06,0.1892129884424876
2025-09-23,0.004632546705282,-0.0006339430747659,-0.001506805168435,-0.0025857109982737,0.0018757339232319,0.006891180853543,0.0046727175318282,-0.0050883553791652,0.0023853691182128,-0.0023691668522068,0.38,0.5021276595744681,0.5363636363636364,0.3898305084745763,-0.0666666666666666,0.4048,0.2095238095238095,0.4687499999999999,,0.3765765765765765
2025-09-24,0.0088607277591454,0.0076995982047013,0.020585069277506,0.0103187271634178,0.0083590983886909,0.0132000474205602,0.0061917082419042,0.0113271461293203,-0.0022297748004255,0.0079935859506707,0.4948849104859335,0.0675675675675675,0.6277533039647577,0.4740506329113924,0.253623188405797,0.4120294599018003,0.1260504201680672,0.4209677419354838,0.0,0.2169312169312169
2025-09-25,-0.00223078650752,0.0221489438524936,-0.0028281270086129,-0.0090162852954991,-0.0073559454815773,-0.0103851756344533,0.0058505048340007,0.0106695013526915,-0.0015486873548236,0.0223022490392206,0.3085714285714285,0.6562500000000001,0.35625,0.5553191489361702,0.4607142857142856,0.3695238095238095,0.1414634146341463,0.2818181818181818,,0.3687500000000001
2025-09-26,-0.0001853541823408,0.0026998998451028,-0.0063299616170415,-0.006915112257064,-0.0036086835620033,-0.012143363093418,-0.009724446057907,-0.0107540981421063,-0.0015521875061932,-0.0218688912099629,0.5971830985915494,0.4988235294117647,0.1999999999999999,0.5594594594594595,0.06,0.5140625000000001,0.3411764705882353,0.3176470588235294,0.5599999999999999,0.1861538461538461
2025-09-29,-0.0021232685028232,0.0276407414797873,-0.0074337359818146,-0.0096810636563517,-0.0070530048984477,-0.0125902886551053,-0.0004789272030651,-0.0063113630222545,-0.0015702558454894,-0.0090669186441111,0.416891891891892,0.4390624999999999,0.384251968503937,0.5008403361344538,0.2590909090909091,0.3269102990033222,0.0282608695652173,0.4527659574468086,0.0,0.2650887573964497
2025-09-30,-0.006999175511696,0.0003003396993023,-0.0162337491614833,-0.017021940395035,-0.0070888477313004,0.0029802408308516,-0.01274499800237,-0.0225837329701726,-2.341009579257906e-05,-0.0120072346423132,0.618867924528302,0.4956521739130435,0.575,0.3908045977011495,0.2457142857142857,0.1795555555555555,0.3047619047619047,0.4846153846153846,0.8,0.3525179856115108
2025-10-01,0.0071886422095156,-0.0064608609922625,0.0027660332935403,0.0029250207144392,0.0136551545778766,0.004861603323752,-0.0039255903013568,-0.009934639402202,0.003256576479953,0.0011987952255803,0.3820603907637656,0.4918294849023091,0.1518518518518518,0.0904191616766467,0.3262390670553936,0.1126159554730983,0.2023696682464455,0.082716049382716,0.6999999999999998,0.052803738317757
2025-10-02,-0.0012018910972753,-0.0098290624084011,-0.021297412790163,-0.0022647893633247,-0.0033061632496147,-0.0101790739474871,-0.0077190521100317,-0.004274574769154,-0.0031910141042823,-0.00321402453013,0.450909090909091,0.0966666666666666,0.5480000000000002,0.5122807017543859,-0.2312499999999999,0.4330188679245284,0.2368421052631579,0.505357142857143,0.0666666666666666,0.2463917525773196
2025-10-03,-0.0067924106942071,0.006907648318842,-0.0215771027014138,-0.0030036942636876,-0.0044566583031691,-0.0077950656125449,-0.0166144715753902,0.0001320098389859,0.0016420361247947,-0.0129670828283174,0.4483685220729366,0.2224489795918367,0.5006211180124224,0.5361702127659574,0.2826923076923077,0.4218527315914488,0.473469387755102,0.2125,0.0333333333333333,0.3545454545454545
2025-10-06,0.0308800014561471,0.0304642061296204,0.0518066346992603,0.0232737630550149,0.0228452939036978,0.0220602535807634,0.0204888222624067,0.0333597157378346,-0.0010794260619685,0.0156346836149554,0.3578181420286683,0.4531433880458345,0.2308943089430894,0.312121212121212,0.1445098616426258,0.4421206392851005,0.2876662636033857,0.5942735447231425,-0.1166666666666666,0.2014084507042253
2025-10-07,-0.0087534301740659,-0.0065190805989242,-0.014249376687471,-0.0053937419684203,-0.0084331631582542,-0.0010850007003088,-0.0073521875335983,-0.0155661613679719,0.0013300340241261,-0.0066806054277509,0.6785932721712539,0.3242424242424242,0.5730659025787965,0.3102564102564102,0.4778481012658227,0.3720183486238532,0.2692307692307692,0.5318840579710145,0.0499999999999999,0.3289940828402368
2025-10-08,0.0126923657111519,0.0083561849910774,0.0153339106178491,-0.0013286090734582,0.0108850020314216,0.0100378389191593,0.0052497705540311,0.0038611325081019,-0.0023440484178625,-0.0011466319875825,0.4594059405940595,0.4262582056892778,0.1052631578947368,-0.0605809128630705,0.444943820224719,0.3692118226600985,0.1554054054054054,0.223076923076923,-0.1666666666666666,0.3845360824742268
2025-10-09,0.0120873734569709,0.0258685764007913,-0.0009828764332253,-0.0036766546552689,-0.0031687349538545,0.0040395600233562,0.0092913623377984,-0.0051680988340131,-0.0046557786074648,0.0073908384251245,0.5279746057751382,0.1974358974358974,0.5021201413427562,0.5941830307521305,0.6505300353356892,0.3155774111675127,0.308,0.5261992619926199,0.3142857142857143,0.4139863803038239
2025-10-10,0.0065327750251543,0.0529790538575868,0.0126955167514665,0.0110486311090509,0.003205140151291,0.0037145782214991,-0.0043084682553373,0.0040986394541831,-0.0008925059675212,0.0066832241799591,0.572108843537415,0.7437086092715234,0.4824644549763033,0.6836363636363636,0.475,0.341159627773801,0.1282051282051282,0.5237354085603114,0.6,0.2728
2025-10-13,-0.0033608029808989,0.0350000199802688,-0.0211538229854357,-0.0169406390053893,0.0128145330544572,-0.0049061888623473,-0.0093700113952738,-0.0111726986079273,-0.0063876000113647,-0.0141796115537493,0.5561284131553694,0.622613721103654,0.6365928975810602,0.42831577611372,0.3908349197715529,0.2230470016207455,0.306896551724138,0.5421568627450981,-0.1893617021276595,0.3352045670789723
2025-10-14,-0.0138781712379193,0.0077689473205832,-0.0215222220637777,-0.0144123697009458,-0.0164032231681309,0.0036200383194002,-0.0124524518196535,0.0020823882070997,-0.0036452829393115,-0.006530296651294,0.6076923076923078,0.4996987951807229,0.6970930232558139,0.4033573141486811,0.2850202429149798,0.2989988876529476,0.3733333333333333,0.5360248447204969,0.2,0.5293413173652695
2025-10-15,-0.0028100484341169,-0.0095717275796589,0.0007046103394683,-0.0221573533084072,-0.0005609991698161,0.0094318360025732,-0.0093789013732834,0.0048941095729237,0.0095697234442156,-0.0014781985194034,0.6369565217391304,0.0519999999999999,0.0499999999999999,-0.1693877551020408,-0.3999999999999999,0.1881081081081081,0.1959183673469388,0.3742268041237114,0.1,0.2188034188034188
2025-10-16,-0.0005820916937164,0.0143815626534539,0.0097853677894319,-0.0040142274265015,0.0251397613950399,0.0271861239065609,-0.0016949152542372,-0.0078292832970198,-0.0044450978913376,-0.0019867696614975,0.3685185185185184,0.4491803278688525,0.4774193548387097,0.2692307692307692,0.4266666666666666,0.3144654088050315,0.1945205479452054,0.3999999999999999,0.7,0.2702290076335877
2025-10-17,-0.0210630738671709,-0.02357820380742,-0.0014736106471735,-0.0109477116966853,-0.0134212272632589,-0.0120896147056167,-0.0101948611717182,-0.0012535532113901,-0.0089893277969614,-0.0138687683814526,0.3907335907335907,0.5185185185185185,0.3252747252747253,0.5252525252525252,0.4748538011695907,0.4783599088838269,0.0404761904761904,0.4691358024691358,0.0,0.276078431372549
2025-10-20,-0.0562366691755529,-0.0609754514298682,-0.0685033817346084,0.0089847560446577,-0.0538657952986277,-0.0603878393633497,-0.0359102981276661,-0.048871656773122,-0.0189829157019532,-0.0480292675775691,0.4063439065108514,0.1316037735849056,0.5574912891986062,0.4157480314960629,0.1891940730032526,0.3248953059566223,0.0472589792060491,0.3238636363636363,0.1542857142857142,0.2400174876129408
2025-10-21,0.0115301857432266,0.0007791839123895,-0.0124734692068811,0.045817476041331,-0.0034015132915635,0.0219355028142581,0.0149122143489931,0.0263347347330926,0.0107769578038749,0.0167259455482715,0.401840490797546,-0.1489795918367346,0.18,0.516083916083916,0.197560975609756,0.1548717948717948,-0.2466165413533834,0.3635593220338983,,0.2253164556962025
2025-10-22,0.0066921495992036,-0.0035617574244971,0.0030226090596563,0.0071769998973499,0.0057744199911633,0.022014424105066,0.0285475603602556,0.0210423913224728,0.0222228704500483,0.0286421433429926,0.6265957446808511,0.2847651775486827,0.7274939172749393,0.2175886524822695,0.3289940828402366,0.1195230998509686,-0.0326732673267326,0.2622222222222222,0.8,0.3038674033149171
2025-10-23,-0.0067931081466463,0.0304500166384933,-0.007890220488242,-0.0210069526545914,0.0032070792745396,0.0222321448946318,0.0095787959337277,0.0239466519571189,-0.0009982733826342,0.0015755971513203,0.2811428571428571,0.16875,0.3910112359550562,-0.0382978723404255,-0.1,0.2901098901098901,0.232258064516129,0.0131868131868131,0.9,0.0042857142857142
2025-10-24,-0.0009406099795752,0.0070277314827195,-0.0135125713994095,0.0365189235160484,0.0112895401923187,0.0148117860762024,0.0002023555871356,-0.0060298939948552,-0.0046817229715624,0.0008241758241758,0.2909090909090909,0.2812499999999999,0.2235294117647059,-0.1363636363636363,0.0476190476190476,0.3469387755102041,-0.0545454545454545,0.6533333333333334,0.75,0.3625
2025-10-27,-0.013410151232122,-0.0424174840001572,0.0083921905445306,0.008387691883362,-0.007469884631325,-0.0281974405917097,-0.0047925791250155,-0.0140127147269064,0.0092476427190594,0.0102131159048267,0.4290171606864275,0.4617834394904459,0.5545454545454546,0.3743961352657005,-0.020322354590049,0.2244718309859155,0.275,0.4491803278688524,0.2799999999999999,0.2962962962962963
2025-10-28,0.0126560282448291,0.0011966148427869,0.022818080986637,0.0131431207972843,0.0044786414351657,0.0267052203419755,0.004623987867218,0.0326018160511853,0.0075046904315198,0.012101180397949,0.5028571428571429,-0.0736486486486486,-0.2571428571428572,0.405078125,0.171830985915493,0.4270742358078602,0.4399999999999999,0.5713692946058091,,0.4324723247232472
2025-10-29,0.0147810294089757,-0.0184856010587481,0.0095634085793066,-0.0026970964199897,0.0036612519865665,-0.0003140326789989,0.0104873999402247,0.025268495685103,-0.0057143063422711,0.0389367391205062,0.5871559633027523,0.5204981837052414,0.8502673796791445,0.3084522502744237,0.6785185185185185,0.2141802067946824,0.1777777777777777,0.7277777777777779,-0.25,0.3075268817204301
2025-10-30,-0.0028072218567954,-0.0054385905305518,-0.0173583287926729,0.0411145242990833,-0.0022937184558416,0.0031552848266319,-0.0055507636151865,0.0099950733299878,-0.0091330567368376,0.0048397112321868,0.5864406779661017,0.5360501567398118,0.6356275303643725,0.3534883720930232,0.527027027027027,0.289568345323741,0.4888888888888889,0.5570698466780238,0.8,0.1857142857142857
2025-10-31,-0.0112440898539886,-0.0404061513351593,0.0006107911875694,0.0263669607769302,0.0052195863179136,-0.0117156472795272,0.033691863181438,-0.0152186475645711,0.0106605351170567,-0.0071972931798638,0.6382978723404256,0.796137339055794,0.55,0.4661290322580645,0.1172069825436409,0.4467005076142132,0.125,0.6346153846153846,0.0,0.41625
2025-11-03,-0.0077939391590992,-0.0130316548776638,-0.0039859083465946,-0.0180081421590982,-0.0092854740086719,-0.0103779520027053,0.0047570113520201,0.0072603485655796,-0.0068382027810519,-0.0148879868343606,0.2539007092198581,0.417557251908397,0.2839506172839506,0.3441048034934498,0.275098814229249,0.1763440860215054,0.1221719457013574,0.6128205128205128,0.8,0.2121428571428571
2025-11-04,0.0216528049502839,0.0280585704674374,0.0291278009484673,-0.0146168016786283,0.0126117221366039,-0.0033408505165073,0.004911821040673,-0.0120376388781396,-0.0121930055178414,0.0092198581560283,0.3724719101123596,0.2059405940594059,0.731400966183575,0.1614349775784753,0.3356756756756757,0.4143051771117166,0.1018867924528302,0.3250361794500724,0.54,0.2525773195876289
2025-11-05,0.0196057299826946,0.015945649896364,-0.0035382384505245,-0.0072172022557714,0.0045431758336513,-0.007506168280687,0.0431999936686979,-0.0061917076499012,0.0072881244787276,0.0107982265979786,0.3594771241830065,0.3004484304932735,1.0,0.7060439560439561,0.2468619246861924,0.2768924302788845,0.180722891566265,0.44,1.0,0.0557692307692307
2025-11-06,-0.0054085213009779,-0.0062243717737447,-0.0082233398415414,-0.0006458506038832,-0.0061949241843109,-0.0130720862486033,-0.0028291871869814,0.0139412164900934,0.0061279601163273,-0.0086707560041488,0.5643265031911319,0.6551794453507341,0.3165829145728643,0.6981465136804944,0.0357446808510638,0.2305882352941176,0.2789373814041746,0.4,-0.7444444444444446,0.028
2025-11-07,-0.0278901700299906,-0.048706258683811,-0.0047246814048803,0.0102144607174253,-0.0111516144367992,-0.0275806837226716,-0.002900095382631,-0.0321023216717358,-0.0147980502075862,-0.0204328757758379,0.5323076923076924,0.4621513944223107,0.0566037735849056,0.4312796208530806,-0.114516129032258,0.3894878706199461,0.1574074074074074,0.6685714285714287,0.6666666666666666,0.3191919191919192
2025-11-10,-0.0105277492106951,-0.037599724262559,-0.0020110258063079,-0.0244796979668594,-0.0076174205803553,0.0010882618709375,-0.0099894011658717,-0.0155335642666743,0.005196022261609,-0.0103926775107979,0.363851203501094,0.1895330938943047,0.3266247379454927,0.039847836424156,0.2134852359916298,0.3204152249134948,-0.0225250501002003,0.521239744758432,-0.08,0.3151873767258382
2025-11-11,0.0093592580181793,0.0126381586472433,0.0050242127176378,-0.0107319154371943,0.0265797146781388,0.0197443236137391,-0.0047222912657582,0.0009161002814508,-0.0053430767119527,0.0009411415329643,0.59070796460177,0.4385964912280702,0.1578947368421053,0.328125,0.2560240963855422,0.3864734299516907,0.3263888888888888,0.5913043478260869,0.8,0.2896551724137931
2025-11-12,0.010488291719784,0.0549237204315661,0.0221363609693129,0.0282829542686767,0.0103871957831627,0.0189128502917958,0.0066461939492259,0.0155115560480305,0.0053505080828533,0.018240036918626,0.5175438596491228,0.5677083333333331,0.1704545454545454,0.7252747252747253,0.3342981186685962,0.2054433713784021,0.3495145631067962,0.3981693363844393,-0.4,0.0246575342465753
2025-11-13,-0.00030911877962,0.0027496873879953,-0.0095475169675282,0.0070320010234479,0.0135099939363418,-0.0056398388847588,0.0329985070875551,0.0247797718546961,-0.0028253014075357,0.018585050623087,0.5243243243243243,0.6824966078697422,0.4080459770114943,0.40234375,0.3751568381430363,0.3103448275862069,0.2489361702127659,0.4896907216494846,0.0,0.3412500000000001
2025-11-14,-0.0004399642591692,0.0242745746974967,0.0063068440589202,-0.0026381680699725,-0.0009425230972779,0.0088842218303503,0.006489841318476,-0.0040112085673237,-0.0007440223902123,0.0151441603983678,0.3454545454545455,0.5977011494252874,0.5126760563380282,0.710810810810811,0.1413333333333333,0.3061224489795918,0.3758620689655172,0.6425531914893617,0.08,-0.2333333333333333
2025-11-17,0.0035766215096283,0.0358921297550329,0.0119199913022305,0.0052255824659129,0.0046444295360274,0.0263012195521029,0.0029939382750239,0.0073868344494237,-0.0041675349031047,0.0073627183326204,0.6375384615384616,0.5288667141838918,0.3163841807909605,0.4078104993597951,-0.0771306498763211,0.2686422152052465,0.4384133611691023,0.592896174863388,0.3365853658536585,0.1844331641285956
2025-11-18,0.0021333365565047,0.0280109042430899,0.0044776645593419,-0.0032496028644121,-0.0107791856910169,0.0177560400100687,-0.0114905253648049,0.0033820558189813,8.724975414187153e-05,0.0003525557861889,0.5249999999999999,0.3237410071942446,0.546875,0.3812824956672443,0.1146616541353383,0.3052631578947368,0.4,0.5982142857142857,0.5142857142857143,0.0336842105263157
2025-11-19,-0.0057804249131708,-0.0036698302823649,0.0003716557906258,-0.0212337569217623,-0.0011654311939635,-0.0128528739451363,-0.0008975222518249,-0.0031734122411526,-0.01271313056741,-0.000210177003121,0.5979557069846678,0.3450400492914356,0.7000000000000001,0.2072552680714857,0.5762897914379802,0.3254552499031383,0.0,0.6528301886792451,,0.2888252148997134
2025-11-20,-0.0030141765504219,0.0027699641420036,-0.0160864982160505,-0.0051574072568137,-0.0019733148558895,-0.0043536091479845,-0.0034177500610037,-0.008362752784592,-0.0003413202266366,-0.0038641034084544,0.5954545454545455,0.6478260869565218,0.1016597510373444,0.3348214285714286,0.1003584229390681,0.3792298716452742,0.3777777777777777,0.7489361702127659,-0.0999999999999999,0.2476635514018691
2025-11-21,-0.0052847560686696,0.0142603386968167,-0.0041128437272807,-0.002635254305244,-0.0111808214798011,-0.0029924910033057,-0.009277692364045,-0.0050924850162425,-0.0108248414129788,-0.0038127116035703,0.6507042253521128,0.9656441717791412,0.4851385390428211,0.3908990011098779,0.264406779661017,0.5382103200522536,0.3136186770428015,0.4399999999999999,,0.2052590873936581
2025-11-24,-0.0026852328617458,0.0342261978073248,-0.0094817580654688,0.0019668274594973,0.0145873690786062,-0.008803059639263,-0.005828362689279,-0.0195887706006867,0.012526654930747,0.0004456295089061,0.1825633383010432,0.5092556634304207,0.5121540312876054,0.3035789473684211,0.1143056524773203,0.2536470588235294,0.0,0.591304347826087,0.3,0.270785762256548
2025-11-25,-0.013708014121265,-0.006123377585271,-0.0123627349366655,-0.0223888562642644,-0.0080902536372589,-0.0064331192870021,-0.0051875623552246,-0.0144331699021343,-0.004190956166618,-0.0208531597508612,0.3199999999999999,0.4101123595505618,1.0,0.396414342629482,0.31055900621118,0.3766233766233766,0.208,0.4090909090909091,0.675,0.123076923076923
2025-11-26,0.0079005053073356,0.0055747420549289,0.0155982975012068,0.0091434814936265,0.0131906836627996,0.0057096364258482,0.0159056902772535,0.0141368194488898,0.005755061044867,0.0118432792185859,0.3559718969555034,0.562429696287964,-0.021505376344086,0.0456852791878172,0.2334047109207709,0.5964912280701754,0.2452173913043478,0.6722454672245467,-0.25,0.5655737704918034
2025-11-27,0.0002482999613299,-0.0086969401109366,-0.0075609911337176,-0.0031974956172406,-0.0054470849295266,0.0159744495898906,0.0036626384946092,-0.0054899516575469,9.85675887735793e-05,0.0019174581349773,0.776978417266187,0.0993788819875776,0.7297297297297297,0.3412698412698412,0.0419161676646706,0.2547770700636942,0.2844036697247706,0.6679536679536678,0.0,0.3279999999999999
2025-11-28,-0.0059413325346762,0.0169844029251786,-0.0100490863053258,-0.0121631236260623,0.006101478630819,-0.0008534090159494,0.0114452883100548,0.0019879135847792,0.0092591071014484,-0.0040132200188857,0.7214285714285715,0.3111111111111111,0.2133333333333333,0.163265306122449,0.6799999999999999,0.0954545454545454,0.2736842105263158,0.4787878787878787,,0.2937499999999999
2025-12-01,-0.0046837968981473,0.0200330697367489,-0.0087863616158622,0.0031046238855875,0.0294355605772801,0.0018773748057715,0.0071733100384939,0.0005993280089205,0.0222075867102734,-0.0064864443169855,0.4992967651195499,0.5099285146942019,0.5487804878048781,0.4102844638949671,0.2558581380620646,0.3388489208633093,0.1926605504587155,0.4939024390243902,0.1,0.3735999999999999
2025-12-02,0.0041219363742754,0.0119564169166774,-0.0011454753722795,-0.0088957034586183,0.0228049913850801,-0.0038368177903061,0.0125729196544298,0.0013060330463148,0.0086771567129522,-0.0070120679928377,0.3526927138331573,0.587516960651289,0.0210526315789473,0.3444108761329305,0.6599690880989181,0.3614035087719298,0.1831325301204819,0.8421052631578947,0.45,-0.0473684210526315
2025-12-03,0.0415873424459242,-0.0034086849669761,0.0100756382811427,0.0118911324831495,0.0032328589591119,0.0312242574821789,-0.0148845620987725,0.0071482745544178,-0.0040776933729077,0.0096523903340696,0.6253333333333333,0.6185344827586207,0.0754716981132075,0.384393063583815,-0.0138339920948616,0.6117936117936118,0.1470588235294117,0.7695312500000001,1.0,0.4992846924177396
2025-12-04,-0.0017562346329469,-0.007960649333635,0.0142371651087924,0.0008967369436052,-0.0155049602490795,-0.0048418092695402,0.0123619982108786,-0.0020407937238503,0.0016304901661061,0.0037352762248748,0.5965996908809892,0.4708276797829037,0.2599999999999999,0.1991614255765198,0.7058823529411765,0.2099827882960412,0.3999999999999999,0.5272727272727272,,0.1848484848484848
2025-12-05,-0.0100104024435194,0.0255677931727768,-0.011599672931462,-0.0099210899183723,-0.0143296695633983,-0.0013820079907319,-0.0166591491873456,-0.0206703986078593,0.000419178547675,-0.0011870234986548,0.3939393939393939,0.785234899328859,0.6610169491525423,-0.2637362637362637,0.2679425837320575,0.5486348122866894,0.256,0.8434782608695653,0.0,0.386046511627907
2025-12-08,-0.007643294397334,0.0290791699593918,-0.013451411900497,-0.0091758346742009,0.0220168563688291,-0.0168496462086349,0.0207175787981268,-0.0151831304759245,-0.0090435516167423,-0.0097527225452222,0.4648,0.4674698795180723,0.3809523809523809,0.4697674418604652,0.2263736263736263,0.3788617886178861,-0.0371134020618556,0.5045454545454546,0.2799999999999999,0.5047210300429186
2025-12-09,-0.0063843642034365,0.0027433726830004,-0.0064221635801602,-0.0002546054942652,-0.0084560601663375,-0.0146582506842569,-0.0349204919864637,-0.0052374244775601,-0.0086824851685514,-0.0139938623380794,0.4412213740458016,0.6583700440528634,0.3992327365728899,0.4055469953775039,0.5090909090909091,0.3397966101694915,0.6929765886287627,0.8454106280193238,0.7,0.3489361702127659
2025-12-10,0.0060485750572135,-0.0357302936630602,0.0008893691074275,-0.0067785651117053,-0.0080861106025642,-0.0043566003996222,-0.0036833150495692,-0.0033060657012098,-0.0073945284340662,0.0120718238518623,0.4076555023923446,0.4410256410256409,0.5608695652173913,0.4324675324675325,0.263448275862069,0.1947368421052631,0.2127659574468085,0.724731182795699,-0.3333333333333333,0.3142857142857143
2025-12-11,-0.0069771788972415,-0.0162300384214657,-0.0023150524932421,0.0027548625275614,-0.0071554533384605,-0.0063523102683981,-0.0059741436520089,-0.0001685349340528,0.0064952039254738,-0.0085583226147935,0.5248380129589634,0.4844192634560907,0.397497593840231,0.4525139664804469,0.2287723093564088,0.328440366972477,0.032258064516129,0.5010141987829615,0.0,0.0508108108108108
2025-12-12,-0.0139975059186751,-0.0508630534531939,-0.0483732089941253,-0.0227510653598694,-0.0330613036384745,-0.0251769955773667,-0.0285700683222787,-0.0250373372484633,-0.0087749012666522,-0.0321562067544302,0.4008810572687225,0.1014492753623188,0.32,0.3095238095238096,0.1029411764705882,0.4642201834862386,0.2162162162162162,0.4393063583815029,,0.4
2025-12-15,0.0013847675568744,-0.0095528982782532,0.0031595576619272,-0.0071956330873013,0.0132168598209951,-0.0060867399033944,0.0148149926297984,0.0056544080042673,-0.0006573300056916,0.0144652095871607,0.4706413730803975,0.2735042735042735,0.186219739292365,0.2908296943231441,0.0762910798122065,0.3764007910349374,0.2408759124087591,0.4922558922558923,-0.5,0.3574468085106383
2025-12-16,0.0130044722143172,0.0151784818662511,0.0258162950460008,0.0135394151244685,0.0243465989519395,0.0403940165239168,0.0394839518949146,0.0129744842491185,0.0066433461843341,0.01715183339731,0.1673306772908366,-0.0832137733142037,-0.2318840579710145,0.2680851063829787,0.3383297644539614,0.4847908745247148,0.5609756097560975,0.4072727272727273,1.0,0.2649350649350649
2025-12-17,-0.0012365722082273,-0.007470797676307,-0.0070458137378105,0.0078048634920782,-0.0192918175399692,-0.0032873717145915,0.0100131233900685,0.0006669071840121,0.0014839426435929,-0.0027905228720999,0.550559284116331,0.5908309455587392,-0.0066115702479338,0.305982905982906,-0.0863741339491917,0.5957219251336898,0.6017241379310345,0.8714285714285714,0.3333333333333333,0.4192771084337349
2025-12-18,-0.0027239462182832,-0.0004665267086541,-0.0031486786567898,-0.0117844006579347,0.0059473747481044,0.0011640498495112,0.0047988622117902,-0.0035208232546432,-0.0035239407164987,0.0093546770130132,0.4125,0.5377777777777778,-0.336,0.3775280898876405,0.7263157894736842,0.4136842105263158,0.0566037735849056,0.6298642533936653,1.0,0.5482758620689655
2025-12-19,0.0024947406678752,0.0515779325098849,0.0103050488243714,-0.0037193411048245,0.0053239230659779,0.0050598996871422,0.0103227132766274,-0.0029363469617396,0.0029764561114935,0.0022211486127781,0.5821917808219179,0.6642335766423357,0.1125,0.4493006993006992,0.1496259351620948,0.3214285714285714,0.192,0.861842105263158,0.85,0.482258064516129
2025-12-22,0.0147036158151918,0.0414901178453104,0.0122458439161909,0.0050171230162356,-0.0039615333624661,0.0163558026160341,0.0147025635504149,0.015927158390889,0.0084588070008111,0.014349907419952,0.5518072289156628,0.5476923076923078,0.5764705882352942,0.5596330275229359,0.3341463414634146,0.2143920595533499,0.2242424242424242,0.7396825396825396,0.3333333333333333,0.4692857142857143
2025-12-23,-0.0083877516156242,0.0380013251402185,-0.0105578147665054,-0.002736669421291,-0.0033510944721636,0.0022971365516852,-0.0025499139298155,0.0020193644302038,0.0041011572604389,-0.000768547483935,0.448936170212766,0.3806451612903226,0.5150375939849624,0.416289592760181,0.0641592920353982,0.3795379537953795,0.1944444444444444,0.638888888888889,0.0,0.4536585365853658
2025-12-24,0.0051790895276612,0.0213966779693808,0.0008925852533871,-0.0070925034821231,-0.0102195665168391,0.0121286740756498,0.0023018439779071,-0.000882164580557,-0.001331271238441,-0.0034591699974622,0.398780487804878,0.5630434782608695,-0.0105263157894736,0.5704918032786885,0.25,0.4097560975609756,0.35,0.4966666666666666,0.5,0.2885714285714286
2025-12-25,0.0012333406433302,-0.0486569404825235,-0.0060743380796164,-0.009326763098551,-0.0046859157863937,-0.0123275228450383,0.0008040557974983,-0.000740511543515,-0.0007291888819972,-0.0024391372077155,0.48,0.4709677419354839,0.5,0.5391304347826087,0.2411764705882352,0.3649999999999999,0.48,0.10625,-0.4,0.3147058823529411
2025-12-26,0.001837346484866,-0.0199444666587217,0.0161004378894501,-0.0017762475346931,0.0005196885917982,0.0009663027620423,0.02172244380688,-0.0161341978266053,-0.0051883125859751,0.0047834554876808,0.2857142857142857,-0.0424528301886792,0.7142857142857143,0.707641196013289,0.2111111111111111,0.3271028037383178,0.4137931034482759,0.5882352941176471,0.7,0.3145161290322581
2025-12-29,0.0009617234083478,0.0558947760934869,-0.0015478886437515,0.0136813634848514,0.0044170630051484,0.0097582860740506,0.0446899977213387,0.0093011067794485,0.0054840292103611,0.0093491200828157,0.504424778761062,0.3482616381850324,0.2265193370165746,0.3271461716937354,-0.0222222222222222,0.5011990407673861,0.350375939849624,0.4524271844660193,0.2,0.2484342379958246
2025-12-30,0.0096898428627085,0.00047403148954,-0.0130113355391285,0.0169711897176279,0.0100577180195788,0.0039728182437778,-0.0083225004440162,-0.0013271736062782,0.0118648735034994,-0.0063817326641003,0.4291891891891892,0.9454545454545454,0.0064516129032258,0.6715596330275231,0.2170212765957447,0.26875,0.6313253012048192,0.8736842105263157,1.0,0.3012345679012345
2025-12-31,-0.0021562972376338,0.018790810731737,-0.0079599186319227,0.0013613807276459,-0.0067914883546718,-0.0046995793051319,-0.0164947704290484,-0.0092647598293846,0.0130443349107325,-0.0043692712034274,0.4265232974910394,0.6699629171817058,0.4344262295081967,0.2169312169312169,0.0678571428571428,0.5035971223021583,0.183673469387755,0.5121951219512195,0.6,0.5882352941176471
2026-01-05,-0.0084611313352163,0.0299925728911382,-0.0186544312080103,-0.0074370795001692,-0.0119297024606479,0.0244031944429727,0.0412918512376648,-0.002564095455455,-0.0035067436966061,-0.0023979042849528,0.5374878286270692,0.5871559633027523,0.4909596662030598,0.3337988826815642,0.3377851975514746,0.2877372702621272,0.5770282588878761,0.6717171717171717,0.5,0.3346153846153846
2026-01-06,0.0115559517717685,0.0231289320489727,-0.0031093245378959,-0.0058470900805191,-0.0001492461345025,0.0100178104426196,0.0514874632235029,-0.0051077094710933,-0.0002981443835771,0.0109734408923944,0.126,0.440655737704918,0.4666666666666667,0.2103626943005181,0.156198347107438,0.4108108108108108,-0.0289256198347107,0.2947368421052632,0.9,0.2137931034482758
2026-01-07,0.0425335509505705,0.025717090846825,0.0305920343153753,0.0564696631825543,0.0132774137352582,0.0228561585670551,0.0506822492185797,0.0351340489801662,0.0051560421720736,0.0293022216473219,0.3527896995708154,0.0694736842105263,0.8117647058823529,0.3575289575289576,0.3208163265306123,0.5015197568389058,0.5169811320754717,0.6476190476190476,1.0,0.4996825396825397
2026-01-08,0.0466289803884818,-0.0252255546276292,-0.0059357976252171,0.0009860364235378,0.0052640201109664,-0.017605130836062,0.0165275619441818,0.0041990583995176,0.0006485084306095,0.0075038838754499,0.4641555285540705,0.4636015325670497,0.5371900826446282,0.4636015325670498,-0.3944444444444444,0.1790575916230366,0.8436724565756825,0.4896551724137931,1.0,0.5611940298507463
2026-01-09,0.0680384808159956,-0.0178303561006299,-0.0090073070140717,0.0675470518247794,-0.009548991569216,0.0007501598351921,0.022183495244333,0.0069773082509168,0.0005583472920155,-0.0016120986561867,0.3901060070671379,0.4682926829268293,0.3214953271028037,0.1402061855670103,-0.138252427184466,0.0314529914529914,0.3453124999999999,0.5526315789473685,1.0,0.1526104417670682
2026-01-12,0.0523195209370383,-0.0397800319698969,0.0486316529215029,0.0415506845507005,0.0187598711134106,0.0199409257760066,-0.0174378904105263,0.0161968532638275,0.0040806083796387,-0.0030411877394636,0.5758389261744967,0.7087499999999999,0.7714285714285714,0.2974729241877256,-0.1312320916905444,0.262240663900415,0.3540816326530612,0.4686567164179104,0.1555555555555555,0.2301158301158301
2026-01-13,0.016178820222937,0.0168832649421787,-0.0062923188939263,0.0080785886549919,0.0288481914498714,-0.004368094786405,0.0691300974485814,-0.0045346975148768,0.0050446255335661,0.0343226068953765,0.6813509544787079,0.6849073256840248,0.3389232127096204,0.7374999999999999,-0.3398773006134969,0.3798335780714635,0.6810126582278482,0.7272727272727272,,0.3047619047619048
2026-01-14,0.0331015166378699,-0.030493433799744,0.0042693515393095,0.0571829471388824,0.051873395712598,-0.0037781760154439,0.0266139902306852,0.0315354433925955,0.0046933109788442,-0.0027946382857937,0.4855284552845528,0.4913333333333333,0.7999999999999999,0.3265822784810127,0.5429411764705883,0.1618025751072961,0.4895027624309391,0.6549295774647887,0.4,0.6600000000000001
2026-01-15,-0.0528813804833104,-0.0341164237275139,0.0303548677599854,0.035595947138112,0.0117195005473471,-0.0160368779767532,0.002915982394586,0.0087270475248032,0.0147551801416212,-0.003433575913242,0.2730318257956449,0.3896457765667575,0.4888888888888889,0.6618705035971222,0.2806484295845998,0.2520231213872832,0.3421052631578948,0.6614349775784754,0.7,0.2409356725146199
2026-01-16,0.0043892840843259,0.0328636399312383,-0.005861365953109,0.032047816893229,-0.0062128709968473,0.055513634179786,-0.0107921333843273,-0.0048713647101619,0.0064218377226506,0.0075032826861751,0.4076433121019108,0.4853801169590643,-0.0526315789473684,0.352760736196319,0.0138888888888889,0.5128205128205129,-0.5714285714285715,0.1503496503496503,0.7,0.1076923076923076
2026-01-19,0.0078713983418767,0.004333141580061,-0.0042327656342992,0.011073845755721,-0.0090049514771283,0.0201124733164127,0.0477359408815854,-0.0077181619516094,0.0024341179965784,-0.0040059114853684,0.4726077428780131,0.4167073766487543,0.1906354515050167,0.5173514160351018,-0.1394799054373522,0.2580706060033981,0.3539867953275775,0.3403141361256545,1.0,0.2878661087866109
2026-01-20,0.0084923742465472,-0.0126576793032356,-0.012690963419967,0.0161024484869546,0.0202108888278742,-0.0040330320090752,0.007176297535633,0.0563140307027063,-0.0129390811999281,-0.0001844107085799,0.4891566265060241,0.61875,0.2736842105263157,0.7377049180327868,0.2378378378378378,0.5783333333333334,0.1929824561403508,0.8071428571428573,,0.6833333333333335
2026-01-21,0.0001863672038622,-0.0052514042076383,-0.0206668834816926,0.0013717094390518,-0.025322227957194,-0.0157663855795046,0.0327458337424556,-0.006724153662062,-0.0062103618387237,0.0070108881050451,0.5522388059701493,0.9,0.5076923076923078,0.5328,0.2744186046511628,0.36,0.2054794520547945,0.6625,,0.3147540983606557
2026-01-22,-0.0170888836382368,0.0001438480530966,0.0132817298364156,-0.0319339687610898,0.0028402135057049,-0.0003862968286837,-0.0377130688063895,-0.0034013431371753,0.00064415513968,0.0125021916607549,0.4864516129032258,0.0254545454545454,0.7368421052631579,0.21875,-0.210958904109589,0.396969696969697,0.1526315789473684,0.3183098591549296,0.78,-0.0217391304347826
2026-01-23,-0.0263855906109162,0.006604678669441,-0.009608951320628,-0.0472220480782829,-0.0297014531524119,0.0089863389470111,-0.0411339207008415,-0.0200236819745867,8.90686680437014e-05,-0.0261609974334394,0.2664092664092664,0.5148514851485149,0.0424242424242424,0.3678861788617886,0.1698924731182795,0.2560386473429952,0.2,0.5876777251184834,1.0,0.3889655172413793
2026-01-26,0.0091458834889023,-0.0383725124795709,-0.0256101409544144,0.0050023737253123,-0.0041296201180571,-0.0045411889105782,0.0353817831145522,-0.0636701096416393,-0.0032080534634157,-0.0035140124529858,0.357006975269499,0.2655654383735705,0.3952380952380952,0.3144444444444444,0.0481586402266289,0.2985754985754985,0.0118110236220472,0.4549600912200684,0.5111111111111111,0.3379537953795379
2026-01-27,0.0058665103506451,-0.0545179898139253,0.0018455423055082,0.0225673353237956,-0.0012161510172505,0.0084743693564206,0.0691406212987266,-0.0014494952334524,-0.0001378515503421,0.0115475515220268,0.3347921225382932,0.1911357340720221,-0.65,0.5594855305466238,-0.0760368663594469,0.2939560439560439,0.4024390243902439,0.5447570332480818,0.0,0.4304347826086956
2026-01-28,-0.0078734756615627,-0.0273955850648267,0.0161826163759253,-0.0003598245996614,0.0081322953956315,0.0002778144626184,0.0105262426672227,0.0058135538856305,0.0069267215691678,-0.0116977705769154,0.5555555555555557,0.2808955223880597,0.4652173913043477,0.1415384615384615,-0.0795801526717557,0.5075971731448764,0.1807228915662651,0.5139534883720931,0.8,0.3951219512195122
2026-01-29,8.453571986610786e-05,0.0155543251967765,0.0093528369005861,0.0061968478001005,0.0452613490195554,0.0611708802173818,-0.0156514615041539,0.0105968674701704,0.0001058662348984,-0.0098554518237818,0.2716417910447761,0.1806451612903225,0.1692307692307692,0.1494252873563218,0.188785046728972,0.3904761904761904,0.6222222222222222,0.4647058823529413,,0.3702127659574468
2026-01-30,0.0200765359213338,0.0201982447461477,-0.0089394694747737,-0.0018750432557424,-0.0054194225889366,0.0278288605568344,0.0186266557906424,0.0186001503753289,0.0023847323095925,0.009843963997077,0.5880551301684533,0.609271523178808,0.5733788395904437,0.4327868852459016,-0.2065727699530516,0.2596348884381339,0.2239999999999999,0.6123456790123457,-1.0,0.7411764705882353
2026-02-02,0.0167410930563622,-0.0503926287981773,-0.0169858798253971,0.0265967630087849,0.0086660722412623,0.0028938080720089,0.0271598723217109,0.0067466277337447,-0.0012482057043,0.0154188678168523,0.3222222222222222,0.554074074074074,0.6388888888888888,0.5111111111111111,0.2127272727272727,0.4956719817767652,0.0028776978417266,0.55,0.3333333333333333,0.2376306620209059
2026-02-03,-0.0010824573648603,-0.0043882745304546,0.0046166738517775,0.0132179021275448,0.0100967226059516,0.0201191750733256,0.0008413379859459,0.0396868350451587,0.0001863938761209,0.0051802086500051,0.44243301955105,0.4805914972273567,-0.1903765690376569,0.6005154639175257,-0.0809248554913294,0.383845126835781,0.148829431438127,0.6540540540540541,0.0,0.115112540192926
2026-02-04,-0.0122811633829263,-0.0515807635464603,0.0475681078929107,-0.0160122268565292,-0.0050595881290879,0.00025956284153,0.0016393655240392,-0.0011257672536283,-0.0014840051509114,0.0085765255792915,0.2884480746791132,0.4664788732394366,0.4846905537459283,0.1641693811074918,0.168610816542948,-0.0145,-0.0283870967741935,0.3006060606060605,0.0,0.1039443155452436
2026-02-05,-0.0291775288120496,0.0411723958872588,-0.0213555523007123,-0.0475428652706216,-0.0370517046259352,-0.0304195379334552,-0.0248845878802429,-0.0279448193637353,-0.0030246053369972,-0.0121394972640139,0.2,0.2295719844357976,0.4605504587155964,0.2906077348066298,-0.0048387096774193,0.4017761989342807,0.0826347305389221,0.5174603174603174,0.4,0.4096463022508039
2026-02-06,-0.027072489936385,-0.0021102318893597,-0.0343573774840453,-0.0308513211648405,-0.0140198193034586,-0.0276062326202899,-0.0003594830724427,-0.0073298414670507,-0.0020534247509082,-0.0206973871834696,0.2048780487804878,0.1904761904761905,0.3783783783783784,0.3529411764705882,0.2193548387096774,0.2990825688073395,-0.091089108910891,0.4693877551020409,1.0,0.2564102564102564
2026-02-09,-0.0083236943043317,-0.0052482237212784,-0.0006664458022586,0.0001342507747044,0.0071775966440441,0.0075474425015379,0.0154703633420774,0.0008807433482183,0.0051398262976423,0.0017659677390335,0.0515873015873015,0.36875,0.1641791044776119,0.3577777777777778,-0.0999999999999999,0.3013698630136986,0.2517857142857143,0.4377358490566038,-0.425,0.226
2026-02-10,-0.0327792349809481,0.0479405811227741,-0.0036311310467325,-0.0330764021671154,-0.0191202470973792,-0.0232862375719518,-0.0615359140942513,-0.0044118126315156,-0.0056775496583362,-0.0191320281564347,0.1285714285714286,0.8461538461538461,0.7375,0.2476190476190475,0.1,0.0059701492537313,0.0571428571428571,0.5459459459459459,,0.5473684210526316
2026-02-11,0.0254111092819557,0.0412067296823777,0.0116387446520824,0.0083247386194683,0.0110437112114858,0.0312906688602538,-0.0261046410609333,0.0133694854926165,0.0115577739224375,0.0148901712137781,0.3384064458370635,0.8366533864541832,0.3206106870229007,0.1865546218487395,-0.2216494845360825,0.3087378640776699,-0.1111111111111111,0.528,,0.2461538461538461
2026-02-12,-0.0081884906138285,0.0414678296422666,0.000556250869142,0.0041682508004098,0.0001862810597581,0.0123771407247673,0.0036715761573446,0.0130326362300851,-0.0066378055213805,0.00545539464763,0.4619015509103168,0.6757894736842105,1.0,0.0501043841336116,-0.091743119266055,0.4337926902336728,0.4054054054054054,0.4417177914110429,-0.2666666666666666,0.2666666666666666
2026-02-13,0.0017637150181304,-0.0056490687822403,-0.0027775463927068,-0.0175854165929809,0.0003955634729594,0.0031858366951081,0.012662191626892,0.0058074134120334,-0.0035311161293985,0.0028348907178377,0.5775061124694376,0.7202072538860104,1.0,0.2173913043478261,-0.1264516129032258,0.5169117647058824,0.5222748815165876,0.4691689008042895,-0.6666666666666666,0.1089108910891089
2026-02-23,0.0268848840858845,0.0125166017379997,0.0255645634807459,0.0433827374464929,0.0127838272336671,0.0056205206220419,0.0693425383354263,0.0193940224144173,0.0078212398022755,0.0170134764220966,0.4779913205207688,0.2797481636935991,0.4570765661252899,0.4134724427307779,0.3733430444282592,0.2464521287227663,0.3235213954756065,0.5660315012666594,-0.1999999999999999,0.3217530732228754
2026-02-24,-0.0137255486066123,0.0021391026508018,0.0300367901013456,-0.0155657385246812,0.0049120047716345,0.004792761183477,0.0226821809746617,0.0291708178799153,0.00131842446054,0.0106384073065965,0.4724409448818898,0.037037037037037,0.8857142857142857,0.0055248618784529,0.2297297297297297,0.5590128755364807,0.7670807453416147,0.770909090909091,0.5,0.2148936170212766
2026-02-25,0.001357405659739,-0.0245622243506121,0.0190428486200318,-0.0140013934672958,0.0102644662628109,0.0007665186985003,-0.0033836733007401,0.0064227645086138,-0.0024853441162621,0.0086158350944695,0.3987577639751553,0.1636363636363636,0.3283018867924528,-0.0186666666666666,0.6842105263157895,0.3701754385964912,0.4,0.2975609756097561,,0.1714285714285714
2026-02-26,0.0012012899230191,0.0234560451331639,-0.0017609561849607,-0.0051572531602894,-0.0081184173394069,0.0079704548333294,-0.0076988337071359,-0.0120439694276492,0.001082251082251,-0.0059471201422414,0.5124653739612188,0.3006993006993007,0.6556016597510373,-0.0816326530612244,0.0888888888888888,0.4747663551401869,-0.1565836298932384,0.4634146341463415,0.6,0.0699999999999999
2026-02-27,-0.0084385118012948,-0.0006231612077465,-0.0162565978980147,0.0047138025920485,-0.0218691766307368,-0.0077632804335066,0.0184234778874865,0.0180691323737123,-0.0036873664131982,0.0091109599828108,0.5658103689864549,0.5790306627101879,0.542273307790549,0.3745200698080279,0.0421719457013573,0.1333615221987314,-0.0530755711775044,0.34643391521197,0.9,0.504
2026-03-02,-0.0412623239116959,-0.0513827451618149,-0.0168039235071547,-0.0497838048754678,-0.0186196496676458,-0.0202734078972752,0.0695839557345116,-0.0037256310643912,0.0013422206692094,0.0503242151073984,0.2463939765661351,0.4099449181317437,0.2214817718541748,0.3351841181708658,0.2427489251347846,0.2665358194308145,0.1534694273384086,0.2513935911904518,-0.7058823529411765,0.1701375245579568
2026-03-03,-0.0276879349231268,-0.0480841616563247,-0.0179492577546388,-0.0205888287166636,-0.0304501132684322,-0.0321906764808972,0.0691967489446919,0.0207216379304365,-0.0010752688172043,0.0224405950320069,0.5379644588045235,0.4954545454545455,-0.0533578656853725,0.14375,0.35,0.6561418685121108,-0.375206611570248,0.1432865731462926,,0.1891174518911745
2026-03-04,0.0280173526320664,-0.0125106532460715,-0.0161217641418983,-0.0277301478186644,0.0035441563377709,-0.0003934383906345,0.037889545581039,-0.0309525483354472,-0.0035068079260575,-0.0314143448584536,0.442008486562942,0.4999999999999999,0.2058823529411764,0.2692307692307693,0.0781710914454277,0.3874999999999999,-0.1289062499999999,-0.1257861635220126,0.24,0.3096330275229357
2026-03-05,-0.0133262923017642,0.0263303576341348,-0.0153815353129402,-0.001887948011366,-0.0143057495675091,-0.0269957302215366,-0.0666085595552111,-0.0188508981230555,0.001614109649012,-0.0092618016072346,0.2707964601769911,0.2675675675675675,-0.0260869565217391,-0.0146341463414634,0.3166666666666667,0.4475,-0.0217821782178217,0.1900990099009901,0.2666666666666666,0.3686567164179105
2026-03-06,-0.0162151639516771,-0.0138950654270939,-0.0091126239721596,-0.0338988886539488,-0.0134669377526439,-0.0231460282780977,-0.0346794319431427,-0.0026767502668103,-0.0044532524044045,-0.0275499004507554,0.5,0.3745019920318725,0.8720000000000002,0.167420814479638,0.6228070175438597,0.3037225042301185,-0.1057884231536926,0.021875,,0.0
2026-03-09,-0.0691759444022133,-0.0683427416848506,-0.0688597190868516,-0.0884431687923885,-0.0691691338589551,-0.0694087660827877,-0.068402586516177,-0.0880518211850273,-0.0185836623708142,-0.0689355447244912,0.4155653450807636,0.0642857142857143,0.4565826330532212,0.0423183072677093,-0.0258064516129032,0.1711711711711711,0.0216154721274175,-0.0684684684684684,0.1428571428571428,-0.003731343283582
2026-03-10,0.0469339605022474,0.001362926208842,0.0477275434046426,0.0391776273811603,0.041478478864394,0.0444876617093489,-0.0460156917568894,0.0071551128729407,0.0270464574121428,-0.0033458146071746,0.3714285714285715,-0.2475570032573289,0.2231263383297644,0.2872298624754421,-0.0788511749347258,0.0815686274509803,0.1373406193078324,-0.2021344717182497,,0.1871794871794872
2026-03-11,-0.0003238999460447,0.0466258602049668,0.0223056107851296,0.023649132309093,0.0281333417760876,0.0620449856062066,0.0438535942985605,0.0581865373494657,-0.0007757607804859,0.0269990772010735,0.4272409778812573,0.6236236236236237,0.7709335899903755,0.4580645161290322,0.4806421152030217,0.4959752321981424,0.2958209937479434,0.192,0.6,0.1615160349854227
2026-03-12,-0.0185577807726203,0.0199821418309927,-0.0252407919308148,-0.0315269986735319,-0.0147329281757616,-0.0185792385548286,-0.0328345068265374,-0.0132558426185543,-0.0007439841321285,0.0098221193072236,0.6186915887850467,0.4792452830188679,-0.0202898550724637,0.5794871794871794,-0.0175438596491228,0.3999999999999999,0.1564356435643564,0.1975,,0.4032258064516129
2026-03-13,-0.0082285691274195,0.0290575878675087,-0.0031535017648245,-0.0144798542868143,0.0167031737859377,-0.0205452025163389,-0.0564931298818925,-0.0150213772179203,-0.0097691344786972,0.006329619714864,0.1595744680851064,0.4241573033707865,0.0372881355932203,0.2826704545454545,-0.4606741573033708,0.1604095563139932,0.0319506726457399,0.2327586206896551,0.6,0.0975806451612903
2026-03-16,-0.0024666179078002,0.0294209245561566,0.0048421812380372,0.0161505681717304,-0.0079274662999074,-0.0029645981243174,-0.0492317455282524,-0.0159231208822201,0.0052548901384373,-0.0133645977237163,0.3067226890756302,0.1488469601677149,0.2103321033210332,0.3245901639344263,-0.1608796296296296,-0.0147435897435897,0.204250295159386,-0.0048701298701298,0.7,-0.0193298969072164
2026-03-17,0.0133103056131379,0.0074820094921026,0.0049679198151972,0.0175238832569759,0.0058777656449028,0.0140161490284891,-0.0356145124895433,0.0128304531680802,0.0053020159114917,-0.0097795487580955,0.3858823529411765,0.5869218500797448,0.0701754385964912,0.6845637583892618,-0.2864864864864865,0.5341880341880342,-0.0128700128700128,0.3293103448275862,,-0.0444444444444444
2026-03-18,0.0128916780310658,-0.0103543377110446,0.000169912764855,-0.0076786401575921,0.0013730425408474,-0.0051710532790558,0.0639809719880001,0.0179306757246651,-0.0075676849711884,0.0162538028957171,0.3300390117035109,0.4661870503597122,-0.54,0.5456603773584906,0.2655737704918032,0.1611336032388663,-0.0967741935483871,0.0791946308724832,-0.6799999999999999,-0.0155844155844155
2026-03-19,-0.0125800301561002,0.0218266820461728,-0.0084845310588446,-0.0168238380872021,-0.0040456545633809,-0.0069661617949707,-0.0326410709744437,-0.0298637249298278,-0.015299236294224,-0.0027464039877148,0.4485981308411215,0.0975609756097561,-0.081081081081081,0.1306451612903226,0.2978723404255319,0.2514705882352941,0.1135321100917431,0.2623574144486692,0.0,0.0333333333333333
2026-03-20,-0.0274515867404228,-0.0412941288272303,-0.0179299694929972,-0.0040053350121775,-0.0367522343578161,-0.0244616266629528,-0.069397491020294,-0.0294388927934313,-0.0091695603484579,0.0159902045782123,0.471264367816092,-0.1611374407582938,-0.5571428571428572,0.3494623655913978,-0.3736263736263736,0.5255474452554745,0.0197674418604651,0.2644710578842315,0.7,0.2864197530864197
2026-03-23,-0.0240568754676407,-0.0522724831557391,-0.03529873632711,-0.0382195541110716,0.0044275476161405,-0.0571313731063081,-0.0196289231296969,-0.0575553834151331,-0.0038624324747019,-0.0399921050713321,0.2907749077490775,0.227906976744186,-0.1640449438202247,0.191139240506329,0.0615384615384615,0.1755844155844156,0.1013422818791946,0.2061855670103092,0.2666666666666666,0.1047353760445682
2026-03-24,0.0198397735084962,0.0180317022271434,0.0259167388066592,0.0210549174017369,0.0254227998791573,0.0289592853905429,-0.016713828288938,0.0358991183468955,0.0023479046134053,0.0235676206690792,0.3581081081081081,0.2008670520231213,-0.1,0.5476190476190476,0.1958762886597938,-0.1036468330134357,0.0742857142857142,-0.2331887201735357,0.675,0.2078651685393258
2026-03-25,0.0095482668086654,0.0439032137543603,0.0126585968372507,0.0266409668268285,0.007392374136005,0.0319343540972646,0.0324541608992017,0.0309847441426388,0.006500727422262,0.0633544623171137,0.405054797584433,0.1315336013785181,-0.308411214953271,0.7791348600508906,0.3235643564356436,0.5334178590834994,0.1755888650963597,0.0077519379844961,-0.0999999999999999,0.2072727272727272
2026-03-26,-0.0103850942067982,0.0030727287190825,-0.0046577284799972,0.0218811356896895,-0.0183340542547417,-0.0072970010179312,-0.0206686313138714,0.0068585137726637,-0.0066425519317954,-0.0018557058317102,0.0206422018348623,0.7510373443983402,0.6705882352941176,0.6,0.4033613445378152,0.1914543960558751,0.3306930693069307,0.401294498381877,0.48,0.2038834951456311
2026-03-27,0.0231284765985298,0.0152030802175671,0.0283105814519466,0.0048415945835824,0.0113041200090068,0.0265973199954737,0.0372054045449864,0.0145567912935595,0.0089897362888506,0.0005295371707585,0.52103605180259,0.8064090480678606,0.4173913043478261,0.3206964954815958,0.0672778561354019,0.0118754325259515,0.1649577464788732,-0.1448686167575607,-0.9,0.2533864541832669
2026-03-30,-0.0150141655943235,-0.0183191765235108,0.0084848718484934,-0.0217268526496948,0.001951425138287,-0.0044245654785205,-0.0077825498447077,-0.001643983953929,0.0064248793199197,-0.0079123229083133,0.4315018315018314,0.6212338593974175,0.3564954682779455,0.4987179487179487,0.0486666666666666,0.30374940673944,0.4112469437652813,0.2190692395005675,0.2823529411764706,0.2512254901960784
2026-03-31,0.0055204850208349,0.0214033909686082,-0.003637405980554,-0.0030214654928439,0.0036838797059829,0.0041254125412541,-0.0312742358786964,0.0099303287576759,-0.0010216699542308,-0.0119803653679253,0.5802769006558174,0.4020044543429844,0.3083718973496003,0.3896068188067088,-0.427494000685636,0.250860683956851,0.1581119422233685,0.1117231881563091,1.0,0.3387248448373143
2026-04-01,0.0138049454687788,0.0381034527823519,0.0056844582629221,0.0262089099884578,0.0121242812199187,0.00796385628571,0.0097123697044034,0.002359955463679,0.0075367160429704,-0.0028820507081376,0.3981693363844393,0.7983104540654699,0.4333333333333333,0.5504587155963303,-0.0285714285714285,0.2388535031847133,0.2030769230769231,0.2527716186252772,,-0.0108433734939759
2026-04-02,-0.0133941705837654,0.0148807407466813,0.001265296935287,-0.0131243938812487,-0.0084664703170403,-0.004033373224611,-0.0112309832723502,-0.0299929423507974,-0.0027543282033138,-0.0189919620171002,0.375,0.6266666666666667,0.008,-0.0976744186046511,-0.0847457627118644,0.3473684210526315,-0.15,0.4887640449438202,,0.0857142857142857
2026-04-03,-0.0131593403873293,0.01582923920455,-0.0171242502127657,-0.0168188351256983,-0.0086181980253928,-0.0253239803464913,-0.0056511056900436,-0.0191437013380391,0.0012710740484997,-0.0270740760322441,0.4145077720207254,0.0989473684210527,0.388235294117647,0.3939393939393939,-0.3076923076923076,0.5457627118644068,0.0744186046511627,0.4253968253968254,,0.192156862745098
2026-04-06,0.0033370125680048,0.0010266815073039,-0.0042058919696067,-0.0089866814560299,0.0072589678441657,-0.0186253631645304,-0.0282175314440915,0.0096371753884525,-7.233243183291105e-05,-0.0168440255396777,0.3215384615384615,0.3863636363636363,-0.0170015455950541,0.2595238095238095,-0.0274725274725274,0.105702364394993,0.3005681818181818,0.0535248041775457,0.3428571428571428,0.2218934911242604
2026-04-07,0.0004284490145673,0.0032083537961276,-0.0004694302615573,0.0034903155177294,-0.0029477159551909,-0.0216547048345779,-0.0086982272327434,-0.0066810346783298,0.005414587963603,0.0068548387096774,0.1147368421052631,0.5439739413680781,0.1506849315068493,0.2514285714285714,0.1076923076923077,-0.0470392916436081,0.2050359712230215,0.3077939233817701,0.2666666666666666,0.050735294117647
2026-04-08,0.0476968458986219,0.0690472676048223,0.0420261431094804,0.0520753663768222,0.0305025174065031,0.0617978348638018,0.0348657053143658,0.0339787851020951,0.002848044110791,0.0342034097589653,0.5061389337641358,0.4159183673469387,-0.152,0.5175000000000001,-0.014,0.1029411764705882,0.4071428571428571,0.5478873239436619,1.0,0.2670212765957447
2026-04-09,-0.015917218686436,0.0081947245345307,0.0166469094723136,-0.0171594729507386,-0.0052046554116936,0.0077442532158105,-0.0200607166953989,-0.0122470222019373,-0.0043893192847524,-0.0123383346494691,0.5128205128205129,0.1481481481481481,0.6291390728476821,0.5773809523809524,0.5008403361344538,0.4688644688644689,0.3220779220779221,0.0118168389955686,,0.0851485148514851
2026-04-10,0.0038680236157175,0.0052634322272018,-0.0095592273174646,0.0036460587702487,0.0105769857832267,-0.0037310041149942,0.0391589127384954,-0.0060461440175703,0.0013728144899835,0.0080066198866202,0.3650557620817843,0.346031746031746,0.1394658753709199,0.2857142857142857,0.9433962264150942,0.2264875239923224,0.3145833333333333,0.1510204081632652,0.0,0.2651933701657459
2026-04-13,-0.008887183045486,0.0310733932966403,-0.0046133797834731,-0.005477043695146,-0.0068208114059641,0.0018813140011565,-0.0016757273200986,-0.001495342686582,5.527474166263276e-05,0.0105705648324068,0.4566929133858268,0.3692528735632184,0.5450236966824644,0.4537037037037037,0.4974619289340101,0.3909985935302391,0.2884615384615385,0.710344827586207,0.2068965517241379,0.3676923076923077
2026-04-14,0.0019582461363244,0.0258627306013237,0.0539387489197583,0.0182048431508004,-0.0038784299883227,-0.000315301762235,-0.0186083353385975,0.0075670639397167,-0.0026081824650748,-0.0042360118409286,0.5923295454545453,0.5294117647058822,0.2678571428571428,0.5833333333333334,0.8076923076923078,0.1607142857142857,0.475,0.7024390243902439,0.36,0.4097560975609756
2026-04-15,0.0039642743213247,0.0518598555763331,-0.0154540562081516,-0.0176952269423647,0.0019442229808516,-0.0144123523450906,-0.0073421789687256,-0.0019023109568869,-0.0002517600312006,-0.0107576085087638,0.5285714285714286,0.7532467532467532,0.7623762376237623,0.5273972602739726,0.4615384615384615,0.5789473684210525,0.2956521739130435,0.1692307692307692,0.75,-0.1307692307692308
2026-04-16,-0.0079317065382998,0.0283969454075712,-0.0052109241585854,-0.0173366863888745,-0.0005579889619192,0.008630303225107,-0.0087215198518666,-0.0078442567439834,-0.0105555555555555,0.006872882560216,0.5024630541871921,0.5332606324972737,0.9032258064516128,0.6742671009771987,0.4622950819672131,0.2473118279569892,0.1818181818181818,0.5857142857142856,0.7,0.2437499999999999
2026-04-17,0.0038505649518777,-0.0186570043046635,-0.0015624805993647,0.0158175353547092,0.0057156503221079,0.0349021567534192,0.0185331213419786,0.0035477647948869,0.0147542136819187,-0.0055762628612669,0.6468354430379748,0.5718685831622177,0.4186046511627906,0.6683006535947713,0.8550185873605949,0.5028901734104045,0.1,0.5853658536585366,-0.0333333333333333,0.0829787234042553
2026-04-20,0.007768928013965,0.0304753093192235,0.0106425767473987,0.0030332225182235,0.0023247978436657,0.0139328839050335,-0.0124284780661135,-0.0043690455910895,-0.0031786345096111,0.0059732877185707,0.383695652173913,0.4114002478314746,0.3620253164556962,0.6766467065868264,0.6581196581196582,0.5257214554579673,0.1424050632911392,0.618421052631579,0.6,0.1828571428571428
2026-04-21,-0.0063153980905119,0.0169925251963772,-0.0066762060757537,-0.0130348415808281,-0.0053460364079481,-0.0191275392587511,-0.0065062390887764,-0.0081330726620207,-0.0027769570889648,-0.0094952122148009,0.5121212121212121,0.3679775280898876,0.6847826086956522,0.2375886524822694,0.3891402714932127,0.3187250996015935,0.2222222222222222,0.6938775510204083,0.0,0.3101694915254238
2026-04-22,-0.0018940930799859,0.0533573130847377,-0.0080926495507651,-0.0051945070653188,0.0003234692838778,-0.0017643492851437,-0.0116694696627072,0.0124859049741968,-0.0251085394188996,-0.0089919825180504,0.4116755117513268,0.6632743362831859,0.5403422982885087,0.483271375464684,-0.0150346954510408,0.4169354838709677,0.2,0.0694444444444444,0.47,-0.0692307692307692
2026-04-23,0.0359325081206295,0.0168926846094256,-0.0088539944939363,-0.004699723842469,0.0209902866524728,-0.0221216409492283,-0.0030399513296897,0.0049950601690138,-0.0146263605771678,-0.0296410151402984,0.5978494623655914,0.8470995005762582,-0.1611842105263158,0.8048128342245989,0.1544571932921447,0.6355828220858896,0.3563636363636363,0.7196261682242991,0.5555555555555556,-0.0252707581227436
2026-04-24,-0.0231490817248759,-0.0168830045633132,0.0021286361994956,-0.0068756205100567,-0.0157819416980414,-0.0125370955552155,0.0046315438733422,-0.0012317979510658,-0.0111920916912044,0.0045718478130264,0.5789473684210527,0.739622641509434,0.3666666666666667,0.567741935483871,0.6000000000000002,0.2313253012048192,0.8,0.2666666666666666,0.9333333333333332,-0.0191489361702127
2026-04-28,-0.0112535875355849,0.0622332521669583,6.206080167721802e-05,-0.0033600605405202,0.0104365347326793,-0.0171798110174522,-0.0529162350878762,-0.0098417676021071,-0.0051380299337776,-0.0256195156179918,0.5675675675675674,0.6199138343705123,0.4252148997134671,0.479188166494668,0.3415467187118809,0.4560091619509566,0.3241050119331742,0.4022988505747126,0.0,0.3391304347826087
2026-04-29,0.0010390809877611,-0.0280255543707415,-0.0008771929824561,0.0023131786696625,-0.0110880611714722,-0.0012442651099136,0.014984450049408,5.518623488920405e-05,0.0185131760818262,0.0030440432018753,0.4085561497326204,0.4411715481171549,0.0092307692307692,0.5767441860465117,0.5788235294117648,0.6728971962616823,-0.0713414634146341,0.6989761092150171,1.0,0.0368794326241134
2026-05-04,0.0150585665359391,-0.0349661135210968,0.0055205853867699,-0.0076947421010517,-0.0010526315789473,0.008917272007396,0.0275637858313378,0.0014821020838085,0.0025348488910395,0.0248406679652778,0.389388489208633,0.0270518110958276,0.4992743105950653,0.5198637911464244,0.3554757630161579,0.4679376083188908,0.3905405405405406,0.3355371900826446,0.911111111111111,0.3434243176178659
2026-05-05,-0.0073849419698581,0.0106916101511875,-0.0131346447669976,-0.0046057212585458,-0.0019059955481911,-0.0047850052971917,0.0231101124902882,0.0244127105379399,-0.0066024619205696,0.0065797714880964,0.3240469208211143,0.3215189873417721,-0.3430656934306569,0.6822429906542057,0.5625,0.1111111111111111,-0.0172413793103448,0.6538461538461539,0.3333333333333333,0.0756972111553784
2026-05-06,0.0086752399816145,-0.0127364269433017,0.0123405499886644,-0.0052400845138645,0.015343825149293,0.0076843401825205,-0.000746304758367,0.0051613000187839,-0.0032496573060588,0.0236721688860712,0.399234693877551,0.607603197911568,-0.0619469026548672,0.6691176470588236,0.7303634232121923,0.4778156996587031,-0.3670731707317073,0.5900826446280991,,0.1981132075471697
2026-05-07,0.0008569260531171,0.0183063212979371,0.0031481854671509,0.0006230541060246,0.0030348959667549,0.0107292575612774,-0.0338241168749643,0.0008796375967647,-0.0102411172401784,-0.0039484912425788,0.4891732283464566,0.5890005913660556,0.1833137485311398,0.2878013148283418,0.4261213720316623,0.3811833171677982,0.271203656678517,0.3375959079283887,,0.137910447761194
2026-05-08,0.018546566596498,0.0213536993203172,-0.0063468550468955,-0.0113935188705178,-0.0093969162083628,-0.0074004214153433,-0.0148620326319855,0.002896894373412,0.0031725344289241,-0.0287333186978343,0.5631713554987212,0.6003045298819947,0.3971291866028708,0.4230769230769231,-0.0313688212927756,0.7374999999999999,0.029032258064516,0.4528907922912205,,0.4717261904761905
2026-05-11,-0.0148100965865488,-0.0182328609282668,-0.0215626783766419,-0.0247266615744124,-0.0031314670042845,-0.0228894065884192,-0.0062224622629863,-0.0076788924497588,0.0004981447435157,0.0007614696085375,0.3994816414686825,0.4723363131191109,0.3745591347284269,0.4146924148914991,0.4029524330235101,0.4926926926926926,0.6030769230769232,0.4264705882352941,0.2950819672131147,0.3729641693811074
2026-05-12,-0.003525753895057,-0.0131737142267532,0.0052142856200832,0.0054308704046953,-0.0061249239234361,0.0091324403507112,0.02751684261703,0.0141373892548693,0.0,0.0007896368345175,0.5,0.4444444444444444,0.2,-0.1818181818181818,0.5882352941176472,-0.2941176470588235,0.3191489361702128,0.3888888888888889,0.75,0.24
2026-05-13,0.0124033162650688,-0.0093769473482815,0.0022631368080688,0.024661359807461,-0.0024543222729282,0.0012939650449308,0.067068924005661,0.0064698272891254,0.0069309075157028,-0.0017008236797615,0.4455852156057495,0.4965893587994544,0.6798076923076922,0.2236421725239616,0.8400000000000001,0.7000000000000001,0.465034965034965,0.1379310344827586,0.5,0.4230769230769231
2026-05-14,0.0145208384593825,0.022242402231226,-0.0017279316372376,0.0223819293219923,0.0085372802121076,0.0095638411379734,-0.0031963490407042,-0.0061930947977416,-0.0064365615480017,-0.0076319705144549,0.1416666666666666,0.6224188790560473,0.7741935483870968,0.1627906976744186,0.4285714285714285,0.5882352941176471,-0.2,0.12,0.5,0.2181818181818181
2026-05-15,-0.0074846591030086,0.0124171318843829,-0.0112056988256152,-0.0123838044219322,0.0025891630609556,-0.0192609807640823,0.0473011163599244,-0.0068443283856296,-0.009621027069345,0.0093980310020244,0.5399999999999999,0.8840579710144928,0.4285714285714286,0.4468085106382979,1.0,0.1555555555555555,0.5454545454545455,0.5692307692307692,1.0,0.2711538461538462
2026-05-18,0.0365774803403198,-0.0157209758776162,-0.0066536140546944,0.0455633900080412,-0.0014161457615817,-0.0282174382482841,0.0575269339632219,0.0069315969430185,0.0049805256786538,0.0077348527117554,0.3093833780160858,0.7043544690603516,0.3409490333919156,0.1746987951807229,0.4575471698113207,0.6871794871794872,0.1884816753926701,0.4007891770011274,-0.44,-0.1945945945945946
2026-05-19,-0.0059818750992561,-0.0021334395567427,-0.0012445137445137,0.0119156034965455,-0.0031806472183268,-0.0026235831657152,-0.0698633283029382,-0.0121594204645999,0.0005669503925243,-0.0027448805674612,0.4723404255319149,0.5313351498637603,0.6144578313253013,0.388235294117647,0.4951456310679612,0.4960629921259843,0.0276923076923076,0.6818181818181819,0.3333333333333333,0.4983050847457627
2026-05-20,-0.0072716206636557,-0.0073627189294196,-0.0068056560632045,0.006609462266253,-0.0132770755151409,-0.0085132324495318,0.0280164524992636,-0.0096175110743301,-0.0046857447371553,-0.0055328359046519,0.2814021421616358,0.090311986863711,-0.7352941176470588,0.6968641114982579,0.7037037037037037,0.270358306188925,0.1302931596091204,0.5652173913043478,0.0,0.4495614035087719
2026-05-21,-0.0015151488069257,-0.0245789469405905,0.0149688463816125,-0.0186189500066911,0.004159493599654,0.0143339318189308,-0.0222568743695865,-0.0118933023657517,0.0042620944624928,-0.0111126934029191,0.3024445707788517,0.6669832225387781,-0.5449101796407186,0.1703853955375253,-0.1468531468531468,0.6622754491017964,0.1949152542372881,0.7761194029850746,1.0,-0.0386934673366834
2026-05-22,-0.0147333335041957,-0.0114222215579765,0.0133923918290771,-0.0093590870458875,0.0026201839475561,-0.0029954804684669,-0.0291571812397091,-0.0076794685987275,-0.0152076694828402,-0.0055317886883811,0.3790575916230367,0.5333333333333334,-0.5384615384615384,0.2452830188679245,0.0,0.8000000000000002,0.2,0.8434782608695652,0.0,0.196078431372549
2026-05-25,0.001058705203536,0.0141639208816824,-0.0005536340513612,-0.011730313964832,0.0016784641520843,-0.0110657792181433,-0.0454901205056684,0.0016883459085223,0.0068188381184271,0.0021558652709401,0.2422000878863336,0.4201299980303328,0.1982881597717546,0.8030776092774307,0.2173913043478261,0.5252918287937743,0.2583333333333333,0.6073619631901841,0.125,-0.2138024357239512
2026-05-26,0.012599838227782,-0.0182060967775616,0.0134804820915971,0.0051929262835998,-0.005734817426922,0.0074770677583999,0.0062199325912811,0.0029327569984672,0.002192021043402,0.0018167272242408,0.1858823529411765,0.591304347826087,0.6216216216216217,-0.0526315789473684,0.3846153846153846,0.6763636363636363,0.1764705882352941,0.4547945205479452,,0.0428571428571428
2026-05-27,-0.0024036344345828,-0.0203032220747751,-0.0037238265156469,0.0046126518065938,3.058782326648135e-05,0.008891128558041,-0.0086237373737373,0.0010069487363443,-0.0037857620547877,0.0297006512816141,0.1076233183856502,0.3125,0.1886792452830188,0.6867469879518072,0.7027027027027027,0.7333333333333333,0.4384615384615384,0.1052631578947368,0.0,0.5543478260869565
2026-05-28,-0.0181218921602053,0.015618383527678,-0.0146270771286843,-0.0198703758362848,-0.0070844580765223,-0.0073199067086299,-0.0008422143832833,-0.0149316374800118,-0.0047848840297552,-0.020510019978382,0.4105263157894737,0.5841584158415842,-0.1666666666666666,0.3903061224489795,0.3692307692307692,0.8045977011494253,1.0,0.2874251497005988,1.0,0.3641379310344828
2026-05-29,-0.0086018053249568,-0.0016184547808549,-0.0037269929652207,-0.006799742591001,-0.0041889627887305,-0.0125214382849057,0.041914296151941,0.0015867254342753,0.0032753750243521,-0.0054969007560793,0.5055970149253731,0.0459641255605381,0.3265306122448979,0.4025974025974027,0.1791590493601462,-0.1063829787234042,0.3333333333333333,0.6289592760180995,1.0,0.0812499999999999
2026-06-01,-0.0022045182441755,-0.015317215873399,0.0006944444444444,0.0067927496610937,0.0012515603475162,0.0052964713896967,-0.0278374852483534,3.0201660919937368e-05,0.0026156322920246,-0.007779213690984,0.2180947663859997,0.3683968058968059,0.4609609609609609,0.6435921421889618,0.7523791027383959,0.3775775775775776,0.0494968165947833,0.4805111821086262,-0.1615384615384615,0.1559471365638766
2026-06-02,-0.0114607755954951,-0.0256624333620491,-0.0155648244053436,0.0240182531035314,-0.0109598508192008,-0.0141095749163909,-0.0238074290771364,-0.0053783256569556,-0.0011350905608432,-0.0171318867220801,0.2754219843557019,-0.0226876090750436,0.6,0.2293144208037825,0.391304347826087,0.2015209125475285,0.348914858096828,0.3445378151260503,1.0,0.4555133079847909
2026-06-03,0.0041540870188411,-0.031308720746776,0.0118097811434645,0.0167124744285988,0.0104945164147463,0.0135019248772401,0.0204576075075448,0.000419806984606,-0.0070541346592591,0.0053612027869454,0.4181494661921708,0.5693950177935944,-0.3442622950819672,0.3901437371663245,0.5964912280701754,0.2052173913043477,0.3859223300970874,0.3838383838383838,1.0,0.1243243243243243
2026-06-04,0.0090255498221299,0.0140385752646321,-0.0092595624710078,-0.0011705940876612,-0.0010646860133117,-0.0053475836344554,0.0340924498621084,0.0276772593655812,0.0029361623552852,0.0059073318005906,0.2894736842105263,0.4429906542056075,0.5200000000000001,0.3658536585365853,0.6689655172413793,0.71875,0.1967213114754098,-0.1111111111111111,1.0,0.0476190476190476
2026-06-05,-0.0096934733587107,0.0085293093690763,-0.0044561467506997,-0.0167589787670056,-0.0051702566154452,0.0002265529269448,-0.0001303230806271,-0.0057440476052995,-5.550692769146215e-05,-0.0102384932326334,0.2453097345132743,0.5312916111850866,0.0,0.5399830460582086,0.2903225806451613,0.4684014869888476,0.6347381864623243,0.5175097276264591,1.0,0.5163934426229508
2026-06-08,-0.0165180346891635,-0.0235526442878361,-0.0243983137455288,-0.0279995361325946,-0.0183655672292638,-0.0132234344202621,-0.0099555474363658,-0.0043662696976843,0.0008171171625846,-0.0082796434322621,0.071078431372549,0.3969648562300319,0.6491712707182321,0.6756756756756758,0.8305084745762712,0.1395348837209302,-0.15,0.4571428571428571,0.9130434782608696,0.5124620060790275
2026-06-09,0.0038575095580221,-0.0188917746283845,0.0064377682403433,0.0102675756314661,0.0103180590273389,-0.0018144467760616,-0.016100649125656,-0.0028130514035942,0.0043663585960749,0.0042092453364895,0.0631067961165048,0.1608961303462321,0.6901408450704226,0.3432835820895522,0.0476190476190476,-0.0916334661354581,0.0,0.56,0.5,-0.1873015873015873
2026-06-10,0.006121631665822,0.0301762978298414,0.0060342200721509,-0.0019795225185247,0.0039506883407092,0.0027532715600966,-0.0060479360159917,-0.0026775511110454,0.0011192015157934,0.0014130742945819,0.5704918032786885,0.336,0.5294117647058824,-0.1276595744680851,0.8275862068965518,0.15,-0.125,0.5957446808510638,,0.0428571428571428
2026-06-11,-0.0040844897131746,-0.0102849961023547,-0.0070166299448184,-0.0125141900397672,0.0048832255433295,-0.0176522110142327,-0.0011102622091933,0.0001856288138824,-0.0005359056806001,0.0015144545050312,0.3925619834710743,0.5483870967741936,0.3636363636363636,-0.0290135396518375,0.6956521739130435,0.2373401534526854,0.7000000000000001,0.4843511450381679,1.0,0.2961538461538461
2026-06-12,-0.0022621206366443,-0.0142172104199207,-0.0042554739215829,0.0014511293305626,-0.0006354245500918,-0.0042958822086813,0.0105177804041347,0.0016120836998313,-0.0066889632107022,-0.0030227912937023,0.5652173913043478,0.1284403669724771,-0.3999999999999998,0.6595744680851064,-0.1538461538461538,0.02,0.2777777777777778,0.1111111111111111,-0.3333333333333333,0.4090909090909091
2026-06-15,0.0074761204253136,-0.0047982117301499,0.0364200567899123,0.0071161742039106,0.0084387441012501,0.0403577118724155,-0.0310355449792798,0.0362436534610983,0.0028612303290414,0.0190531305114638,0.2696629213483146,0.3797600417318726,0.0527704485488126,0.2062374245472837,0.4064272211720227,0.0919765166340508,-0.104225352112676,0.4307692307692308,0.0,-0.002127659574468
2026-06-16,0.003523192695432,0.0097042040088231,0.0034346775886879,0.0022263434421423,0.0044728667148269,0.0255313177701236,0.0079055026660584,-0.0009928373774731,-0.0053455237288936,0.0068068105308901,0.3586309523809523,0.6180555555555557,0.926470588235294,0.8,0.4666666666666666,0.4661921708185053,0.1403508771929824,0.7588424437299035,,0.6000000000000001
2026-06-17,0.016416091079707,-0.0108170665518722,-0.0055198482590434,0.003693158391416,-0.0049022100051803,0.0034127545637462,-0.0021288958712008,-0.0021604083954654,-0.0014674590945777,0.0014587892049598,0.2475754310344827,0.5045939905636951,0.0932642487046631,0.6666666666666666,0.6164383561643836,0.4131374243733794,0.1182170542635658,0.6526217228464419,-1.0,0.2981481481481481
2026-06-18,-0.0082123251308688,0.0452462186689715,-0.0089002794722448,-0.0094750210745101,-0.0048288583510524,-0.0096221379407219,0.0155519759869184,-0.0130141721950202,-0.0065010963074786,-0.0014416590881216,0.3902912621359224,0.3773584905660379,-0.3636363636363635,0.4943820224719102,0.5619047619047619,0.0846153846153846,0.4596153846153846,0.4273291925465838,0.5,0.1932432432432432
2026-06-19,-0.0087632815704967,-0.0078013174032962,-0.0087870509522232,-0.001950315606719,-0.0019130104349507,-0.0134741710859817,-0.0054364407665141,-0.0066777825825048,-0.0020699340474545,-0.0069761031152364,0.7950310559006212,0.4382022471910113,0.9285714285714286,0.5754716981132074,0.4411764705882353,0.1379310344827586,0.5689655172413793,0.3005780346820809,0.5,0.4999999999999999
2026-06-22,0.0039867583701169,0.047667360226893,-0.0013661202185792,-0.0108397130155333,-0.0042441862719561,-0.0059847335684826,0.0136950312745676,-0.0038662060333887,0.0041257496008578,0.0218534075431166,-0.0735294117647058,0.6451612903225806,0.1398601398601398,0.2836879432624113,0.3414634146341463,0.4545454545454545,0.5263157894736842,0.6363636363636365,0.0,0.4117647058823529
2026-06-23,0.0029885348001895,-0.0014870357546793,-0.0153030571434047,-0.0060830573966383,-0.0038824542902985,-0.0215370221266237,-0.0319050842506471,-0.0025556713246942,-0.0124538912004198,-0.0135435479816786,0.5248868778280543,0.125,0.0344827586206896,0.5679012345679012,0.054054054054054,0.4324324324324324,0.676923076923077,0.8627450980392157,1.0,0.44
2026-06-24,-0.0069100763930924,0.0274756995743137,7.183005010143646e-05,-0.0044773689915876,-0.0005894488653109,0.0107072515519101,0.0131760527682661,-0.0096937323164433,-0.0064760695888108,-0.0124862424633592,0.6633813495072023,0.5824130027088977,0.8273381294964028,0.6059113300492611,0.3639846743295019,0.392015392015392,0.2569169960474308,0.6091205211726384,1.0,0.3548387096774194
2026-06-25,-0.0065433466572066,-0.0221389583527836,-0.0028368794326241,0.0003266134356259,0.00557880055788,-0.0054490915201842,-0.0160735547488891,-0.0122027948001974,-0.0024449602609557,0.0131705859909775,0.7795275590551182,0.6493150684931507,0.36,0.339622641509434,0.4285714285714285,0.2558139534883721,0.1935483870967742,0.4285714285714286,0.3333333333333333,0.09375
2026-06-26,0.0026623492115723,0.0135316905922128,-0.0028309711854015,-0.0012287512610444,-0.0006660690025188,-0.0029577324781653,-0.0061773832719925,0.0003051033836281,-0.0103503190731121,0.0040089684784124,0.3868613138686131,0.4357682619647355,0.4285714285714285,0.5163934426229508,0.5172413793103448,0.0967741935483871,0.4210526315789473,0.7241379310344828,0.0,0.2109375
2026-06-29,0.011785752895608,-0.0279895463291264,0.0120877219161785,-0.0032616387073088,-0.0027073976441258,0.0103522606695519,0.0181998923640038,-0.0006783592504759,0.0025516588016588,0.0051787200878545,0.5361890694239291,0.5800159235668789,0.7400722021660651,0.2596843615494978,0.0318772136953955,0.1321882001493652,0.1764705882352941,0.5617283950617284,0.0,0.5242369838420108
2026-06-30,0.0015292787527937,0.003639731022719,-0.0063514911609913,0.0016544356274283,-0.0042520796197266,-0.0052663993500537,-0.0024378227141021,0.0012679346012679,-0.0050387850406163,-0.0058145321986218,0.3432835820895523,0.6634382566585958,-0.1428571428571428,0.5000000000000001,0.4941176470588235,0.3063063063063063,0.1538461538461538,0.4861111111111111,,0.1333333333333333
2026-07-01,0.0139006500797724,-0.0071688837887996,0.0049593130601714,0.0253345420012086,0.0032514455919608,0.0056927726467352,0.0137103553193783,-0.0020414808233914,0.0094119325989977,0.0015990256869911,0.6512925969447709,0.6169620623992969,0.1587516960651289,0.3670140462165836,0.914798206278027,0.2762430939226519,0.6226415094339623,0.5649697401210395,0.3333333333333333,0.6470588235294118
2026-07-02,-0.0101159546519452,0.0060680126778501,-0.0091154287963128,-0.0056381270880685,0.0030753676936092,0.0017077836376628,-0.0122026700766417,0.0029677138486159,0.007202395403415,0.0030053953449882,0.2075471698113207,0.6296296296296297,0.6111111111111112,0.542649727767695,-0.0792291220556745,0.6605080831408775,-0.043859649122807,0.3999999999999999,1.0,0.4295692665890571
2026-07-03,-0.0038529669766889,-0.001356489788943,-0.0007724132977682,-0.0063825977646111,-0.0111671319365201,-0.0261748154768804,-0.0164875158155606,0.0067344900032473,0.0028517110266159,-0.008624191367288,0.6313993174061434,0.727164887307236,0.0746268656716418,0.5666666666666667,0.6684491978609627,-0.5707620528771384,0.2592592592592592,0.1362126245847176,,-0.4883720930232558
2026-07-06,-0.0114408353682612,0.0068519352739701,-0.0022587627426337,-0.0048141297246706,-0.008825831708279,-0.0374364742504773,-0.0292350632080631,-0.0034452263124939,0.000674551241659,-0.0231262605802111,0.2495667244367418,0.4308664381259663,0.116231647634584,0.4691749773345423,0.1052631578947368,0.0970552553214955,0.1210428305400372,0.4067796610169492,1.0,0.5508982035928144
2026-07-07,0.0039872002958518,-0.0032542795615304,-0.0012992168609476,-8.732913539274041e-05,-0.0094820334546109,-0.0219169719169719,0.0083108749775416,-0.0050210136565923,-0.0159413338866854,-8.2016065311367e-05,0.3175735950044602,0.4201438848920863,0.5654142145767317,0.2871251571197701,-0.3839999999999999,0.2101046281459138,0.256198347107438,0.2223350253807106,0.0,0.2159090909090909
2026-07-08,0.0053300838247821,0.0030392036091233,0.0100178806700545,-0.0014562147963399,0.0052206649759645,0.0138884254418255,0.0073475634953973,0.0083678653766972,-0.0033552144888703,-0.0002410831177954,0.5677966101694916,0.49,1.0,0.6781609195402298,0.3488372093023256,-0.366412213740458,0.3333333333333333,0.5068493150684932,0.3333333333333333,0.0982142857142857
2026-07-09,-0.0114988205403286,-0.0077058773547417,-0.0098302371029643,-0.0037605728565936,-0.0008361991320723,-0.0191592568452694,0.0245884278424954,-0.0202651144133807,-0.0024336821611097,-0.0113378684807256,0.486322188449848,0.3085642317380352,0.4891304347826087,0.2121212121212121,-0.2542372881355932,0.4173166926677067,0.2571428571428572,0.6936416184971098,1.0,-0.0892018779342723
2026-07-10,-0.0086694031813924,-0.0034715896717643,-0.007939780109945,-0.0110312341274925,0.0049022034727126,-0.0337376102216866,-0.015812257917521,0.004993787276919,-0.0023640661938534,-0.0082847340967347,0.6296296296296297,0.4576271186440678,0.45,0.4064516129032258,0.0555555555555555,0.0,0.1666666666666666,0.4608695652173914,,0.36
2026-07-13,-0.0283337407229076,-0.0167105579122167,-0.0178987387971584,-0.0146870422912763,-0.0184972388392167,-0.021849024136701,-0.0180036480929016,-0.0013772656829055,-0.0100022953193142,-0.0207658273147244,0.2133526850507982,0.3977613977613977,0.3245033112582781,-0.0052972336668628,0.4368482039397451,0.2639236190043192,0.0407239819004525,0.6842105263157895,0.5,0.1061946902654867
2026-07-14,0.00424432226519,-0.0075186902542475,0.0132259869759871,-0.0058641869033028,0.0107595340674562,0.030584923235641,0.0485311245254072,0.0089618217108256,-0.0048730548730548,0.0119412124923453,0.5950920245398773,0.3489208633093525,-0.0066225165562913,0.3636363636363636,0.0,0.2210796915167095,0.1375661375661376,0.4444444444444444,1.0,0.1028571428571428
2026-07-15,-0.0107682675688068,-0.0239706179241324,0.0014045214045213,-0.0230528698034419,-0.0061007218901956,-0.0359593686785851,-0.0148027390019422,-0.0134625237433917,-0.0076072178964281,-0.0051385961197667,0.2861035422343324,0.3924418604651163,0.6741573033707865,-0.0415512465373961,0.5741626794258373,-0.2028397565922921,0.6666666666666666,0.2439024390243902,0.0,0.2033898305084746
2026-07-16,0.0010075917699539,0.0483867727028201,-0.0114689525333665,0.0035578902947446,0.002171552660152,-0.0170494867981135,0.0019948130222568,-0.0018329801903608,0.0112540152262438,-0.0015960654804568,0.579256360078278,0.2974452554744526,0.3220338983050847,-0.0729023383768913,0.6575342465753425,0.270935960591133,0.3132530120481927,0.4222222222222222,0.75,0.1403508771929824
2026-07-17,-0.0086651799474032,-0.009853119125079,-0.0254199564544391,-0.002327958210311,0.0205627664080484,0.011851756530691,-0.0175301409699414,-0.0128041548405808,-0.0118141252771439,0.0020922641219703,0.7887323943661971,0.4624074795481106,0.52,0.1160220994475137,0.5277777777777778,0.1846921797004992,0.0666666666666666,0.3814432989690721,0.0,0.5480225988700564
2026-07-20,-0.0381748488040506,-0.0138110174935179,-0.0606649786237022,-0.0267843382729006,-0.0156682050508035,-0.0420762567288106,-0.0263461067671703,-0.0278793150538195,-0.0250639386189258,-0.0257599792117143,0.6666666666666666,0.2745098039215686,0.3636363636363636,-1.0,-1.0,0.0927152317880794,0.0,-0.25,,0.0
2026-07-21,-0.0007027799312665,-0.001292278483747,0.0033114837059866,-0.0217244201643972,-0.002169562182482,-0.0162746278767227,-0.053107725110253,-0.0033333333333333,-0.0012133294372294,0.0155231869340779,,,,,,,,,,
2026-07-22,-0.0344540265944045,-0.0465324908602375,-0.0047621217644914,-0.007545743255938,-0.0014952829701457,-0.057213391315879,-0.034644147796116,-0.0246490616318304,-0.0076744045460042,-0.029082975313139,,,,,,,,,,
2026-07-23,-0.0011928585998,0.0356691249813466,0.0063798054644736,0.0131210378888397,-0.0064555693173412,-0.0153639301827611,0.0380857553774911,0.0036921467894126,-0.0143609899992533,0.0161379614435702,,,,,,,,,,
2026-07-24,4.356048532753546e-05,0.0001093055806426,-0.0047319556753519,-0.0139564140878785,0.0022767813320572,-0.0515045999868429,0.0149970329611048,0.0021454958795112,0.002011138811341,-0.0064497529958064,,,,,,,,,,
2026-07-27,-0.015526743200591,-0.0032452195286545,-0.023145312290049,-0.0284853116347043,-0.0049424636860969,-0.0032155696886205,-0.0236307299313372,-0.0140897473913105,-0.0111673220378554,-0.006875208805894,,,,,,,,,,
