source,target,source_sector,target_sector,best_lag,p_value,p_value_fdr_bh,f_stat,n_obs,edge_weight,edge_type,is_self_edge,significance_type
Utilities,SteelMaterials,Utilities,SteelMaterials,3,0.002638903977583,0.2375013579824763,4.864829436661244,255,2.578576412267462,cross,False,raw
IndustrialLogistics,Energy,IndustrialLogistics,Energy,5,0.0054947784907276,0.2461541610809698,3.4000128828888854,255,2.2600498104640963,cross,False,raw
Energy,RealEstate,Energy,RealEstate,4,0.0082051387026989,0.2461541610809698,3.5171444737090165,255,2.0859140730743113,cross,False,raw
Technology,ConsumerDiscretionary,Technology,ConsumerDiscretionary,3,0.0123162855314121,0.2771164244567727,3.70539139533396,255,1.9095202512986171,cross,False,raw
ConsumerDiscretionary,Healthcare,ConsumerDiscretionary,Healthcare,1,0.021202790106776,0.3243014279428696,5.377408985274006,255,1.6736069858520648,cross,False,raw
Energy,IndustrialLogistics,Energy,IndustrialLogistics,5,0.0231430867052412,0.3243014279428696,2.660311676165204,255,1.635578717568692,cross,False,raw
Healthcare,ConsumerStaples,Healthcare,ConsumerStaples,2,0.0252234443955565,0.3243014279428696,3.735131499297193,255,1.5981956084907838,cross,False,raw
SteelMaterials,Healthcare,SteelMaterials,Healthcare,1,0.0447942624638096,0.4691203489966103,4.066983686609601,255,1.3487776096599362,cross,False,raw
Healthcare,IndustrialLogistics,Healthcare,IndustrialLogistics,3,0.0480673371220236,0.4691203489966103,2.6716407040934014,255,1.318149936644896,cross,False,raw
