source,target,source_sector,target_sector,best_lag,p_value,p_value_fdr_bh,f_stat,n_obs,edge_weight,edge_type,is_self_edge,significance_type
Energy,IndustrialLogistics,Energy,IndustrialLogistics,5,0.0087537867637877,0.2425634513386367,3.162441528011718,256,2.057804036708313,cross,False,raw
Utilities,SteelMaterials,Utilities,SteelMaterials,5,0.0098359786164661,0.2425634513386367,3.102779010157928,256,2.007182424093637,cross,False,raw
IndustrialLogistics,Energy,IndustrialLogistics,Energy,5,0.0112696758870543,0.2425634513386367,3.032959853059753,256,1.9480885739705687,cross,False,raw
Technology,ConsumerDiscretionary,Technology,ConsumerDiscretionary,3,0.0126525563809111,0.2425634513386367,3.68476007293893,256,1.8978217187602124,cross,False,raw
Energy,RealEstate,Energy,RealEstate,4,0.0134757472965909,0.2425634513386367,3.2163899618112977,256,1.8704471417043593,cross,False,raw
ConsumerDiscretionary,Healthcare,ConsumerDiscretionary,Healthcare,1,0.0303976015060102,0.4012774202411593,4.739985130060072,256,1.5171606826346304,cross,False,raw
Healthcare,ConsumerStaples,Healthcare,ConsumerStaples,2,0.0352682715833612,0.4012774202411593,3.390106318687537,256,1.4526158235817865,cross,False,raw
SteelMaterials,Healthcare,SteelMaterials,Healthcare,1,0.0385005947197562,0.4012774202411593,4.328007994628719,256,1.4145325618807583,cross,False,raw
Energy,Healthcare,Energy,Healthcare,2,0.0401277420241159,0.4012774202411593,3.257575924838359,256,1.3965552771975343,cross,False,raw
