source,target,source_sector,target_sector,best_lag,p_value,p_value_fdr_bh,f_stat,n_obs,edge_weight,edge_type,is_self_edge,significance_type
IndustrialLogistics,Energy,IndustrialLogistics,Energy,5,0.0057645968810879,0.2419076862531576,3.37567365340875,255,2.239231057569689,cross,False,raw
Utilities,SteelMaterials,Utilities,SteelMaterials,5,0.0103219001145588,0.2419076862531576,3.078380877984258,255,1.986240347930844,cross,False,raw
Energy,RealEstate,Energy,RealEstate,4,0.0113800683713321,0.2419076862531576,3.319278161330609,255,1.9438551286963912,cross,False,raw
ConsumerDiscretionary,Healthcare,ConsumerDiscretionary,Healthcare,1,0.0123403897835528,0.2419076862531576,6.352818732992031,255,1.9086711224605861,cross,False,raw
Technology,ConsumerDiscretionary,Technology,ConsumerDiscretionary,3,0.014347166651979,0.2419076862531576,3.5901578855614,255,1.8432338570419136,cross,False,raw
Energy,IndustrialLogistics,Energy,IndustrialLogistics,5,0.0161271790835438,0.2419076862531576,2.8483526348595904,255,1.7924415914201326,cross,False,raw
Healthcare,IndustrialLogistics,Healthcare,IndustrialLogistics,3,0.0349682736770602,0.3849447510803628,2.914639110795932,255,1.4563258075258405,cross,False,raw
Healthcare,ConsumerStaples,Healthcare,ConsumerStaples,2,0.0358437074245218,0.3849447510803628,3.3736650719693726,255,1.4455870762772254,cross,False,raw
SteelMaterials,Healthcare,SteelMaterials,Healthcare,1,0.0384944751080362,0.3849447510803628,4.32846505483635,255,1.4146015978232656,cross,False,raw
