source,target,source_sector,target_sector,best_lag,p_value,p_value_fdr_bh,f_stat,n_obs,edge_weight,edge_type,is_self_edge,significance_type
Utilities,SteelMaterials,Utilities,SteelMaterials,3,0.0027485095707179,0.2473658613646139,4.834240859354751,255,2.5609027464178302,cross,False,raw
IndustrialLogistics,Energy,IndustrialLogistics,Energy,5,0.0089408908955151,0.2604103733175111,3.151966483391882,255,2.0486192047243206,cross,False,raw
Energy,IndustrialLogistics,Energy,IndustrialLogistics,5,0.0091452207482151,0.2604103733175111,3.140403324006092,255,2.038805807019205,cross,False,raw
Technology,ConsumerDiscretionary,Technology,ConsumerDiscretionary,3,0.0127638130075887,0.2604103733175111,3.678454303139645,255,1.8940195669328717,cross,False,raw
Energy,RealEstate,Energy,RealEstate,4,0.0144672429620839,0.2604103733175111,3.173507648788864,255,1.8396142249582124,cross,False,raw
ConsumerDiscretionary,Healthcare,ConsumerDiscretionary,Healthcare,1,0.0226167803761752,0.3392517056426286,5.262454456353344,255,1.6455692192329137,cross,False,raw
Healthcare,ConsumerStaples,Healthcare,ConsumerStaples,2,0.0362740607653196,0.4342504466520358,3.361406070095084,255,1.4404038238170285,cross,False,raw
Energy,Healthcare,Energy,Healthcare,2,0.0431434224032424,0.4342504466520358,3.18340223321718,255,1.3650854069411933,cross,False,raw
SteelMaterials,Healthcare,SteelMaterials,Healthcare,1,0.0436783182706216,0.4342504466520358,4.110348693686253,255,1.3597340914537177,cross,False,raw
