trade_date,Banking,RealEstate,SteelMaterials,Technology,ConsumerStaples,ConsumerDiscretionary,Energy,IndustrialLogistics,Healthcare,Utilities
2024-01-03,0.015050081230039666,0.005502480667965992,0.018091555212196592,0.021212071396440917,0.005842130578972722,0.028805425797939172,0.007418674735261292,0.016077775045997722,0.022892602941346762,0.007548992578826574
2024-01-04,0.016563775477936787,0.0011720396203677523,-0.004723250872967766,-0.004120753868472511,-0.0017554574239442289,-0.01075571107248278,0.003869139610546135,-0.005319806990250031,0.0009592399985728362,0.002802742194917792
2024-01-05,0.012299554105559421,-0.003161630226951521,-0.0008943501379703825,-0.009369840838200916,-0.004537022307161613,0.003950389823932772,-0.0005104819287320428,-0.003430202007714193,0.005190767104141569,-0.0093828636539142
2024-01-08,0.022850158354184764,0.012827210684435894,-0.002983023594959463,-0.009947094867576722,-0.008210556261657046,0.0051653124833441755,-0.006085866545334828,-0.0007431390472468768,0.002438582936757768,0.0006895431461008868
2024-01-09,0.006294032100639761,-0.010936652993829177,-0.012079379443870017,-0.0031782334272932125,-0.005747128112276734,-0.004386480630864886,-0.017531009205981496,0.00808103274697928,0.002587140268204909,-0.0026951846879869437
2024-01-10,0.02740921392878337,-0.007474745447881366,-0.014209898463116563,-0.010193308926212064,-0.006716565927715708,-0.005800461280345763,0.002735490556327269,0.0031795859596594664,-0.011950399371706758,0.0021600828757072366
2024-01-11,-0.007059615710892493,-0.006266731788497459,0.01362491673686006,-0.0029622838249185137,0.00469361533582624,0.00013947258087369333,0.008594984874210102,-0.004213753478116218,0.00621731558406539,0.019461514308782697
2024-01-12,-0.0003059933226146801,-0.021177395358496942,-0.012312152781526198,-0.010309958514330623,-0.011566052259511461,-0.008385056944198332,-0.00991349547928555,-0.01361048603303631,-0.0019241210749015119,-0.012051328632447733
2024-01-15,0.00806502979648116,0.0026563151597351156,-0.002827582120183562,0.0012695253805160196,-0.0006896209458599293,0.005947218070960584,0.004854348533705847,-0.006758330791278115,-0.0016915390427230854,-0.0032993668876563445
2024-01-16,0.002175558077941675,0.016672573801556883,0.051506675143038784,0.011336135399444336,0.009622539627867669,0.02573467689391329,0.002843479764487585,0.001610035677004536,0.0017575438173058622,0.00910974727938411
2024-01-17,0.0002705483243142422,-0.014733705049191359,-0.006736747433614336,-0.005380905012473421,-0.0054364127468698635,0.007083649607569575,-0.0030499336044651124,0.012006497420088413,-0.008622581815599975,0.00015128000361626834
2024-01-18,0.009191907371376281,0.013636780152177804,0.003924803932398098,-0.004557724162587336,0.0025316768790613065,0.011552678833512001,-0.0022871150669440863,-0.0049061077724862345,0.016722987531462213,-0.005486632883443347
2024-01-19,0.033554111708372636,0.0006157192051928773,-0.0021878267418139843,0.007953539985490346,0.014904827937778734,-0.0015256270927757054,0.0095327345698449,0.003770989188234782,0.0017151288162523908,0.007699396086618071
2024-01-22,-0.0020313832195168655,0.017647795187327064,0.017558996224954788,0.006513143654318358,-0.0017294274911563805,-0.0023811285571525564,-0.0039302219956147315,-0.005542682607578842,-0.0038448850413234834,0.001852751407633561
2024-01-23,-0.009005965722610365,-0.01233229872290161,-0.0037626865760341057,-0.006509379242701341,-0.007135308476399094,-0.0016835634374223751,0.008024852535260973,0.00936720359339227,0.001293229005051466,0.0008773807719218615
2024-01-24,-0.006974241464629327,-0.004295047714063749,-0.004417874995672551,-0.00576295017812789,-0.00839937462936006,-0.01492032785029355,-0.005691027787946834,0.0020786875212624643,-0.0019308730729598416,-0.00638499477595796
2024-01-25,-0.0031971655090161644,-0.007807568025007594,0.008340617715617707,-0.0013168777649040047,-0.007247517060209652,0.01514680927984872,-0.004985016560493438,0.011003674009612588,0.00019784462904196923,-0.004223575575402909
2024-01-26,0.007957979817470632,-0.0008222331853313669,0.010200785091621256,0.0074863390077645935,-0.013078547020903867,-0.005277278898086528,0.0003618285811196979,0.012682567843246137,-0.01062363473933566,-3.129033559245986e-05
2024-01-29,-0.00247403811654745,-0.006615795806919918,-0.022435094571377046,2.773090845694289e-05,0.0025305718526896412,0.0038910147813601506,0.007474460046455467,-0.010604524418233416,-0.012949060777218913,-0.0002313175427551828
2024-01-30,-0.0035104686876284616,0.00283310011070285,0.007639604999488014,-0.00025880726551071503,-0.0020209521635625727,0.009997076737773133,0.0038926652781247815,0.006975458390182025,0.001542417611769764,0.01347546869178747
2024-01-31,-0.020646488026401493,-0.0005068657375443264,-0.017096762479972345,0.00958618554570704,-0.013278608883529644,-0.008003675945925326,-0.010600781277715687,0.010254061209228227,-0.006624086611361195,-0.012195591447759169
2024-02-01,0.006618981059618223,-0.0034337082180219878,-0.0016571459003305034,0.027721882984234208,0.013215172896853996,0.014464423438081372,0.00041286060793721546,0.011824713609226581,0.0049806997883203126,-0.003600530604510155
2024-02-02,-0.004260756282014573,0.0039639180596370656,0.0040414232607541845,0.010063256808649501,-0.0018586036393852812,0.011921198669399002,0.0018093000609902266,0.003201982033331441,-0.0018979517656377471,-0.007110757049298829
2024-02-05,0.03448171838157369,0.0011277871427476753,0.004810840681922501,0.004991453060615954,0.00043455949046985093,-0.0021171366214306118,0.004784503945385617,0.025333475354173185,0.0029009883074696172,-0.00046218017239881465
2024-02-06,0.004089787881450794,0.003835879276195553,-0.0002467602617192884,-0.0052773710560135205,-0.0007778872714332419,0.00018180401201058535,0.00971800253815928,0.005263424323495247,0.005871559633027508,0.008530293000360937
2024-02-07,0.01356419966462948,0.008204372312544969,0.0047689162359805986,-0.0015473214032999765,0.0034675225243701036,-0.004457091311922364,0.00042735042735042583,0.002824320067156161,0.005501788998908889,0.002373855565135289
2024-02-15,-0.005063599528673857,0.006353186193809757,0.014250486937785523,-0.0020364618609240623,0.003439443834613994,0.004913768207483164,0.003447924305114943,-0.004103017433327046,-0.0021260773586042983,0.015362328709953502
2024-02-16,-0.0015201528070017585,0.020591010025611405,-0.004076254505377741,0.00028750896227125455,0.016269653561940472,-0.0004950158610567875,0.0027651444323876597,0.022229686566810347,-0.002631401911351139,0.006395693434602112
2024-02-19,0.008778689882200208,0.04263002767296342,0.004564784112864577,0.006093197574001545,0.022078625014469038,-0.0019341180976419903,0.023815395544754796,-0.0005134335545876242,0.016747674592248723,0.027903862352881264
2024-02-20,0.0029994764703607326,0.015046262608622518,-0.005652664236076577,0.0068550457851436946,0.0016699965063026179,-0.006344674438892898,-0.004969611167787824,0.008099942288631867,0.018402230682970977,-0.004928917763186417
2024-02-21,0.005155721230972521,-0.020788961415822538,-0.013205109833799744,-0.0027061750776889992,-0.007700480564921637,-0.004867751870882435,-0.009374577423869934,0.003960661869771583,-0.0029727723206803836,0.0011544828928171658
2024-02-22,-0.004827695789794954,-0.00374810799917998,-0.008650349975255415,-0.00015007807361859063,0.0013627202983545288,-0.0036320763292707983,0.0111660160081087,-0.0034365047180029786,0.0006667953879907115,-0.007236668923755851
2024-02-23,0.00829485472134972,-0.030028405736420887,-0.01374589285600684,-0.0038753931648872753,-0.01536662517282191,-0.025255199576979043,-0.024348338908216416,-0.01951783154291346,-0.00904081668305412,-0.019700088101157236
2024-02-26,0.016683253454388963,-0.007900100970087864,0.01406821311890886,0.03015733368629873,-0.0023745918670228607,0.007209369041933848,-0.002724614016431167,0.037064980517365474,0.0002987601970960707,6.202078185313376e-05
2024-02-27,0.007000368494784914,0.01563892299072352,0.029640306523867583,0.025713490314335414,0.0074423251951369895,0.012510734616711483,0.0187457320531282,0.005749458874458879,0.0060415459769696716,0.013922046219556542
2024-02-28,0.026744354043755192,0.0037632661728868033,0.003984929454841672,0.0023475445155577055,0.012646311280310648,0.004639290065803141,0.02990549908901981,0.008491992330896961,-0.002623233120954508,0.013935661393253973
2024-02-29,-0.009579579952541181,-0.009761224242805122,-0.0004162503140035338,0.0051647559358041955,0.013939130709057094,0.009708312994718341,-0.004612074795930621,-0.0031043950008463974,-0.0020943034858708445,-0.00737193155103603
2024-03-01,0.0037156701452017624,0.009695721313836373,0.005428711561019761,0.028076935970418788,-0.0012476682941910215,0.04280411363353901,0.010839533434860105,0.02969546765033256,0.0026856457397064584,0.013344659830662428
2024-03-04,-0.0007313709560900309,0.003936192251916326,0.009566507914879674,0.01136742693032026,0.002001668598046883,0.00423737079725887,-0.0016726985423106688,0.005271133104234253,0.0060427996811916644,0.0034245855838827
2024-03-05,0.007974127291403454,-0.007496338113638257,0.007120474884529345,0.03438213553473816,0.03113388917911279,0.023598125612538896,0.007680049267811147,-0.0005224099209060936,-0.004489322227814545,0.010400905551172976
2024-03-06,-0.0028783725593456064,-0.011989969869965108,-0.012353231645014562,-0.0059050416935176875,0.013422643291043848,-0.023300299694653415,0.0016802002179033826,-0.013895509155020505,0.0,-0.00744614128209542
2024-03-07,-0.00877121818371803,0.00493010416671454,0.00026993620503693955,-0.005352104034424691,0.01397453642867689,0.009061662390813149,0.017095002650000524,0.0035402633394191105,0.007824090677396386,0.002807098156569691
2024-03-08,-0.02837127032681752,-0.018661533825756454,-0.022482809305217104,-0.026770635768598505,-0.022022601803355135,0.004684614961294871,-0.018415757036355934,-0.005958654076500129,0.015178317926048254,-0.003018382581719751
2024-03-11,-0.010685096053355103,-0.012394330696447945,-0.0160502371753339,0.017187126291564898,-0.0067159975962619205,-0.006298487358300371,-0.02293013284027338,-0.0041373374221996455,0.021041782094586698,-0.012347768536742318
2024-03-12,0.014261974420814338,0.00164528854594496,0.00044053764065058826,0.027116369256889206,0.002618008118665379,0.025526534860413525,0.006813060823477028,0.024066947313284404,-0.0024118620791527454,-0.004973015236739801
2024-03-13,0.015824058663815938,0.016497378859053224,0.02823196155051318,0.022062480093220056,0.01601063476610376,0.03440645520019273,0.023172677054424495,0.026979604898396643,0.010973540742698221,0.013000121628829797
2024-03-14,-0.015777186986456804,0.004839420709521554,-0.012205303143621005,-0.008366917890481792,-0.014726884327084614,-0.009920082424892951,0.02723451064353477,0.004117187988659195,-0.00037994745582936584,0.0029605236823213956
2024-03-15,0.002555882407894764,-0.014097078474318995,0.0006526947567944141,-0.010940437652222227,-0.009455503895239156,0.012711887731289359,0.00702381592961739,-0.008701500754587385,-0.005649873818979634,-0.006798891367323516
2024-03-18,-0.018738807858146522,0.014222977727334126,-0.022588456327061596,-0.03615056078987252,-0.014414341503771447,-0.036435862796291074,-0.034534070109987436,-0.03424213878888268,0.024204562449705553,-0.024733938809693323
2024-03-19,-0.004339153362260428,0.009057521017156475,0.03187483713716377,-0.00836878686549821,-0.0014616399807838205,-0.010217161565035604,0.008835406364113582,-0.010039150634970628,0.009351675259311612,0.0031910082258462813
2024-03-20,0.02209534300544987,-0.005904325596838733,0.0038365718495834513,0.013280773172813362,0.000545170542487261,0.0324741103924584,0.013920290269162269,0.01955490052677485,-0.014403676630646714,0.005932536714807164
2024-03-21,0.012484550735385014,0.014521115068181656,0.010531843108208502,0.013982670853938894,0.0067315305353160175,0.007722694919310917,0.009968209968210054,-0.00041585746116001854,0.014274900043058869,-0.0018066185715506962
2024-03-22,0.0194049170873641,-8.98659643936428e-05,0.01336724395748908,-0.0029697649316385855,-0.00022998721021631288,0.006944278012998388,-0.01023865785871425,-0.003402345882825175,-0.0009698385375275972,0.012633565199494582
2024-03-25,-0.01907835707748799,0.01129908382120448,-0.010000200897648193,-0.017445442025378084,-0.016847780478259595,-0.02480075856241733,-0.007792826666089492,-0.012999872101773299,-0.006414293183173843,-0.005952452524407644
2024-03-26,0.006897549733888046,0.005722569718559815,0.020196490155734475,0.02122236949510044,-0.005250278428800141,0.008762563286975888,0.016648207836403566,0.008153657882282358,-0.0015767947950068677,0.006050255085237118
2024-03-27,-0.002091338285977814,0.00287564251173796,0.009056012299361704,0.0266080342293941,0.009800210558462105,0.016976480950991135,-0.0037753243135858483,0.010094932753574093,0.001491409827522198,0.005608033596530504
2024-03-28,0.002717777345098593,0.002008575968425815,2.4367751960944577e-05,0.024692557600100102,0.0008869052392975751,0.0036632638529856543,-0.006879391100702533,0.001952362358453789,-0.00466869164135449,-0.0007122507122506727
2024-03-29,-0.007919444895382544,-0.010748239451816724,-0.014339132825637294,0.011655536852947365,-0.01129646945761135,0.00625778229072534,-0.0010688165557788398,-0.006297423209986571,0.0037516009518393143,-0.005191068395672738
2024-04-01,-0.0040700819103151415,0.005622433002239413,-0.0009257472279365168,0.008927139767879696,-0.005933150339678635,-2.9167801144665734e-05,0.008139925950535845,-0.0027166498422351117,-0.005758582502768579,-0.010132135467529077
2024-04-02,-0.0037145432416605395,0.0008358776947412864,0.01614780084841705,0.030526277509175432,0.004122513874221911,0.010172554109288376,0.03260905865193231,0.0056520039387902106,-0.0037547650236538685,0.015162691360647814
2024-04-03,-0.01731633756110144,-0.004672051742865224,-0.020154710480816334,0.047122310280475976,-0.010253582067578796,-0.024607252204455882,-0.015088627295035387,4.2727322758229214e-05,0.011886796607688913,-0.009935878104726773
2024-04-04,0.002897189902701195,0.005588467773943358,-0.014950837147140553,0.026286418082037317,0.01047253533699292,0.0060759479140983785,-0.008538462706650929,-0.008665425657754708,-0.0017028014554158293,-0.019359434150396055
2024-04-05,-0.012598517326634973,0.014550747159442748,-0.019322163246136708,0.011417085285479134,-0.010616553522061404,-0.010266322354200367,-0.008878043193245219,-0.011679600570680404,-0.000644547385130867,-0.010771869366342335
2024-04-08,0.007161551966215078,-0.003900241801766402,0.003597917458904106,-0.05737424244885873,-0.009163169799094631,-0.024997058386113213,-0.005419608114218859,-0.009078934015421813,-0.000705748790042815,-0.012043348856265235
2024-04-09,0.017638254183571123,0.0016103059581320522,0.013863837570335416,0.02632006428737103,0.005582005330521482,0.03108501497378306,0.004229864574815778,0.009241504162071923,-0.000568500583232138,0.011063459548809274
2024-04-10,-0.009446334779229995,0.006750737340528001,-0.009931797901617653,0.010706491902408688,-0.003676673704311869,0.004626219293268267,-0.021965415317605614,0.002850622617487586,0.0002900621365203859,-0.0017270711318823444
2024-04-11,0.00511545700835947,-0.0016878536547554706,0.019575103731958476,0.01735276974183564,-0.0035968190422791904,0.004276250663880228,-0.0027958538361750516,-0.003774667939908586,-0.0021907788458570923,-0.004236042858226023
2024-04-12,0.02641674208601197,0.0026221067313838184,0.001938652888403114,0.015265668136730174,0.004520012884495254,0.01266657132804235,0.01781337707101316,0.01774084069787814,0.017661027518460253,0.008557501414987456
2024-04-15,-0.05508089978725735,-0.04809796608255449,-0.06297193253218743,-0.05604006644324455,-0.03813291617512423,-0.05785483823431189,-0.046117838129674925,-0.03669641197308312,-0.0033556183161810305,-0.023270064916255235
2024-04-16,0.006499096866085519,-0.017170846601211487,-0.0158069334378671,0.020333291408656324,-0.009833766114708839,-0.0032135811856120653,0.002381264775005628,0.0019681104372218186,-0.007404382127811582,-0.01627570233489802
2024-04-17,-0.029657599410002677,-0.03181847045428562,-0.02528677841606027,-0.01714821714825987,-0.0002996716223619596,-0.0344261316891639,-0.025724773408893047,0.0059774067399652004,0.007660363292550969,-0.00010439239474994515
2024-04-19,-0.009575976233735073,-0.033594966053982454,-0.025136767031788836,-0.02544297447845852,-0.010741032623354907,-0.024210265827580086,-0.007140817759221929,-0.00897356549537002,-0.017058611731858225,-0.0309244675211147
2024-04-22,0.020015341129853887,0.00538816398558184,0.02721215589073589,0.018024239520068115,0.005406074794038799,0.028337726994883534,0.0033003300330032292,0.011932061928146368,-0.018082135047427617,0.013720820797395191
2024-04-23,-0.014755404853514712,-0.026855056915177162,-0.03897033433781031,0.037073012459112986,-0.014768999907802005,-0.0038359234540351985,-0.005785931997497255,-0.004137935696797361,-0.002265999852474739,-0.013397485493230166
2024-04-24,0.021219590786984766,0.024210678603211317,0.04254230002198408,0.06337972309080553,0.017720350347904718,0.04564903527149141,0.0169277714590154,0.015427736329712283,0.011859796247083812,0.02239818532276557
2024-04-25,-0.0007431338389046379,0.004057643124139254,-0.009080879547971024,0.01379949153522871,0.014598967691592524,0.006951330019519604,-0.00752283653171119,-0.004013378889625756,0.009205606029809021,-0.008499525963271193
2024-04-26,-0.004036504421995583,0.02139410879863483,-0.006636837140260199,0.02302336604195691,-0.0028414706332791084,0.01357416977990152,0.0017317662527051396,0.02129935417779764,-0.0023301928425430254,0.00886185521096361
2024-05-02,-0.0019616701332276407,-0.004163267383013795,0.018452629967557626,0.028231586581801766,0.019455214680806465,0.009840939459206352,0.0006313026800294589,0.021022017178004598,0.006159071232485454,0.04845983656675227
2024-05-03,0.002660794346278269,-0.007944209942162458,0.008480995184800092,-0.024801688145376866,0.010432980232499686,0.00029144851448470455,0.005928034065363352,0.01783310676398035,-0.0008673026886383273,0.004504063387749002
2024-05-06,0.018811339852261428,0.009609962730982394,0.022925633317341543,0.01936736935437307,0.009007207362776123,0.024857135927931002,0.01813702175486583,0.02829973003254982,-0.020532323056454988,-0.00010973779330336608
2024-05-07,-0.0077119749369206625,-0.005619757379436763,0.013329165572954826,0.0341246164932163,0.0156691499496117,0.013483432692769451,0.024341014405654282,0.00017578529837262527,0.01937885990696442,-0.0023227266070038333
2024-05-08,-0.002897371391880991,-0.0212135698646031,0.011239864034410537,0.027109131453890267,0.011582927672805407,-0.00028830818973239286,0.027549703334390403,0.005005149588201603,-0.005242601474302999,0.009048178891367517
2024-05-09,-0.0008041261972072666,0.0041969365748815895,-0.00661813706085997,0.009937119516413443,-0.017837145579615837,-0.005961913572376483,-0.003012245231807912,0.004110408990342318,0.009072883398426601,-0.006106600191217115
2024-05-10,-0.005283566008499552,-0.012790603595614273,0.006114370740011532,0.03275429227858032,-0.0033269749617638547,-0.0014187974514939066,0.0013575269957712226,-0.0074770745200942,0.00029335067192996317,-0.00663182967071041
2024-05-13,-0.012244651839262525,0.00296778286999592,0.0042428428855085425,0.0024639652633950218,-0.00755030476610119,-0.008808732452282753,-0.0038535906770580017,-0.02413457134080199,0.00019432155267155396,0.00882232941747437
2024-05-14,-0.004892843616116009,0.00935204934530535,-0.0017487096814505776,0.03242112545246615,0.003796410667556945,0.0147654749504141,-0.009569081237926732,0.006387689593355265,-0.003828017745867015,-0.004141664230485453
2024-05-15,0.005393451823711833,0.01278444336449458,0.022926372385072336,0.03291707206327832,0.01295957116281706,0.009815723463021694,0.007478768734145473,0.005585028955155742,0.001979332482433501,-0.000800907527669259
2024-05-16,0.021429223048171853,0.004137713017107932,0.00987396201844352,0.0064194014918661875,0.0013232562943901183,-0.0031630918050004806,0.009064775196371574,0.006040470113794383,-0.0044145080121439735,0.023145508740130216
2024-05-17,-0.005422961308112151,0.006563778509052136,0.00865164970343102,0.03368536124786973,0.016745741921661266,0.01670218695741969,-0.0030203902170736394,0.014858787616427152,0.008484506513089777,-0.0014364240672258832
2024-05-20,0.004562119294545752,-0.004216092714532198,0.011145309957319549,-0.002788716125017484,-0.0007214367155448839,-0.0035012072017025497,-0.0006365117486850277,0.005475159946464303,-0.009412915361133681,0.0004101923891477825
2024-05-21,0.0027609063761847574,-0.003909205363725299,-0.0065772501688110925,0.019167043663162613,-0.0024433511443340272,0.009001317978290771,0.004284930124278256,-0.00030395645175074204,0.006367661079116867,-0.000802827503667188
2024-05-22,-0.009274960507339928,-0.002033051045049916,-0.004793179257575979,0.011587121712024917,-0.013271085371078906,-0.0020109771818067244,-0.0027980244805041097,-0.010646829438941649,-0.002324337312187471,0.0006208399062210453
2024-05-23,0.0016226213207288787,0.0007434851918254326,0.027832674351174685,0.004106310369697774,0.026285560506286016,0.006016609080438921,0.04262828681218064,0.008484433838048125,0.01790742937415646,0.03477654537853714
2024-05-24,-0.012476107970856076,-0.009292646628776194,-0.029090027712567856,-0.054354025755850875,-0.0234978258054952,-0.02367796744260427,-0.011266770543029861,-0.024598751998050467,-0.007181318439611746,-0.01834572159285312
2024-05-27,-0.0031234000543203986,0.0018331991752810566,0.008156834632064033,0.003805726266574938,0.0033747082946994724,-0.005751516531995793,0.013552646845183055,0.0025594975527632644,0.002512495792538797,0.038601784482131585
2024-05-28,0.0012234343631423543,0.0013917884481558691,0.005836554681961648,0.03829529729664971,0.026847011759361106,0.019335917699534466,0.007289209894618158,0.014339323998609599,-0.004036095775641864,0.015579938677179106
2024-05-29,-0.012374529829502748,-0.01704872293703963,-0.013280772304005742,-0.027312982097446776,-0.0074168465994497446,-0.015737281384005652,-0.0037155845086645303,0.003898549439265523,0.014859223427935072,-0.012323058534073525
2024-05-30,-0.009061422042828485,-0.013168958432116332,-0.01407775043605423,-0.00460137466981736,8.409834812746671e-05,0.012869944616287987,-0.0020599148904888085,-0.007227501862957657,0.003699043304549584,0.01782443820074738
2024-05-31,-0.008327939970662834,0.008939022265252191,0.008620847396442496,0.008216674281691075,-0.009706837853589279,0.013483606001469584,-0.0105295648384931,0.016708848452834973,0.00029309820292007976,-0.008644359258099662
2024-06-03,0.012504371188639155,0.01845897298848446,0.01910505109715155,0.03284773161871546,0.014669506250120904,-0.0009647506766018813,0.012182083575109859,0.026275386329710642,0.002872276921978482,0.03445032176661441
2024-06-04,0.006004844403697529,-0.001412427382204114,0.024242488386904643,0.03481551977710651,0.00979209833649767,0.0021720327944010354,0.0026649388301952515,0.01771529595191823,0.0019324654190398711,0.007938510393870724
2024-06-05,-0.003443079129045475,-0.0025434436906282367,-0.0006116207951070152,-0.0024381048551203413,0.03800488075358185,-0.014914732987286702,-0.005440752723538241,-0.015236892162986551,-0.008718180701168773,-0.014116047446020463
2024-06-06,0.0046316343283305805,-0.005884903969719302,0.008206358337572514,-0.0021310395188800144,-0.006757868901313431,0.002050117700992874,0.00024806149731852284,0.006569601719909575,0.0043759334334631346,-0.006315125177445369
2024-06-07,-0.0009212369130273309,-0.0006609481163929454,0.0,0.006469335172650359,0.013023995541656083,0.003948632907519456,-0.004224618892885131,0.015177316668428253,-0.002110580888417609,0.013419113539362279
2024-06-10,0.004597552091821555,-0.0025620106764645914,0.017652924144951603,0.007055185272049698,-0.006071966050998023,0.004229416445022283,0.004688045387035193,0.053892961856814324,0.008518970450709004,-0.006902617025722886
2024-06-11,-0.008119664250841615,-0.019465230978371866,0.0023268868088348973,-0.002253679738764817,-0.009594885360737196,-0.005226922115044719,0.013087074449223227,0.0034655726862104683,0.0008907096754134924,0.008228792593843385
2024-06-12,0.012684776639891501,0.007389021814655654,0.009184208116714684,0.023827637770385806,0.00837046809741678,0.02388579901832048,0.003236892952931688,0.005843783227047076,-0.003403319451826851,0.005260793694753296
2024-06-13,0.0059648862706932855,-0.002927320243851894,-0.0023486063604331773,0.001726609270366682,-0.004102722794200246,0.0020244571482806637,-0.010232448418810028,0.03228388895449582,0.001619566852195072,0.005478775068575119
2024-06-14,-0.020130178913919255,-0.01454621733690653,-0.02757514042494913,0.03550930820265519,-0.017191182673465904,-0.02262213973392513,-0.02886471268709852,-0.030097476718798366,-0.006717982836925189,-0.0334144287087497
2024-06-17,-0.009065863615489852,-0.00010688157576499435,0.04101606630474993,0.007759618984162664,-0.007624199119617685,-0.010396496676446302,-0.012486532170479755,0.024405202359725504,-0.0010337186351386436,0.010107563613175627
2024-06-18,-0.00406871609403255,-0.00047667440960119656,-0.003067278615442648,-0.0030462618744284318,-0.0004717259272362477,0.003646832414443487,0.014765354284007826,-0.00778558033102561,0.003330887609714154,0.03790218502630697
2024-06-19,-0.0032363007482010633,-0.010851841845755161,-0.001316247913629498,0.02585744800359217,-0.014075124105040896,0.008798946031820595,0.005482168171556445,0.003053331985952701,0.003994582858850386,-0.001973796062421429
2024-06-20,-0.009619633776846529,-0.007700282957040838,-0.005150062155922545,0.011009558358761273,0.005003509709726813,0.00660989822525145,-0.0035647763550389713,-0.0009019673072796497,0.018808581906272142,0.012281938611423978
2024-06-21,0.000678097452291008,-0.005583628356258363,-0.01219767533326858,0.006406039688444702,-0.0015102944067708994,0.004393264431806061,0.008724841208229694,0.011710834553149732,-0.012445834736527347,-0.01633561025763064
2024-06-24,-0.011962936507613597,-0.009480746253003621,-0.035514980313929266,-0.04695642555521536,-0.013471659842272055,-0.02485926108810843,-0.03785736253132951,-0.040409405351255624,-0.011685951530473951,-0.006783524693286469
2024-06-25,-0.00659875578885849,0.0063791622850290315,0.020556225492555386,-0.01627212726506207,-0.003979184854626079,-0.0011007895746125336,0.004609297894382358,0.022890742457948754,0.004650221261374117,0.007192894036247936
2024-06-26,-0.002013910569595286,-0.004971807218998296,0.005723887596519391,0.017033604005737574,-0.00431535998332544,0.006214744391366415,0.010555882747759019,0.015282815564381972,0.006606982244831361,0.006224503788008651
2024-06-27,-0.002971768202080227,0.005317947183705596,-0.006505313398393331,-0.004933768308821122,0.006043314444965864,0.0015988887244230792,-0.00866784482033156,-0.013223776361222295,-0.0014491648134846713,-0.012121212121212125
2024-06-28,-0.009550380911720113,-0.0039061536366482206,-0.03400418733768914,-0.029317730717500063,-0.0013729515003239785,-0.00591049654019038,-0.013308145691982132,-0.004524731144988007,-0.0034807255833660586,-0.008586214172859652
2024-07-01,0.019163789221967525,0.0016622130353059668,0.013321134672592475,0.005766290688255404,0.013361583241011369,0.022232706981363815,0.010865660431456647,-0.011943129322903276,-0.003552960712732515,0.0010031604844833082
2024-07-02,0.025467129718904635,0.009747208058152582,0.021932527114999784,0.009024216493016582,0.003985221030303225,0.007226755831908349,0.010520823294660827,-0.0016787496177584904,0.004083116280328018,-0.0021425711055737726
2024-07-03,0.012049520769967273,-0.0009537199463102904,0.0013425160489436057,0.002207587592929494,0.002463349356200369,-0.0012758573190633597,0.006837898541393865,-0.008826538677717174,0.0045563987945617486,0.018151495096795516
2024-07-04,-0.0015979311034891586,0.00057489353265013,9.311644236242866e-05,0.03309260922904422,-0.00037602319222636754,-0.004121349314402778,0.015234817350701127,0.013411620774867091,-0.0029822850658051125,-0.0010052695636986926
2024-07-05,0.004124656278643446,-0.00481540930979137,-0.0038515432312810813,0.002728001618118777,-0.0020065250104159826,0.009232316913656113,0.0020669374301669485,0.022212118018050786,0.00040412967230292934,-0.004582398879075263
2024-07-08,-0.006190692245830909,-0.010476048978281286,0.016474933330590618,-0.0017766935484621789,-0.009443675438646215,0.011651847236773335,0.02417923746360458,0.007008141756863854,0.005657762953687806,0.01536554428827297
2024-07-09,0.00804816078634,0.006931794451831601,0.0022741575247441728,0.0005523139081470655,0.006147382938434383,0.011480424256642937,0.0004960591859716942,-0.004647337673565177,0.026337640285109615,0.027605920144424534
2024-07-10,-0.005448903267043688,-0.0057680878685576475,0.0002114205013347877,0.009852164510156839,-0.007364617524351284,-0.016967102027980203,-0.00356224615396894,-0.01822429690748595,0.00039107750384263323,0.0003841391786422547
2024-07-11,-0.004617484399907353,0.012002492882870882,-0.01187383394701739,-0.008694101310251242,-0.0074255703766938535,-0.001458019834227331,-0.002288284779861723,-0.001738932332727409,0.029289538740654136,-0.0005981588271196289
2024-07-12,-0.005454320318572588,0.0024152509552173664,0.006095678525994945,-0.011227057753104877,-0.006141596677083805,0.0030644991277598934,-0.0038566955786139,0.003198232000461062,0.016005725750095845,0.00023162735107862265
2024-07-15,0.000354708570209102,-0.008859559306874801,-0.005285925265039719,-0.014058547598299498,-0.0031070334504276578,-0.0030338133084713745,0.012408035679000581,-0.006150248947039157,0.03190403517298468,0.0050315602030977695
2024-07-16,0.010011198495284349,-0.018690596735835768,-0.007297561657234719,-0.025017397354934762,-0.0027074480467470887,-0.0072419975506829255,-0.006818148086163989,-0.012909860042302287,0.06083579483718323,-0.0008987560965117251
2024-07-17,0.011491159244203223,-0.021953601759978698,-0.019062839936982545,-0.051413477900156455,-0.022675812359322294,-0.007206498706437821,-0.02955062883141109,-0.02176442171577579,-0.032652942768344,-0.03892476679685938
2024-07-18,0.007975756587037678,0.007615335114423509,0.017863689290340694,0.0004016531310225095,9.895404005488828e-05,0.016032686735249824,0.021917515311621488,-0.0013226895130911132,-0.01994542471845595,0.004619812693069621
2024-07-19,-0.007826779740867465,-0.006862931181942367,-0.02327242944155013,-0.0238008067692224,0.0014934078774883803,0.009172702324568275,-0.01361329407740249,-0.017745570716268772,-0.027264734230732574,-0.033933294462193175
2024-07-22,0.0032637435191236186,-0.020529141137246205,-0.024595205445978114,-0.051240104314717115,0.009209250662663834,-0.008211093275231507,-0.016203083237859312,-0.013590923129168209,-0.012832479886357532,-0.01009664255109377
2024-07-23,-0.025044252994066245,-0.0011794692319403444,-0.014536464581455818,-0.038120734869620976,-0.008931313787223413,-0.03880748047521765,-0.00535102338833197,-0.008434899157670372,0.005847610994487791,-0.019244223837917834
2024-07-24,-0.0013098088837718569,0.00920220386406275,0.008943001689806662,0.004282016524327507,0.0002138261050526428,-0.02055515532247994,0.010099547104120754,0.010082297946716778,0.00851013088712064,0.012492829243216338
2024-07-25,-0.008222402495392115,0.0025088845156192954,-0.007605866718330893,-0.006592450633339501,-0.006002239313095699,0.004021784890404241,-0.0006965268480821537,0.016499932913620025,-0.010724754306864296,-0.004468384919282771
2024-07-26,0.0070429504244973185,-0.0076609403916730505,0.007671811831535684,0.025445613787570636,0.02122935380135549,0.008265902521019072,0.015195977311028988,0.01612790904906188,0.03775708968123551,0.027508104157484208
2024-07-29,0.00665768062936604,-0.007488524468529841,0.01109561265597018,0.015598583762251428,0.0065021268202462386,0.008132401022834523,-0.0032989004711369376,0.008868344428849243,0.003086783281752418,-0.002910590512786008
2024-07-30,-0.002416874256016962,0.013317637331021018,-0.007140194827165658,-0.003923758118420532,0.004596688292819229,0.0024427698020620023,-0.008093491395425886,0.0014474482887426217,-0.011391830139850456,-0.011048544361140814
2024-07-31,0.012165769717930042,0.01399743658529314,-0.03710521066523901,-0.01905343704969505,0.020622656172451143,0.0026198453597203,0.0066873185933816375,-0.008696468425410017,-0.0005894488653109079,-0.0030478382950522853
2024-08-01,-0.005737404925163947,-0.02198858828160762,-0.041445217397695765,-0.07659782503761559,-0.01887052921260568,-0.027722267094680692,-0.006693388669620474,-0.036064205256598404,-0.023120685996860273,-0.0265755727372049
2024-08-02,0.000569457080925447,0.003986830567968225,0.02605842114585107,0.009178524215349038,0.008154379769981013,0.02153963630548635,0.01675956299343932,0.012987373728062579,0.0201764116061595,0.03795996779117009
2024-08-05,-0.03318873183794228,-0.03404611718404985,-0.061293498495930576,-0.05489435331397711,-0.036358494861223556,-0.03988508340803162,-0.04740159432631186,-0.05812630189062066,-0.011701116575994042,-0.04482040438049021
2024-08-06,0.010620197791732547,0.013762922970357305,0.027679665051976016,0.028830843215236063,0.03697553662775769,0.015681917990609584,0.01947991119177946,0.0004254207537056261,0.005459852491720689,0.021336689929956743
2024-08-07,-0.004602454891466083,0.032689830047339864,0.0009204697776512191,0.010385001038812902,0.001588292310269727,-0.0009514539906768279,0.017347509610399436,0.0010040776011597252,0.0015163840101026782,0.0006375603200781491
2024-08-08,-0.004407986507192836,-0.0008704734458147382,-0.014571440687979628,-0.027751773960176435,0.0012735773362161733,-0.003672005985678184,0.0027969960482713274,0.007269641102368348,0.0023764705099541907,0.0005916373744982625
2024-08-09,0.020926849217675143,-0.00828376818490221,0.017089942191775176,0.042583729187896324,0.010898454793145143,0.036599178993409774,0.008645345827045422,0.02831450569731908,-2.2109009124471335e-05,0.00812610139194477
2024-08-12,0.003137816948428629,-0.01684268226670656,-0.0011124705427444,0.015159223218489318,0.001191505046476582,0.013376438954801154,0.012538016754301218,0.013402952897342871,-0.0012540735170410988,0.00752629032393437
2024-08-13,0.006977650668664699,0.0007725873450875239,-0.01746199377088668,0.01890744277957246,0.0036700588746415574,0.0018653430510052378,-0.005327868250286157,-0.006400811013682839,-0.001861148422681998,-0.021669489536351543
2024-08-14,-0.00322934707629167,0.005760455794872499,-0.010559821006183467,-0.006340186318285812,0.01706175195388367,-0.001670068536981632,0.004038445320265279,-0.0019556996674169693,-0.005498521688096687,-0.002443305400159986
2024-08-15,-0.0038405605204751003,0.007376788941313587,-0.024438739557396023,-0.025984696288904135,-0.007430025760172598,-0.005226765903456165,-0.008486363149872167,-0.006042491194356625,-0.0029605504597949306,-0.014492169938278954
2024-08-16,0.014772140141291246,0.03027363754736852,0.03117374187552017,0.042182479410972785,0.013821458302727555,0.02950708827083363,0.02680257201002519,0.022771460210491073,0.011178184678108494,0.029010384287055786
2024-08-19,0.006945334112603119,0.0059994189613155795,0.016355654305512262,0.006838472519567669,0.020988513941556725,0.024242157855347706,0.00884921248746314,0.025371751036482443,0.0175684968086387,0.011762607723118176
2024-08-20,0.021860155919565544,0.027468700528196315,0.0072199768284208305,0.0022124363455110854,-0.0014456432900586957,0.013870358748525824,-0.0033955610386285176,0.004580596299561535,-7.773585013888991e-05,-0.0027733130186794464
2024-08-21,0.027242788426514064,0.0015660572926839977,0.013211549110435502,0.011724269786176689,-0.00517261323407181,0.008132273850634641,0.0019713353228637542,1.801457792804939e-05,-0.0066773957164363296,0.0170546635404909
2024-08-22,0.0005068805788359665,0.006081185483498379,-0.014165691987461612,0.010718708246298355,-0.005059278503611431,0.003737009892381534,-0.0030900540568256454,-0.0010872400629354795,0.000253070282341931,-0.010368920355569614
2024-08-23,0.004737598015196465,0.007429830665738768,0.020987465358528173,-0.011588216300960777,0.0020926211617056842,-0.0017587937157376166,0.0020106521223249483,-0.0077568841932651456,0.0025115788767312206,0.0038251060489563984
2024-08-26,-0.0068201684000179785,0.011081912014506257,-0.00766865193081238,-0.015091288579469953,-0.015075778497450934,-0.026163221207364695,-0.008704145869835625,-0.011512156921686167,-0.009204900004085026,-0.009594926484915334
2024-08-27,-0.0033422479369067393,0.033038205876779525,-0.007793527398402962,-0.004747659041903811,0.004833448770882394,0.001327207759060774,-0.0012186053284669596,-0.007359034577411716,0.003698337434802227,-0.007026027945872704
2024-08-28,-0.0010134033555902662,-0.009187737272619715,0.005553786248400454,0.009280707623650741,0.005470815760687013,-0.006443652950669436,0.005529623122567366,-0.0019327873521223227,0.0029770009097048375,0.0013764366476580747
2024-08-29,0.00039050402725463823,-0.004137208092985049,-0.003101913114288646,0.006711750534113992,-0.0026550939159049047,-0.0034450678632525675,-0.009128112071545883,-0.0007942953435616055,0.0053879966233787435,0.0021013640865600314
2024-08-30,-0.001540285493337697,-0.0011028398125172052,-0.005698333646557696,-0.0016680132526274427,0.0006363972813537844,0.013425809071131741,-0.00014245968067797912,0.0035654724377519966,0.010408049785695686,-0.006816094664990262
2024-09-04,0.00021553254571190136,0.006499712382065333,-0.018183575618139547,-0.011493780282993379,-0.005217068593383926,-0.009854500178475037,-0.017497641430310074,-0.009267648050183838,0.03746478757754742,-0.006467643269612282
2024-09-05,-0.007788813862140698,0.01781687846203976,-0.01921796431394085,-0.02131260503481765,-0.004675726506916611,-0.007805862600475925,-0.014844413395209699,-0.009109393601166435,-0.02175393180975856,-0.015516417618430034
2024-09-06,0.009203941783916406,-0.0007464111535006035,0.008047296106809654,-0.0007663513538705239,0.009950332529336192,0.0009706033482365465,0.014283511960973513,-0.013120354706035267,0.021445829248340893,0.0011493418097032748
2024-09-09,-0.0022548744125111173,-0.008718501268170123,0.018871923248578188,-0.011288583498140029,-0.008222125835530688,-7.806503050925932e-05,0.0011397636878898165,-0.006868115671495552,-0.005568852682865148,0.0022326560932537745
2024-09-10,-0.012712772319087962,-0.019546582786097073,-0.017175871992466656,-0.01581061774649554,-0.005782077025984396,-0.0007905293867411048,-0.004425838461538101,0.0007465666167650135,-0.0010453897649492783,-0.007109355680060585
2024-09-11,-0.003672068248235442,-0.02084188392882458,0.012489317181976508,0.0048493592842491955,-0.001150497601470198,-0.003536297118260645,-0.009497689403272816,-0.0024885166070075884,-0.011175522582950329,-0.0024455199421982896
2024-09-12,0.004910940838211679,-0.012674215048058731,-0.009073281290871224,0.011411681692031994,0.00041731872717787333,-0.006241004236917276,-0.002882967118591262,-0.00015929195123916737,0.0013157192373659532,0.003606084329670319
2024-09-13,-0.0004629686288247041,0.003599302871864829,-0.00767886836524867,0.0016001148364874762,-0.0078088872356414,0.0003666644880901589,-0.010036768553408551,0.0005133998698400773,-0.0015470408346825264,-0.00592128989905949
2024-09-16,-0.009229056816927131,-0.026275761859925084,-0.014060599456871955,-0.015757981754972155,-0.012200848974203074,-0.0072136202315984015,-0.021051837615702878,-0.005546198887505738,0.0013683558278566599,-0.018031836789193106
2024-09-17,0.015615608095851016,0.024895187872877884,0.02005033429361484,0.012793028811038868,0.0184229879191072,0.01031994029745579,0.0004389815627744061,0.001858013874646125,0.023024922617855787,0.011790659677088996
2024-09-18,0.011257947440463564,7.234214574980413e-05,0.001170129184227579,0.045458918544142,-0.0032419316943421705,0.010169691680652996,0.004539212035216862,0.00751381193007609,0.024071365587086186,0.013494805290194645
2024-09-19,0.006086906579005162,0.005510459222578756,0.008624977376319398,0.0015681042815976671,0.0023335521038430804,-0.0026409158963180226,0.0058936580930690026,0.003516127866104668,-0.014793636881959116,-0.006346944500100167
2024-09-20,-0.0046062776779794605,-0.006378368678462827,0.005994602403827987,-0.00727959982547625,0.003995041228887867,0.0015191461274625118,0.02023739086633854,0.0085161478494337,-0.006043220166789376,0.0016463312620649262
2024-09-23,-0.002234695184538634,-0.004720716564550309,-0.005669363506751919,-0.014630396535047682,-0.00042867256188180064,-0.0031503073913438095,-0.008438230081757184,-0.000972024975194589,0.003940994664601812,-0.003322866141401722
2024-09-24,0.0061990232676401025,0.009359349719218812,0.00036909460706173,0.01344861186077817,0.0016682811832824385,0.005762089821002163,0.011495853646523576,0.0006168850785397787,0.0011672058239472112,0.002104898375398364
2024-09-25,0.0105743690812626,0.0007938040428346893,0.023175590084878978,-0.0036570112635180285,-0.0007665124535883491,0.006306666241010135,0.002600172750217252,0.0020626595473390483,-0.002766725269427339,0.01920116321703332
2024-09-26,0.002609907458436663,0.006283983267955318,0.0011450978430515384,-0.003723217955901396,0.011952699869940927,-0.007039724404716193,0.0036418813718108733,0.0035319177766969614,-0.0006790249202145807,-0.0011892956145539424
2024-09-27,0.0061275391605257745,-0.008266102173795309,0.0032216709677849544,-0.008527358195758747,0.002813486489349167,-0.007757774691368624,-0.012362007511730111,-0.005546390231686127,7.10264465916266e-05,-0.005302954906695523
2024-09-30,-0.0049329995648071945,-0.022823614668573782,0.013196714097038006,-0.00415941993811042,-0.009102432833019406,-0.0008376619790542531,0.0006955957780937494,-0.009914381771872241,-0.002579672879122863,0.0007591325583884053
2024-10-01,-0.004139957264957306,0.011934258767045533,0.005102040816326481,0.017433264375039892,0.003963011889035621,0.001083662505736697,-0.004410683268842604,0.0023874486439349565,0.016280041620097146,0.003844371579913316
2024-10-02,-0.0012222067137838133,-0.006846098541461824,-0.005527638190954735,-0.01097526336283224,-0.007778375981699763,-0.0041496092422243685,0.0045916356750612675,-0.0013773465382579027,-0.01509804717980586,0.0014158204378471595
2024-10-03,-0.0006361606779210863,-0.02542811863045184,-0.016773817871014878,-0.011576246397213849,0.00039050853181987755,-0.011039153805963245,-0.009484827565702495,-0.005165302604684989,-0.0047388919860675465,-0.014390616321350266
2024-10-04,-0.008451110707547596,-0.0037334391707088224,0.005600558541735061,0.0025245718819102794,-0.011538170733414713,-0.0071220132877322095,0.014444269434632876,-0.011622188842102421,-0.007571816819561576,0.0012657645572560587
2024-10-07,-0.00036984964401494863,-0.004957922380468993,0.0032160362503435014,-0.0035903840149859776,-0.009685042498299268,-0.0027026618139316763,0.0001372833637222811,0.0012341830403002445,-0.006992828265371398,-0.0075184966847105334
2024-10-08,-0.0032176323537463913,0.0003651706804093842,0.016594406642545856,-0.00617184308335698,0.004894544454282908,-0.013439654017065076,-0.0023618979009322936,0.009345623591422178,-0.0039933394951454275,-0.0014113124050630181
2024-10-09,0.005044871373025339,0.014535946118704976,0.005980870713775288,0.026331312410896146,0.0065749648410630135,-0.0020462306190677237,-0.0057369312543191775,0.023213013421635138,-0.002002900160751553,0.005429976170458595
2024-10-10,0.005878961806164984,-0.0025426097200290654,-0.014711918418890376,0.03289761813545922,0.020177279455282953,0.006607360535033746,-0.0005272657388704823,0.0005856250049773118,0.007929518186268414,-0.0024600972677620847
2024-10-11,-0.0029167718143959798,0.014550661177347823,0.0021515979012313538,-0.002544859949446865,0.0034488229454725885,-0.0003651278475321762,0.0033278206460623703,0.02820964531519432,-0.0006093845216331717,-0.006601089440131713
2024-10-14,-0.0021573634801119734,0.011725855322645362,-0.00547297009826427,0.004722071596001391,-0.0075112925368206645,-0.008206260413618346,-0.008640010984412841,-0.007257325326045579,-0.008415825077260205,0.006966502175099161
2024-10-15,0.004973237068858142,-0.015691428129652924,-0.002556217663797211,-0.020347355196261668,-0.0004555050891540032,-0.0008642872349027645,-0.01897238554344638,-0.004545735318873996,-0.0018861681437865412,-0.008870592793238541
2024-10-16,0.0007829015736576425,-0.006372575491093491,-0.012382791452241379,-0.0011842243912025818,0.005924501211989101,0.01451053526521869,-0.01489104784411103,0.004865918052570084,-0.007007828804819464,-0.004814522542194684
2024-10-17,0.007861757083111357,0.009329719466638705,0.008841190212544925,0.009126942208352343,8.673895095219948e-05,0.0032667378470601824,0.004173291077315085,-0.00693740624695945,7.766098935927761e-05,-0.0022016300376993168
2024-10-18,-0.0021214976112223414,-8.72132392913949e-05,-0.011284386646708758,-0.00572960241846765,-0.0028277973941028454,-0.005541613473633762,-0.0021549102604921933,-0.009640949160687326,-0.00014841747557270413,-0.0017755447005439
2024-10-21,-0.01252627209368192,0.018863337227989052,-0.012046825139094497,0.00020499511210481103,-0.00603523349490757,-0.0005633091923882283,-0.011533237524341248,-0.008837876404308257,-0.01987726886251891,-0.009181952770861498
2024-10-22,-0.013051910288739754,-0.00042277633832565886,-0.005402459012611087,-0.022585599572319315,-0.008873121901384007,-0.014483708820314467,-0.003337052076931357,0.009042140930411077,-0.014778228341506328,-0.011974524134839867
2024-10-23,-0.0015405657829270132,0.0024673036486784947,-0.000948139274027926,0.0023688084195588135,0.0021123785382340574,-0.0031178406187042005,0.005867304056745108,0.0037133068017188484,0.0038807346499653748,0.00502097904228016
2024-10-24,-0.003843862407820975,-0.03448773004753014,0.0032959789057350384,-0.005503536810925376,0.0009847087945235773,-0.005474228028963579,-0.003193136624643156,0.0026596439060119583,0.013093547878214226,-0.0038763251706308197
2024-10-25,-0.005510312488319864,-0.002040362420508831,-0.0032637075718015738,0.006046283429524142,-0.009786990415017516,-0.001892831396379931,-0.0053666394600887886,0.006314674674038863,-0.008554793832921051,-0.011444087665995325
2024-10-28,0.0017151583497658773,-0.004729674549436957,0.015340819191378419,0.019327910854970876,-0.0009043214572993877,0.004808735693695517,0.004654369537418194,0.0015791473786577563,-0.00038165025570569,0.0038811559453524325
2024-10-29,0.002788715157688267,-0.0003192464281958444,0.003507559933283814,0.03214315956628947,-0.0011691980606003776,0.016273564072676105,-0.0009753076577146228,0.022742223839942472,0.011602766243464865,0.011201726185221009
2024-10-30,-0.002057203715670789,-0.004296512236176479,-0.007687640908358236,-0.004379515910726976,-0.00430841195436001,-0.00979874730669846,-0.006891156974385508,0.0016978507010980692,0.002961513791537529,-0.0005743942490360107
2024-10-31,0.016358866618890817,0.0013832029355480187,-0.003080592734840885,-0.008698947788920367,-0.007366423513749905,0.00046763646685765714,-0.0022484731890478984,0.0033500934118141736,-0.002060850387584819,-0.008041014241148928
2024-11-01,-0.001153995948162086,-0.007663918505478391,2.385359014589472e-05,-0.021853642866969076,-0.010007368103731151,-0.01800198498064783,-0.004069893456185618,-0.018084697091385087,-0.001289276899841596,-0.02239128718213616
2024-11-04,-0.003110229801686922,-0.004845967462789906,-0.0112753618538316,0.007946151702148666,-0.005661754351743653,-0.0021933933495544475,-0.014281286482268896,-0.0021082182778648186,-0.006335223536748091,0.0017002300076008152
2024-11-05,-0.00788042695219989,0.003970283827977594,0.006462121818295567,0.0027059751684186026,-0.000971369278226164,0.003186032523308143,-0.0008940222088572591,0.0028508402914173927,-0.0006668889629876477,-0.0006154724396724894
2024-11-06,0.013911415919220035,0.00766753701894,0.018754350936205217,0.010079156344885801,0.008335476173333486,0.01709342961396665,0.005731862018032145,0.009442230874988486,-0.004800390517190316,0.014924563075728425
2024-11-07,-0.004778153987570939,0.010968816237261906,-0.0033016603529424002,0.03862965681993543,-0.004701915942682433,-0.00724178727689125,0.0033535353535353676,0.02306048503224038,0.007443310308511124,0.001149518102952718
2024-11-08,-0.010748316554768192,-0.01979841623402423,0.003124215776859692,0.02484206010987851,-0.008002999037572178,-0.0035009784469822356,-0.0026299610367943593,0.0016647203720013086,-0.004218095650403357,-0.001208860692521389
2024-11-11,-0.007461074928590457,0.001729686489689149,0.01258696401690503,0.031134951170875984,0.0036808673698562147,-0.01289787335959521,-0.008184843626410032,0.017395843023802815,-0.002058695183609719,-0.0023324405936999324
2024-11-12,-0.006183849136226975,-0.008045333548971153,-0.010289681084039937,0.018185341738154042,0.0016749109583182875,-0.015192431115694424,-0.015231191400587337,0.001356172150374794,-0.006513715347828149,0.010284268082047632
2024-11-13,-0.0002748065355192564,0.008648283845959245,-0.016832738651540002,-0.00022611433665394495,0.004049353569556639,0.009645616557403517,-0.010993941417120881,-0.006087470514554642,-0.003014212417226917,-0.00200138026224983
2024-11-14,-0.013813271161125887,0.0013364819799231615,-0.03771550441877477,-0.030898211881856597,-0.011411381189740388,-0.009150485222247151,-0.010630027814085433,0.008148921907736861,0.00030043563166589254,-0.013993240716250263
2024-11-15,-0.01185737715770907,-0.014771829800136619,-0.029821753506948823,0.013611293283711615,-0.013962016318376977,-0.021887287138352973,-0.0066231153127616444,-0.007977511509902224,-0.01680940592020001,-0.012409417535751496
2024-11-18,-0.0024748344816381738,0.008318758484662311,0.002021921341070302,-0.001677658946135252,-0.004014139887615416,-0.009473745564120358,-0.001135294814844719,-0.002009543394865291,-0.005263300142491249,0.009280612534532384
2024-11-19,-0.001887971369325207,0.017491528315704812,-0.01254852346635956,-0.05309940105451949,-0.005515782697859388,-0.008174366293241938,-0.004170656207764541,-0.026830653162466467,0.0004740085321535877,-0.010186128400024086
2024-11-20,0.010599354698217415,0.024027559055118147,0.011265906795482339,-0.0015815817299390522,0.007642287219344161,0.0036125576408950013,0.0023790673576009613,0.012110144733717262,-0.00047333543704641823,0.012245037974474293
2024-11-21,0.01299825803878285,0.0,0.009405776353409149,0.02209180753986484,0.005158758485819703,0.019127306236910762,0.012755112462275417,0.012164537252966548,-0.0030608732056977748,0.00910671923321682
2024-11-22,0.003016170797442245,-0.019613121400391027,0.004024993967327584,0.0002908994079484269,0.001249071820742631,-0.002203097358806675,0.004979884138160455,-0.005403334803459077,-0.008547857449520283,-0.00294650747727232
2024-11-25,0.002495759690849068,0.01326894153743837,0.0016256735971891627,-0.004349289604308582,0.006224557506016766,-0.005686569660478351,0.007387900448294331,0.0013809182231029338,0.019071376412677938,0.04118839831770386
2024-11-26,0.01085043814464326,0.0013138141000635188,0.006734729758115361,0.004001904176686962,0.008493924605007383,0.0061631012147965,-0.00031347193510844473,0.01128738438074047,0.00030501962781004366,0.0037097133712779375
2024-11-27,0.00045993834179517784,-0.003451007768319673,-0.0014198498039452352,0.023272865038166463,-0.0009867084566718882,0.006309869283820972,-0.0077048306680265926,0.003032753972445438,-0.004484046014011607,0.005986434419717616
2024-11-28,0.00019782710691240712,-0.009649709555919964,0.0013912783572856229,0.01785865307206458,-0.005472693429240431,-0.003816539019992904,0.00911946458839911,0.009114140457014974,0.0068835751474783935,-0.003492330724518785
2024-11-29,0.010545774308344061,-0.008513681269289938,0.004412763068567527,0.03780174398491091,0.007819963099930124,0.02015452365864297,0.0028769660810864886,0.006577678535137983,0.0123512473636281,0.002306327942352674
2024-12-02,0.002291757951027984,-0.0016611692269028477,0.001842546063651677,0.0021872942872992094,-0.0026727783629965454,0.001454651283804213,-0.006094597076943746,-0.0075701306221303,0.004278880966076685,-0.005441358402706246
2024-12-03,-0.006917196661943348,-0.00633121140147519,-0.008167028895089764,0.01199156011538031,-0.0026310619994528808,-0.00980413502168768,-0.004688085024435258,-0.007342991870725661,0.03480227069472767,0.0162356485718201
2024-12-04,-0.010349489237004184,-0.01576352632596297,-0.019813291170126535,-0.012334747653069633,0.0012050198780970318,-0.004130807109352874,0.000603571414816558,0.01865461451621475,-0.0022056909262297233,-0.011457450001448119
2024-12-05,0.018619288148073638,0.028620347572980636,0.03527970475636392,0.001868329232892744,0.013255475548002327,0.028397702091611448,0.01356307691467277,0.008032082039358604,-0.01077797257466114,0.01720803543198997
2024-12-06,0.003520403510769062,0.0030517113248473837,-0.01078705748925494,0.015845132792701683,-0.0012712834702794569,-0.00035243822355327897,0.0028370951152121293,0.002985531513732783,-0.013273040180707,-0.007614992059010024
2024-12-09,0.0064369164079144765,0.0010117753138271235,0.016345394877172497,-0.006594016681449692,-0.0020427756013030596,-0.0005357161666236232,-0.0006749743206055555,-8.328227015563794e-05,0.005392778828654965,-0.0003329080973168234
2024-12-10,-0.003331975173402483,-0.012121880446552158,0.004967491643954676,0.0069033011500719095,0.00021195980549219376,-0.0017446019118856348,-0.002930362339579403,-0.0036712438493949153,0.022695160436754014,-0.00029328362343176523
2024-12-11,-0.005321736727473714,-0.001726435468730451,-0.007143041514874475,0.0034703383090646245,-0.001356785508844549,-0.00736530528388446,-0.0067060852232405654,-0.0003165691029936764,0.010179447268326128,-0.0046195517875771515
2024-12-12,0.0003522166355509985,-0.005434881345104947,-0.006489168875834506,-0.017282482660096094,-0.0012102907185883212,-0.003914851969659868,-0.002548790955516115,-0.006025086080524396,0.012373656733643953,-0.004881615431383916
2024-12-13,-0.002472525360569189,-0.0033703716739393506,-0.01672602550625298,-0.01091815736493699,-0.0072881047720988095,0.0014584098945537398,-0.011156359820943798,-0.003966582226252273,-0.005726902642655111,-0.0016763945788748809
2024-12-16,0.0015193981841281994,2.3259912206678262e-05,-0.005815652839391043,0.0127407338249698,0.0035179070596753994,0.000832631352107834,0.002647647273273749,-0.00011386238221603821,-0.009053319228009856,0.0027795255675323225
2024-12-17,-0.0013634576403559473,0.0032867055136427403,-0.008977520881892668,-0.006565150542718927,-0.0024939346347593316,0.0005548779792085382,-0.0049065354829169365,-0.0009148412185683297,-0.003377752899696921,-0.0005154370306092263
2024-12-18,0.002123730763588109,0.00022799160663485493,0.01785413767488871,0.005575147817094894,0.0029863197513058846,-0.00151561964140882,0.015788034773910924,-0.0020529558505218612,0.013872922383227385,0.013811005984097013
2024-12-19,-0.005731915016961575,-0.011107750341498282,0.001663634488061912,0.015752399844317016,-0.011659929410341477,-0.007363496367760125,0.0015239297983526228,-0.010599901034918072,-0.0047884544156612625,-0.0076013446677000536
2024-12-20,-2.5541367773773693e-05,-0.008114443021307371,-0.005367160910857797,0.009523536303816712,0.0028623487732651145,0.005125121474820212,-0.007117500436085685,0.019526917857229226,0.0017927722310631111,-0.0009706856830665375
2024-12-23,0.002238812434513552,0.016002284799835342,0.0009520251920457726,-0.005515381403868498,0.001061145542173662,0.004757217145102244,-0.0051881523022624014,0.011045568957948726,0.006156238775945733,-0.00027199435437659975
2024-12-24,-0.0058453478344251035,-0.008528465010676056,-0.0015706516285497834,-0.004452592687299621,-0.0009997365048447133,0.00014611033358043665,-0.0054656309397555685,0.008252596896598593,-0.0012678771834683615,0.006942957271846351
2024-12-25,0.024380760508191452,0.005518603389768802,0.014436894443432694,0.005561516748988489,0.004116600072457584,0.005839126354761692,0.007054201469623174,-0.004201165351903217,0.006483826079083673,0.01276182001112954
2024-12-26,0.001920148135448348,0.0003410059676044093,-0.0062301925556793964,-0.009062245824467388,0.00031323936625338167,-0.006921848313018786,0.0006491364909699074,-0.004621714249458157,0.003338967215951801,-0.0033710093198492754
2024-12-27,0.006896037661385135,-0.00940956923650993,-0.008060484236378026,-0.022277714405445792,9.43213139019683e-05,-0.0014244670558617816,0.0010809184566496672,-0.0029654523322324433,-0.007349107877891188,-0.0048409617741544215
2024-12-30,-0.007581337115091087,0.002646554300189711,-0.0015731889264455716,0.012812347602063031,-0.002153948843693206,-0.004535277866422642,-0.009472604323036168,0.0020020946449079333,-0.006043694440675318,-0.003314479533510125
2024-12-31,-0.01840068213650059,-0.00414523384198177,-0.010207315172053052,0.004293500752450201,-0.003593479109290828,-0.0019531639951909283,-0.01091136149030969,-0.001440918720957159,0.005752018517473756,0.004469915540883274
2025-01-02,0.010985031281635083,0.004896817068905213,0.012562508288241606,0.0007501811642002624,0.0028483142428840833,0.007002593221268468,0.006533943084733244,0.006662786774031611,0.022622910064855322,-0.003558985812921837
2025-01-03,-0.007387480116830066,0.004497028821696484,-0.019864438853985922,-0.008095777157505424,-0.009262494291868059,-0.02437630617483037,0.0028785637136550988,-0.015489367335813261,-0.013659025762512655,-0.016030681849750983
2025-01-06,0.008394601571704833,-0.004757050628610278,-0.024731327386206647,-0.0023373781460168295,-0.02316457398751263,-0.019945377543088966,-0.011121830761096999,-0.009979158489212861,-0.017426782939688985,-0.017253499574729842
2025-01-07,0.013932880464093836,-0.004825922095829031,-0.008438818565400852,-0.008442055069822985,-0.0055600560589536,-0.01554767646744959,-0.01802214879315685,-0.006372267443378932,0.0011052704492517569,-0.006243053641436662
2025-01-08,0.0029084885338915103,0.004896817068905213,0.013564827845013635,-0.014974804167001218,0.004491017964071882,0.011570083840223733,0.004053816388510434,0.01099949122483738,0.021836717206255202,0.014054736339702075
2025-01-09,-0.00858325916199143,0.0006023306636801321,-0.01099540744314198,-0.00885889767027844,-0.0020870194808571365,-0.00624752146074814,0.0055805403343892985,-0.001064395955295357,0.002307549555261912,0.005342502189431109
2025-01-10,-0.00800545176221649,-0.01587565952667676,-0.019751085181094547,-0.025925112838618203,-0.011632203718720313,-0.009267352175469331,-0.009218661646211102,-0.01681293267853649,0.0015029478980622308,-0.0051053950832858535
2025-01-13,0.005215211996025519,-0.01609173878344461,0.00816044258888915,-0.0028802648126217876,0.0011716035313995195,0.0018792722564816937,0.014525958985005638,0.0025228357731773934,-0.0013868478056912419,0.007755381311931246
2025-01-14,-0.009765013898393052,-0.01970217704700587,-0.013638142259055575,-0.006061871609629861,-0.003164190917669507,0.0024985697564155287,0.004751793165682676,-0.013256561515574306,-0.017119443739340563,-0.002006567456158718
2025-01-15,-0.0012924504724625512,0.009535356431129646,0.029695755093627502,0.00036889713676931574,0.014650110204985411,-0.005061137340673631,0.001588399966964286,0.00849329376956487,-0.003738517528114086,0.005559148468378128
2025-01-16,0.00697260408673787,0.0006541746406296678,-0.0034590127520053304,0.021702128144204025,-0.0025413882819712574,0.0062927303458331085,0.002508071564643203,0.008935055444755665,0.01559660092047547,-0.0005246515283980532
2025-01-17,0.0037426503531839592,0.0047731278078266826,0.007306430627828838,0.022828965801056016,-0.0051250417581833645,0.003214070106310548,0.010626282633175407,0.017866391939300064,-0.006875486534773693,0.0002942767907505954
2025-01-20,0.0013085378985139655,-0.009468665884943698,-0.005534255767171777,-0.008723887126717086,0.0017976352246072969,0.007402496094798409,0.00545463165258997,-0.0037387866819658853,0.00244989157253069,-0.0004886192992613984
2025-01-21,-0.0019256282171001098,9.916668626482512e-05,-0.01049339634962613,0.01647644455644992,-0.002602950762003379,-0.006792567706187229,-0.002253525437440692,-0.00594192881015269,-0.016251624455555096,-0.01798404600376295
2025-01-22,-0.00328263689481445,-0.018124022380269666,-0.011816983843437545,0.001959462602597458,-0.002960413030218212,-0.004066663699737738,-0.012382486466883965,-0.016427065832624804,0.03012262165721487,-0.006741268293988652
2025-01-23,0.015331352000008383,0.0020652622883105356,0.01721333667644583,0.014525068474189514,0.004980921083121463,0.017694771952519856,0.010735189056299443,0.013424673746055271,0.019321860630462078,0.010324465375105415
2025-01-24,0.000372689336571382,0.007799671592775059,-0.005209098350334303,-0.003289937183232191,0.013091972175484376,0.010716958042136756,0.0043531193267671115,0.004840170941505424,-0.001653161809118638,-0.00401510104583284
2025-02-03,-0.008172625182447471,-0.008379765307442185,0.008399489590798392,-0.04508856193484497,-0.015872555344218126,0.00022321381372673402,-0.0085203645924918,0.007621631424555038,-0.01023191963483087,0.0032914501722762037
2025-02-04,0.01536607280561797,0.01648551707587694,0.027342522040048795,0.012461806371176776,0.00133742616217473,0.0043143022194644205,0.00881969409138709,0.005802840745512627,0.015533990446092346,0.010958187668515492
2025-02-05,0.0014022580595689134,0.00077624814121983,-0.0015303521562909743,0.007651583752303977,0.004317256127772599,-0.0015437796173218832,0.0034032851664078656,0.01990701094015505,-0.008006515832539751,0.006671850977578127
2025-02-06,0.004002959504248708,0.002580641699702143,-0.004031397467500512,-0.004680100106243461,-0.007316490543874028,0.0074241016606936645,0.00045062705670665765,-0.00011964794661134537,0.015749463321072892,-0.001948468427456107
2025-02-07,0.01723347840805456,0.0034170089269955164,-0.006213244118743688,-0.007155518535748843,8.897759341153222e-05,-0.007588348572617809,-0.0033507821497557044,-0.0029367890938864307,-0.0005928663747797325,0.007638260638463179
2025-02-10,-0.008255812986837086,-0.021050940452949713,-0.042795075417897434,-0.03302543217154611,0.003030100585423856,-0.023950908756494898,0.001049490839926152,-0.02915968537368885,-0.005171370254942705,-0.009418066248390367
2025-02-11,0.0030210241919914984,-0.001863778053533549,0.010071249484142694,0.015221803773041534,-0.005375659294731494,-0.011330061922302459,0.0029627910217930506,-0.009078084434509784,0.026208220416597722,0.010553708487431349
2025-02-12,-0.006701059942342639,0.00014208712274780635,-0.009161016068002978,0.005504206675172152,0.006705096784110687,0.0031187405822809358,0.004624955655903262,-0.0016876163873370542,-0.01705288564174227,0.006208584489329039
2025-02-13,0.003189355224178033,0.004311739481081767,0.0007152003169251057,-0.011299876893287117,-0.0034282351961096857,-0.009895339367178976,0.003899636655755212,0.013019600441918707,-0.008786546881325222,0.027762918283982547
2025-02-14,0.0030481464536331235,0.008700536246343704,0.014719409036357009,0.00667551055772871,-0.006633131212230525,0.005314026437021131,0.01849921983491387,-0.01182215339273703,-0.004938840605044496,-0.005012481798458923
2025-02-17,-0.006959705881198319,-0.002322499113844042,0.000514933058702353,-0.014900921617788407,-0.013282265685037578,-0.008574703274739822,-0.00048109002085350294,-0.022817049116419352,0.012039305465419278,-0.0029453988792291774
2025-02-18,0.0036754221453555815,0.006779873326917911,0.014949095268590154,0.002711858208759669,0.0023746760055506724,-0.002962047889205399,0.00602104747455338,-0.011511827121771642,0.0010725794735326015,0.004016884531590363
2025-02-19,0.004924151201965839,0.006886326753722027,0.0027327058230466696,0.009065444534915867,0.00986570652019525,0.021794856804574565,0.009526860343648469,0.019845211490291465,-0.009956057666139976,0.029951459774657147
2025-02-20,0.003248015481900716,0.039967360658642447,0.010287920920298621,-0.006883167951550417,0.0016175610615134506,0.0017738753286662041,-0.0023687373003112855,0.009793073771097468,0.021840280453635286,-0.012319464062546729
2025-02-21,0.010394039164263624,-0.003234907278223509,-0.004796203512143493,-0.006174506031479399,0.0045242942036075595,0.008945305911787882,-0.004714637637386998,-0.005266772861869755,-0.009249279736542845,0.00545515829576082
2025-02-24,0.006281787538355399,-0.005615229426043866,0.030710634044476715,-0.021137837926256897,0.016816431705759454,0.006594634816089018,0.006342834724156495,-0.007297424702794301,-0.0019816739381480764,0.012223948512582536
2025-02-25,-0.0023603598697321537,0.003515293282389198,-0.009750067005299198,-0.009409204678259528,-0.000734410306939918,4.7657900004346075e-05,0.0028396942440706376,-0.00650417230484072,-0.010785715823584415,0.002107732631935718
2025-02-26,-0.005489054199208236,0.00031735711486842916,0.011634225091131656,0.02117133136716065,-0.000700705477038673,0.004758635754196809,-0.006533216465449095,0.0017298698496584681,-0.018837057016984387,-0.013389430859694462
2025-02-27,0.005301222224211329,0.010092943138432231,0.05465157019985112,-0.005991296872581302,-0.004301738851049675,-0.0023698847005843757,-3.561228747746744e-06,0.0008210512205402883,-0.013482700751736743,0.0012718211768095733
2025-02-28,-0.0025305551068755725,0.018791841316779506,0.002660867871572048,0.0009137407013763236,-0.007874916271361351,4.20256331978471e-05,0.007200774327469277,-0.006665802371054556,0.0044614088186070155,-0.0004825237088281013
2025-03-03,-0.0020216434772268124,0.01129355647082956,-0.0010154838101726904,0.005465360947154034,0.008180253922729216,0.0041393999341949135,0.005845606684506584,-0.006729064019229865,-0.012255607803053126,0.0034069771480939406
2025-03-04,0.0005952435896332172,-0.007641038596356453,-0.009838719177096777,-0.005105609633265599,0.008836729991313685,0.002995105025169642,0.0014482499048819781,0.007398089250590416,-0.0032173562667351385,-0.004302252790441201
2025-03-05,-0.0043636649052613,0.004195697291966598,-0.016207022027387958,-0.004905933049390354,-0.009729236607060413,-0.010009104573117175,-0.01576967423355206,-0.01889858499093322,-0.013116271544319935,-0.010159961957585914
2025-03-06,0.006554037619282305,0.01283589229827431,0.029587928056272455,0.013423482986863503,0.0033671618620366717,0.03251182102363903,-0.0034275001317307283,-0.0011804196404238503,0.018684653257227308,0.0042614066750414166
2025-03-07,0.014584431576625478,0.0383033762473138,-0.001306785911305619,-0.001959001517976825,-0.0033371812780030132,-0.0013175270100538317,-0.0084870748894178,0.007509588856014604,-0.008787123058722682,-0.0009684532018169323
2025-03-10,0.008346395848015295,0.013923506130606333,-0.00931371431322984,-0.01326119424432278,-0.00024320767208067343,-0.0012881462610420114,0.0033256195362477334,0.0008482955464371722,-0.0050213943683600215,0.0055135101344567046
2025-03-11,0.0011626555051738041,0.006354273005197826,0.015103870532038988,-0.0143941416094208,-0.0018433299949964048,0.011543177536486407,-0.002522520467492869,-0.005526844991987079,0.004918134473647158,-0.0025867679872338587
2025-03-12,0.006542788121139768,0.014928243020219297,-0.008086231575930136,-0.014156613660048315,-0.00273813522920859,-0.01296290546215669,5.9587742722152136e-05,-0.008587608822430445,0.015965393315849192,-0.004662931871405059
2025-03-13,-0.014465885292209454,0.025501741096646824,-0.0006941846846418853,0.0009783684718860746,0.00716850948867324,-0.01776884071471796,-0.010214844362647635,-0.019128637769513752,-0.011401781541312106,-0.014675069454319178
2025-03-14,0.004163570363057885,0.02851804952661204,-0.00886917122223548,-0.02831935802934682,0.007179391937752151,-0.008716758745415776,-0.011593620199943366,-0.021278142330378096,-0.003266769812828104,-0.007982361542140382
2025-03-17,0.008448756938528645,7.396755153532553e-05,0.011670108740363819,-0.012450526309994067,0.0020545564219531798,0.006193071353502703,0.0028892848951579766,0.0032217295601160525,-0.011486119258201088,0.00823605170711661
2025-03-18,-0.009988623562911303,-0.014524323594321728,-0.02206589700304684,0.012802529606501892,-0.010211044914702705,-0.0031961008128826482,0.012016207048337465,0.01044690340086433,0.0064783697278939885,0.026763718848747953
2025-03-19,-0.006802139515839818,-0.00024184342502420186,-0.026865890936375442,-0.02463963378355701,-0.008275033393209674,-0.01904724727058016,-0.006614460996368236,-0.012162140823048673,0.02423056216358684,-0.008855759478668346
2025-03-20,0.00200258938756089,-0.0012423431973082784,0.008398372352406517,0.003687182776718793,-0.004443655034453172,0.006263172282480227,-0.0018757002389557427,0.009630508764229587,0.0022253242596326217,0.0053941610765689445
2025-03-21,-0.006576773623774031,0.013022046739172585,-0.002748625687156392,0.015174381823280347,-0.007104689655983727,0.003050232273869321,-0.0043363791234319144,0.0032613206093146476,0.0005968930317967006,-0.012787105742752103
2025-03-24,0.0007438131400580398,0.03036385394076735,-0.000178429088783331,-0.0007403313504721343,0.0008241744076050347,-0.002388288834620019,-0.009253481717376869,0.009092476503224015,-0.022201211671037873,0.010416337537601331
2025-03-25,0.007662043748656311,0.004265042179068794,0.005401031490811947,-0.011465296698543459,-0.0022950300728078465,-0.0027004689739226206,-0.0016738518809772396,0.010302251931099978,-0.01954093278604622,0.0203463300342878
2025-03-26,-0.007647021291537344,-0.00287558224913483,0.006027962930533981,-0.01934309149632892,-0.002067128443643059,-0.006705144909537886,0.0046248179593741945,0.0009004346935626758,0.005789575366756357,-0.005969778507256662
2025-03-27,-0.006450628687594384,-0.0014313337106206525,-0.01039022075147189,0.006921119938433029,0.004819725397953241,-0.010117581539175155,-0.005346963575364054,0.0005313835731720618,-0.00013437401721131761,-0.0014417123254858073
2025-03-28,-0.005583051764671702,0.005253940455341481,-0.015347127314456014,-0.015636605923240527,-0.010332349350556344,-0.020662435820598863,-0.015817955174477854,-0.004871911086222092,-0.0007482229704451523,-0.00975492561190013
2025-03-31,-0.006273241118722554,0.0024249957608690753,-0.009771307765054527,-0.027944471229688572,-0.009386744562586554,-0.002780400652086401,-0.009486039426508682,-0.006544020597209377,-0.008242490330910549,-6.168496426558108e-05
2025-04-01,0.007968527387250216,0.02257597735832421,0.014141611328089812,-0.0038832392325126954,0.0011829061142419512,-0.0009166450994316048,0.01300869427438848,0.0014932964120092744,0.003038899319148025,0.004282631881875683
2025-04-02,-0.00033284471713819946,0.002177728378827274,0.010027085930860583,0.007858034311335693,-0.0029842539323629014,0.0028755157445177946,-0.004416121426376707,-0.009015333118542376,0.000641055200243712,-0.006056177808378083
2025-04-03,-0.0693405568734684,-0.06974100322061098,-0.06926160463996844,-0.09441544583330903,-0.06863924115656413,-0.06933548874935269,-0.068672346551324,-0.09024119478690873,-0.0637123914405141,-0.06769317508985846
2025-04-04,-0.004716952821405125,0.0023601790444244632,-0.05171799292244187,-0.017343635882752746,-0.024809980942722576,-0.053202587601937634,-0.05809897427268821,-0.0010194404765021166,-0.030866213757530108,-0.02145483051251229
2025-04-08,-0.06968749440722992,-0.06303155064940269,-0.06874650026320821,-0.08734803199973336,-0.05156232399514815,-0.06910362761546296,-0.06869515870521255,-0.06838970987060544,-0.05171024457748471,-0.06799697459836122
2025-04-09,-0.050581086659687934,0.007294229395751713,-0.06851949502620969,-0.01827754007675249,-0.026336955635083276,-0.06604210617765276,-0.0694265722949831,-0.022619005278313325,-0.0069011330833323265,-0.039888834268513786
2025-04-10,0.06917134492122042,0.0689667990696717,0.06844873697065539,0.09490465672872543,0.06931156943004287,0.06908366927972713,0.06899110730884206,0.08547823831037567,0.06923152095618905,0.0677003663563418
2025-04-11,0.06251464402657492,0.05669421334113367,0.03651069510678151,0.06079665178046323,0.04485294399074954,0.06946292087572448,0.04982249330687686,0.01841304197104221,0.03216826921687203,0.050097279581495346
2025-04-14,-0.0014504170598063453,0.04530030749115347,0.008165358282815541,0.005062604752045674,0.016874505101566555,0.04872595022309686,0.017962908861808957,0.01793391708757693,-0.006461070317763773,0.014633187749579965
2025-04-15,-0.005356171981803788,0.006513933976780202,-0.016203515638904837,-0.03308819150364325,-0.017220009498617832,-0.016629775619799392,-0.04038718842702038,0.018965332229739878,-0.009758514136099258,-0.013521624945715294
2025-04-16,-0.013321105128394276,-0.013540621118796725,-0.015339406519621956,-0.047039192192865086,-0.021296176513077286,-0.02824285346292858,-0.0035845409641906225,-0.027918121995511098,0.018906287309570374,0.0035549470852233775
2025-04-17,-0.007756253672785911,0.01667443081460333,-3.696859875298072e-05,0.013435686249045417,0.001088188259216527,0.006911487496849296,0.009503002403586258,0.0222144547623343,-0.008595929777660846,0.001536079232181094
2025-04-18,0.0028710561350446806,-0.022509631130161172,0.010006252532111182,0.024797041924332335,0.010191492109673739,0.010875063219972484,0.006058766124614016,0.023341815887727362,0.008021187526220904,0.0071992648001347375
2025-04-21,-0.007746077542562291,-0.0017156945144841673,-0.021798605178273145,-0.013032913926647849,-0.0005832464110560043,-0.025036881419444008,-0.006543729434641617,-0.013047076643821024,0.01609306972866431,0.010053200181530886
2025-04-22,-0.0010262334398247752,0.013163740545377093,-0.0339144846702765,-0.022654921953985996,-0.004224886659841702,-0.0023105702073187664,-0.02727550149234133,0.009422520718970687,-0.022188533979958385,-0.017878121706737343
2025-04-23,0.0012225472987794639,0.008227420393299156,0.04991159412710999,0.03304897187297754,0.0217446483670168,0.02867851176293838,0.015342079701717415,-0.0017262767339233376,0.008849827433078975,0.003343864210654616
2025-04-24,0.0030211928585793433,0.05396179979743524,0.00134653746750583,0.020013055583296913,0.0052266977983707425,0.0162767688738988,0.0077736585365853665,0.012863999121605518,0.006633824844233693,-0.00016620763921204595
2025-04-25,-0.010470203455654192,0.015534330720731885,-0.0008995880538561485,-0.007179551206406565,0.025557244282651714,0.00029466340698543664,0.010831546083944876,0.02092098851778131,-0.017041464248371607,0.006637709598395751
2025-04-28,-0.006923934279926621,0.003141956224822421,0.00830244251632232,-0.010574245520580172,0.00956862771050763,0.006565864239357788,-0.004981657851548101,0.014108437000204699,0.009335890484926038,-0.003946420769908698
2025-04-29,0.0020953764011453213,-0.002156591185975184,-0.001179440414173986,-0.0024441436914792356,-0.019622582282057526,-0.0012246069787799445,-0.004297589821789294,0.03108712881999535,0.005254695547443067,-0.0006313081014064359
2025-05-05,0.0029911215922326186,0.025600999679508945,0.036001826532634285,0.008482859447778898,-0.005412575539246937,0.002709305729823123,0.0015548124205954823,0.016671054445200673,0.00930423768966504,0.03592521537521395
2025-05-06,0.0025938283967815723,0.025542141739324824,-0.01427488369205454,0.02158726470379106,-0.002996454777805265,0.013014279748309784,0.016516772193076196,-0.02131152065277168,0.0038459654144893016,-0.00933378666236421
2025-05-07,-0.0017292632042007483,0.030857916302264494,0.006702572554135015,-0.0019209527925850844,-0.002740383047738826,-0.008345247057948924,0.004516584533930186,0.007886631269193681,0.018443004756912556,0.024687414470387876
2025-05-08,0.006602596449694816,0.02286142807339786,0.012820351262066229,0.02038113413373595,0.016054866127537853,0.015737621740930925,0.030662182580031356,0.015980806500279183,0.028872726028304558,0.0018571687118949705
2025-05-09,-0.006982018365686608,-0.016456163996434903,-0.00011698342953114782,0.006395477507521415,0.0037881501330111478,0.007905243405803675,-0.009645043119314986,-0.0015920760467421264,0.007471452146580848,-0.006015717885183587
2025-05-12,0.005010197267493262,0.013192648604609744,-0.000817719823943297,0.008102953195225582,0.00405490538807074,0.00985543777219026,0.019228537757205528,0.01937739346432273,0.0011814717012453106,0.005573530797311081
2025-05-13,0.01986034271578596,-0.007528667805745903,0.01045747014877326,0.008278604003463327,-0.001393042099311237,0.035070266534967,-0.0019964599859170575,0.014996970996741688,-0.0026765881225998545,-0.006089786548395389
2025-05-14,0.0282648685236615,-0.002408663398268026,0.022211807485027713,0.04876455306474218,0.0009715018844310327,0.025965457619148147,0.0027109847322472533,-0.008413016364074544,0.0011512068928114145,0.01608068490181136
2025-05-15,0.0007597719048021423,-0.016986533470683646,0.010932947408073638,-0.005266795330451786,0.011691595524035389,-0.006552619787885535,0.0006238399646365522,-0.013397553798515224,0.008887978726251466,-0.007087160308473968
2025-05-16,-0.020248575013429065,0.0020195545109072586,0.005867411965425211,-0.022657816706604533,-0.0038106158936782597,-0.02290422566472335,-0.0034827376566622568,-0.002092063472746856,-0.004132891750694904,0.008367602082806883
2025-05-19,-0.0055825456482232845,0.025213613468986356,-0.012427213498128031,-0.023193479756605833,-0.009138026134726251,-0.004446299404768113,-0.016454101665472787,-0.0014091744262666461,0.008251218770739865,-0.005374272215908138
2025-05-20,0.004001765388154628,0.04063867721666555,0.0025222707423580757,0.008245215007767204,0.003835077284652414,0.011154703796750024,-0.003954785011793027,0.03510083106039937,0.004958322819527387,0.014862457785851824
2025-05-21,-0.00037481259370316283,0.05319198450081286,0.0018090610638427835,-0.014808399535691944,0.00047093788408780757,-0.011048876382741546,0.00175427210185027,0.027301057215708375,0.004659040748979308,-0.004424668499753463
2025-05-22,-0.008225683882365812,-0.003517599179134782,-0.001388325472559478,-0.019357571223012182,7.908323851076501e-06,-0.006916293393672353,-0.005115808827851527,-0.01158563244788761,-0.0021889730111301167,0.004117798955152185
2025-05-23,-0.0023928404107876147,0.0038250647365635957,-0.003584814905569648,0.00430535132706152,-0.0036840282277740277,-0.0067704930916402395,0.0047223536424514006,0.026163802198590085,0.007856624872928411,-0.011671272394807808
2025-05-26,0.005007516961149945,0.03761418663541738,0.009103901997480235,0.010469547963317671,0.0055757658248470525,0.013079811417838835,0.01343456914473847,0.013278952112753095,0.017970833582789874,0.014659350327456133
2025-05-27,0.006098091216883354,0.00479286147155437,0.006563926940639305,0.009345941487379142,-0.0007666621234836782,0.010450942387426646,0.010357281994313553,0.04492667803753773,-0.011062743879287887,0.004173674702547814
2025-05-28,0.0013076985113872712,0.02036005101406335,0.0001840165380638803,-0.0036604666293353163,-0.001691793520686972,-0.0066114668483505295,0.012914223284682244,-0.013400321274596302,-0.011597459310903427,3.117735675869001e-05
2025-05-29,-0.006586168647766806,0.028368319913461965,-0.0008942498474571181,-0.004577447199471507,-0.004618679389979656,0.020344238320702646,-0.011245742640435838,-0.010626433585963343,0.0041959969369512,-0.008971051693113371
2025-05-30,-0.010905205895186029,0.012404057118731085,0.00793005516438905,-0.009011386189631968,-0.011905880337270247,-0.026381852138248913,-0.00674878367485184,-0.012803003361256652,-0.008216730490241889,-0.000616599040254869
2025-06-02,-0.0030308470656315776,0.005518604729469301,-0.013940286395591603,0.0047670371527874416,0.0014537919260565468,-0.016673267029777155,0.02773805493204066,-0.01915280958187619,0.005221988829117212,0.022926198488936473
2025-06-03,0.006675994986128586,-0.005026498959383526,0.0183974178889544,0.011517801960867343,0.014249650372940645,0.014987090803189607,0.0011236646899710119,0.009741068653173998,-0.004599660694137049,-0.0030160801833910567
2025-06-04,-0.0030652017895488695,-0.0021413276231263545,-0.0049289510935596565,0.001656285150773688,0.01672378268312739,0.009492116298641773,0.004107075181478274,-0.010206549434492432,0.0004992567532933571,-0.0030931767759887117
2025-06-05,-0.003625374792685173,0.0006740335743594672,0.0029744848568912983,0.012185164178728761,0.0012737176925478415,-0.004852029200619927,-0.004795374011915469,-0.019024418962709788,0.008229763260976538,0.022283692687025163
2025-06-06,-0.006532714435179665,-0.006916774281372866,0.0006477679939549027,-0.013648738952994269,-0.012973946247849607,-0.027795289063925515,0.009655920423507195,0.0028603156769353433,-0.007440657768922369,-0.0066540313132184
2025-06-09,-0.002826306341205953,-0.043998806702236735,-0.00813402979685999,-0.006517887279461639,-0.005903629381890263,0.005115845013031972,-0.008175578893781399,-0.04289826189754845,-0.010051984147336435,-0.016319549685168244
2025-06-10,-0.0018151683266228735,0.009120660735020566,-0.007130912302553916,0.0077053239908525155,0.0036401456058242263,0.03520002188512287,-0.007540910569370822,-0.0015233404877409429,0.008750238407258193,-0.004332148845808644
2025-06-11,-0.0013564547241379232,-0.01424689125106112,-0.0004538880299628974,0.04095840325291925,0.0003834218408230357,0.0170499527149716,-0.006731450858473598,-0.010023370478304003,-0.003471525916042791,0.00017682961036817138
2025-06-12,0.008499248165247497,-0.01384995057492,0.032694813459125616,-0.0054531229412823805,0.012384664353006484,0.03150589314087826,0.010172511745196363,0.01749447292687571,0.0034159722267797696,0.004717247693952838
2025-06-13,0.015701659654990967,-0.011603010653962556,-0.019484974994019355,-0.020800089969092477,-0.006727824130387083,-0.0028134941221672483,0.05054247137235649,-0.0044897759937708726,-0.00516860678896099,-0.01271648616793238
2025-06-16,0.00851597826076104,0.008786432795894675,0.016319163433423656,0.03713057095615727,0.01499697342529216,0.02418874650600474,0.0691157897366667,0.012606909458497961,0.008491512298183753,0.020432054865194244
2025-06-17,0.004404426203761469,0.03213142018365681,0.0103634404268765,-0.009118490225222561,0.007542566071222538,0.0013468470537851829,-0.016797603251666755,-0.005722810932408932,0.007559793583701661,0.004151699506845315
2025-06-18,-0.006883335060313726,0.013041890328817196,0.0024662199229651773,-0.005809530561398731,-0.006122389755828832,-0.008118620028641535,0.008075481364790452,-0.00605694708003605,-0.006759956768001822,0.0007206212776355766
2025-06-19,0.005440862669582436,0.005511775497180034,-0.010072175952086463,-0.007417821225228716,0.00026001861808470456,0.025985294336316873,0.008138311369393433,-0.012653463177814387,0.0005590027391133567,-0.002770083102493085
2025-06-20,0.009733803917611287,-0.01872143812247214,-0.0026298840020117695,-0.002469070693714196,0.0032744066338406728,0.002590351014364519,-0.018025808897954094,0.013458773779325398,0.0003598454833761607,-0.0013835343486855445
2025-06-23,-0.003963547496705799,0.032506116502189854,-0.009469472596148165,-0.00838850595534398,-0.0033451162895293076,-0.002824076460659112,0.03432813844434516,-0.007158769127978156,-0.004903903713143938,0.004622151681630604
2025-06-24,0.0029742620197415657,0.025650967317351652,0.015028272234924275,0.011951939636782797,0.011638981045651494,-0.001739456000239244,-0.05335283565274281,0.004615510842362188,0.010214153318986044,0.006915291664154055
2025-06-25,-0.00010999357637512623,-0.0007361633530359827,0.0073228803716608075,0.0030645708554857634,0.012037170639612738,0.005021353336930027,-0.018951850862376496,-0.008704550057523056,-0.009103784455325411,4.630092063336496e-05
2025-06-26,-0.0009791025123162544,-0.005427668983219003,-0.00048579269435962874,-0.000233501479492045,0.007047863848334002,0.01876971104665696,0.00016945162384622106,0.007175169211039075,0.0014299351977964392,-0.0023497641220994923
2025-06-27,0.005767252240998166,0.0029062233475859824,-0.004165826571156199,0.031056565789696105,0.031090044631602105,0.0021472162488069824,-0.003606152202455304,0.00047115534482999877,0.001528270823404528,0.0008129726758685137
2025-06-30,0.003355938670555614,0.0023458850897964214,-0.0024599142650718977,0.024949150250860013,-0.0030297833093605084,-0.002570488720795313,0.002858081694640339,0.026611852696597788,0.003553210852111688,0.00434763499077595
2025-07-01,0.009718002005106788,-0.0017149562234858677,0.0026548833203677478,0.0047896230110976434,-0.013026411376173774,-0.005402262485300772,-0.01515242343339022,-0.01821433889776895,0.0004463813381071861,-0.0056579910558206175
2025-07-02,-0.0029550467080463236,-0.003004562214900678,0.018168430093987276,-0.011018393073460827,0.0001534967256382839,0.006373673607382872,0.00046790192775595746,0.019030678006889845,0.0033871114343299777,-0.009992733073405943
2025-07-03,0.0034031863494348538,-0.006285871068102818,0.006067750543824024,0.0006018030259427783,-0.005410238293122112,-0.005639321656665548,0.002046825423709745,0.020524293793802755,0.002285710083075617,0.012064290269539738
2025-07-04,0.006682187461059123,-0.003797983638302934,-0.0005251647593793966,0.02261906402710519,0.003326971041582786,0.0058197152120674405,0.0075442295829018695,-0.004362088861318429,0.0025565388397246944,0.012361590454684398
2025-07-07,0.020330566769547847,0.010119865929480184,0.013976258615482942,0.0011233011902187877,0.0014548222769848647,0.0021262581530162583,-0.0033046250467402283,-0.007610706263558679,-0.001992024006949348,-0.001351154525602083
2025-07-08,0.004896981225065063,0.019644285335121303,0.027404662636260662,0.004957119300149119,0.01311631804935757,0.0034003934364004915,0.013473421300464436,0.013539616456706796,0.0035939277398712535,0.00940653478191078
2025-07-09,0.024876924614543567,0.011837405020123648,-0.0002259781346674409,-0.008845856522777326,0.013370965137017077,0.004948271116643384,0.003599374230729424,9.3819299182063e-05,0.005103577444679153,0.003097260000075449
2025-07-10,-0.0001691209677876134,0.040251911830859154,0.00831672959952486,0.02323267686852611,0.005201638682823602,0.0032111420829642836,0.01100487197809256,0.003410780241894895,-0.0020058784470711557,-0.0018881911739054107
2025-07-11,0.0045728647827172715,0.020899626360764107,0.009240338445649901,5.7371137162605855e-05,-0.0008044120448904198,-0.0020202226659607656,-0.009110773665476413,-0.008828239918144446,-0.008565758907553511,-0.00920700030007456
2025-07-14,-0.0007360565154111987,0.022219228177671635,0.002238991884399392,0.0002996583510901744,-0.003536501724378619,0.027549719494715557,0.0013546820170807032,-0.009878968583864944,-0.0008394039773196674,0.023639260167127512
2025-07-15,-0.01129150879704277,-0.012719398745349256,0.0006356612929775407,-0.010618195991907053,-0.004230270272244467,-0.00645289331608645,-0.005855109287112785,-0.009664447504050155,0.00033947184505552414,-0.010655113337120584
2025-07-16,0.010919273100209534,0.025077689302476374,0.011867413406216812,0.0010102058146433575,0.001850618221663325,0.009874522088845502,-0.0019796501308928147,-0.002551732881489096,0.0016501721067975945,0.013385022484870316
2025-07-17,0.0016120538048332393,0.05906615073570428,0.00031576527232228074,0.004018212851824392,0.008119495395093232,-0.0017507005005568492,0.00022601124690879715,5.694120649316995e-05,0.003592830130080049,-0.006495581952356296
2025-07-18,-0.0008137699068783885,0.009638136831433811,-0.002255241863776051,-0.0036335634000882466,0.011844046165977265,0.016295513296226877,0.011234728170584019,0.014032136252388675,-0.0022062315949462987,0.013670400235381353
2025-07-21,-0.00431666578176156,-0.04148679120994377,0.007165909820535443,-0.005845904188196231,-0.011288314316238371,-0.012267935935063997,-0.00876254022432188,-0.00809842502712721,0.0013936233781060015,0.0077569657654451936
2025-07-22,0.014939611941735764,0.03724058381538938,0.005130501209335077,0.009315026166128781,0.002642230714283785,0.008680109217978238,0.0006562652184481932,0.016913290318645968,0.006264276648542714,-0.0015423264057773018
2025-07-23,-0.0019986574460041373,-0.02073266737277557,0.024417831725545125,0.014323062252501795,0.012201068392955613,0.012004778100524064,0.013014951124648455,0.007788856103546811,0.0016108690353236292,0.006117261844768684
2025-07-24,0.0017503743201407278,0.002222722835473423,-0.012586250509099043,-0.004429116276106056,0.007951241473194814,-0.006899985773225185,0.013505108825764648,0.002717296263339756,0.009094437974823974,0.00044961501714158025
2025-07-25,-0.0013010547147656408,0.005815579301612102,0.008361240042197071,0.00913243665374767,-0.0028538822256670704,0.0005023601267779565,-0.004305907516906515,0.01554622115590846,-0.0009132026911375934,0.005837728396312765
2025-07-28,0.009002343501820867,0.018856872169805028,0.03942907482268857,0.004492773821049105,0.009847634669498081,-0.0006936408984422234,0.004467666222620255,0.013341868359656006,0.0009869988428289715,0.014975664790982742
2025-07-29,-0.03966669972308671,-0.04201841686647364,-0.03682528890279898,-0.05943394851436212,-0.036950844273756646,-0.04708804225400746,-0.02020525771592648,-0.04260016935813841,-0.021081430893203062,-0.029546546250202366
2025-07-30,0.024047437342036293,-0.006918250175868408,0.026710130133520044,0.0027507847376032992,0.0038795628382985634,0.005343751390776179,-0.0032176945778975194,0.023743947354020706,-0.004728220883125782,0.0010634114769439245
2025-07-31,-0.008278034752059385,-0.016544230365749108,-0.017492778339790387,-0.003597105556905474,-0.010887949111518616,-0.01668484311488838,-0.001319337719733804,0.007444522992039866,0.020685333907914865,-0.0013855598470895458
2025-08-01,-0.017291986871970682,0.006926892737969685,-0.013490160890293349,0.005115543155553477,-0.004431176898573604,0.029425934051809266,-0.0022922085923678206,0.0228639172459086,0.0035263821994412727,-0.004946989480934379
2025-08-04,0.02278156180464282,0.054599891048489134,0.008456892238580668,-0.0018699465030399913,0.00966605317683548,0.005145691357453315,0.006212244583737925,0.009922682189396292,0.00266436669567612,0.04094375581518047
2025-08-05,0.014558599546158643,0.024468217674161963,0.021679953146951814,-0.00416082883020182,-0.002683653046964607,0.00012840783583134563,-0.0031469260382218645,-0.008782840343352194,8.283763590196298e-05,-0.011820258672418685
2025-08-06,0.01785146395173287,0.0118849088646981,0.019169922107701447,0.017709541434286675,0.015023143357666488,0.040913473875418584,0.023787252114072437,0.011501665697820481,-0.006366359739166105,0.005601665407790168
2025-08-07,0.007311942094964441,-0.0184359876518246,0.041068480746933776,0.007414606235471226,-0.0019974618260863997,-0.001338550067166877,-0.004013800301051955,0.03070642952871827,0.0003168392820556883,0.010185681325912835
2025-08-08,-0.006113299993557068,0.011638562378831466,-0.012537897367454143,0.022432954754511458,0.002744993383738533,-0.008843742570126692,0.03847461207323244,-0.010369541641853627,0.008412125635653448,0.007384139379707388
2025-08-11,0.005999412973169489,-0.004431853883891483,0.009048111332007927,0.005805277770373762,0.02923318928702871,0.014120728293785708,-0.0012107631758170683,0.00091443661706155,-0.006116179813974387,0.004682018981083373
2025-08-12,0.01693285140526224,-0.007113370700204198,0.008712753658403813,0.0017986004171237635,0.008838588046864363,0.01031649796551859,0.005274382027210385,0.028950076491378225,0.0015822345093915817,0.032770774193402685
2025-08-13,0.007276132822517822,0.0004745722351765143,-0.013064844268059614,0.022374395094056403,0.0029958758225397584,-0.014772622570577728,-0.01037460544628114,-0.002024545977741784,0.011152403611359793,0.0032801791197710393
2025-08-14,0.024920501660618433,0.017681180944491226,-0.0018802383397146238,0.0018659116657612218,-0.0013526058067343527,0.0028471957718592122,-7.445237517093399e-05,-0.0035537622614978392,-0.0029227194716392826,-0.008965481703991732
2025-08-15,-0.02160643002407936,-0.01290400832016636,0.00047933172658398693,-0.027917935254507475,-0.013270893427808924,-0.02016976353468425,0.0030483057176724504,-0.012412594121411824,0.005210083611261703,-0.02142032065001594
2025-08-18,-0.004111587845871438,-0.003132855699804334,0.01786828296836392,-0.020971014407391613,-0.0008698013865483523,-0.012862111331161738,0.005523586087294345,0.03142164708737364,0.0003797115559136162,0.015227368282249984
2025-08-19,0.006453666252903223,0.0,-0.010208663219693973,-0.0015773559544670264,0.003301525402114184,-0.007346154618436573,-0.0028769397336383027,-0.006705388442965384,-0.006155302381209611,-0.002551434101043859
2025-08-20,-0.0007049143928560634,0.02410624192756065,-0.03749824528485416,-0.033621546322538776,-0.009889986842648302,-0.005612234443123421,-0.030259412114965117,-0.024220512279024813,-0.009871172137437823,-0.017220401853010325
2025-08-21,0.027398268872676306,-0.005901965788073745,-0.0038714021735725876,0.016955634405508624,0.0010967582600478476,-0.0031146312605391246,-0.001439911422920918,-0.0054459179908665405,0.008885776457858966,0.003349983737644465
2025-08-22,0.0037370566969111563,-0.02673856812186663,-0.039988324773465776,-0.028551755279208835,-0.02658268373911969,-0.0024582222827258526,-0.023864748666332442,-0.029699185055389266,-0.010071046790781598,-0.0006128958199560497
2025-08-25,-0.0343136802281316,0.022676589268721587,-0.006439101636127413,-0.005570468989727091,-0.007632693520771376,-0.024091896806963924,-0.005287765961375516,-0.029595973495053534,-0.004324545842877485,-0.013202158504295255
2025-08-26,0.025976306665290865,0.05008435772877551,0.036133625171237714,0.012745042783799473,0.014618084397930367,0.043331651433935546,0.018905388127525402,0.023940801678559165,0.001577530973999967,0.016484077813003612
2025-08-27,0.030569943575084062,-0.010518608641170305,-0.011313959309575905,0.029236661732249185,0.009716479965234134,0.0024990421451186093,-0.0023783886636791207,0.039833952712793184,0.0037892210308696495,0.017237448442006215
2025-08-28,0.0003983150717596547,-0.006930630683029941,0.007139731329646626,-0.0022970901956311796,0.010346405801143618,0.01580375981652386,-0.00047614054918003007,0.015551058044517285,0.000638222653206529,-0.0021667737982911106
2025-08-29,-0.0010839162552492472,-0.002730214096204331,0.006121358956849991,-0.016761419965099427,-0.0042413689205350975,0.002210514920949073,-0.009301875607543142,-0.009188793596951794,0.004623310699019889,-0.0006227644785972153
2025-09-03,-0.007169159633340268,-0.004526577480936951,0.05392235923406926,0.022042664894059483,0.0051979536151098476,0.0024671718775497453,0.015159367374216673,-0.0005348793023133661,0.01013577675412732,0.00643171462997257
2025-09-04,0.011244547550384102,-0.0031452670906803406,0.06542550217766507,0.01130266408281122,0.01423967763063505,0.022111569865975955,0.009663521651005627,0.007367127404118823,0.0027152310311349868,0.005720747853845761
2025-09-05,-0.022505404978912884,-0.005636165245635409,-0.02637103829219393,-0.015347218819358854,-0.01049590400035183,-0.022043687108894705,0.000493905959277304,-0.009648160040297856,-0.005363636423769136,-0.009929231485709308
2025-09-08,-0.026515084525260784,-0.021131137352392765,0.0016000201349656296,-0.025606249244955248,-0.0131448905416461,-0.027544249423261797,-0.022801558317915305,-0.013283198974446186,0.009285459766501117,-0.034600243943799236
2025-09-09,-0.001324111546417428,0.016944233154015498,-0.0056702813052043055,0.0027609627140654514,-0.005236608470328363,0.01615845661765669,-0.003917380338033165,0.006681960272388765,-0.002992000976979936,-0.0018810004274332586
2025-09-10,0.011018580679318305,-0.0035077337843675283,-0.00864153357837801,-0.004757374568577537,-0.0031505105095774497,0.006536656846719742,0.006754597933584683,0.005306718263595485,0.0031464851827430382,0.00655132532262163
2025-09-11,-0.00013708247882745125,0.024115332123725148,0.0360785477028401,-0.002482321564021691,0.013074353389863624,0.023549200855104663,0.002306527470082161,-0.007594741585663682,-0.011406149878201988,-0.0030225645291147942
2025-09-12,0.001517784181539028,0.00431124360809354,0.02603853089282519,0.006005386842690215,0.028855653498523964,0.018905997309052402,0.020217612734604096,-0.0002686808180989801,-0.0007313543789336426,0.01333448403021431
2025-09-15,0.018162251435826837,-0.005197387869178449,0.008712679674503399,0.011035723388214791,0.009574815856791838,0.0049898354814464545,0.004614916109009844,0.042478836453486636,0.0066428004294964245,0.013269768440915023
2025-09-16,0.003648506017896902,-0.01162046625420654,-0.015613164876925545,0.00812890533022644,0.009844745554007531,0.0042334705439061775,-0.000705323596046877,-0.005951367658754481,-0.007930607187112729,0.0006975201086834026
2025-09-17,-0.019349201592842258,0.016564492522773328,-0.020207614833814096,0.01801452433304518,-0.011420906045805368,-0.01817860100877226,0.0032485376162961765,-0.0006007418742919693,0.004687071093642488,-0.010455489354622963
2025-09-18,-0.007682022403188604,-0.0021762349246125337,0.009718193926251839,-0.020934804484570784,-0.011942913601380223,-0.005122385169901489,-0.016819530055322367,-0.012960156112471552,-0.008812563858672906,0.0071344239286429785
2025-09-19,-0.012788471232607254,0.03177454113235153,-0.01042282518200995,-0.007867198030292602,-0.014441610941100858,-0.00033053884894618246,-0.008682312747473738,-0.006874861997692457,0.001567990921125843,0.01439437402381294
2025-09-22,-0.007590816748436757,-0.024201243017958896,-0.03877100293543545,-0.027008639521864424,-0.01338106775066994,-0.02239773957434188,-0.01877152007017287,-0.028235377141752133,-0.0023598415695168886,-0.016925289395743264
2025-09-23,0.004553103601439974,-0.0006687305234544342,-0.0015068051684350807,-0.0025857109982737603,0.0018467487110866247,0.006890660268301134,0.004737402203295549,-0.005088355379165262,0.0023853691182128176,-0.00236916685220682
2025-09-24,0.008876713928519001,0.007769493191745173,0.02058506927750603,0.010318727163417899,0.008424287256403984,0.013206199279534555,0.006178127452288518,0.011327146129320361,-0.0022297748004255955,0.007993585950670753
2025-09-25,-0.0021354327635685713,0.02211308296909849,-0.0028281270086129018,-0.009016285295499174,-0.0073995948764427055,-0.010398235238486079,0.0058675569345095395,0.01066950135269155,-0.001548687354823645,0.022302249039220623
2025-09-26,-0.00020036747757157247,0.0026998998451028453,-0.006329961617041506,-0.0069151122570640195,-0.0036267421615692554,-0.012129857078359748,-0.0097109563791975,-0.010754098142106372,-0.0015521875061932366,-0.021868891209962976
2025-09-29,-0.002171035149250211,0.02760577888975872,-0.0074337359818146265,-0.009681063656351721,-0.007045011867478523,-0.012606576819962986,-0.0004960317460317812,-0.006311363022254583,-0.001570255845489421,-0.009066918644111169
2025-09-30,-0.007076437111029454,0.00030070666483272834,-0.016233749161483308,-0.01702194039503509,-0.007078016116994805,0.002983438196222673,-0.012734991104758434,-0.022583732970172615,-2.341009579257906e-05,-0.0120072346423132
2025-10-01,0.0073030968396070595,-0.006427838248239004,0.002766033293540341,0.0029250207144392673,0.013625864523300354,0.004861603323752073,-0.003943005465891769,-0.009934639402202072,0.003256576479953033,0.001198795225580344
2025-10-02,-0.0012638024386084634,-0.009794860342596393,-0.02129741279016306,-0.0022647893633247116,-0.0032586046612554562,-0.010175541464540139,-0.0077714534456441164,-0.0042745747691540865,-0.0031910141042823525,-0.0032140245301300516
2025-10-03,-0.0067794087640810075,0.0068720467318764316,-0.021577102701413848,-0.0030036942636876653,-0.004541371915910086,-0.007801785317042009,-0.01660521132040464,0.0001320098389859433,0.0016420361247947806,-0.012967082828317414
2025-10-06,0.030875555764086144,0.030464206129620457,0.051806634699260355,0.023273763055014978,0.022900681129006745,0.02205671364053141,0.02053295395817652,0.03335971573783462,-0.001079426061968573,0.015634683614955458
2025-10-07,-0.008717687848367314,-0.006552784677117729,-0.01424937668747106,-0.005393741968420389,-0.008425233607294821,-0.0010582414601632377,-0.007338421081022191,-0.015566161367971953,0.0013300340241261994,-0.006680605427750952
2025-10-08,0.012663626267672071,0.008391190446274566,0.015333910617849167,-0.001328609073458294,0.010859012892099895,0.0100062369086484,0.005267345293992569,0.0038611325081019388,-0.0023440484178625653,-0.0011466319875825803
2025-10-09,0.012018878842852576,0.025868576400791394,-0.0009828764332253288,-0.003676654655268933,-0.0031033343295343574,0.004042671194201801,0.009242240583840303,-0.0051680988340131835,-0.0046557786074648,0.007390838425124557
2025-10-10,0.006577679295897513,0.0529489533217972,0.012695516751466554,0.011048631109050966,0.0031678471173838263,0.0037464316447865333,-0.004325987547344183,0.004098639454183132,-0.0008925059675212547,0.006683224179959109
2025-10-13,-0.003265449236947456,0.03502843686470721,-0.021153822985435704,-0.016940639005389335,0.012785657722294156,-0.004925821876014942,-0.009370011395273862,-0.01117269860792732,-0.006387600011364736,-0.014179611553749324
2025-10-14,-0.013910024371717475,0.0077689473205832344,-0.02152222206377774,-0.014412369700945837,-0.016355965942815742,0.003613355525579657,-0.012407777989985084,0.0020823882070997537,-0.0036452829393115818,-0.00653029665129401
2025-10-15,-0.0028585344794333314,-0.009544472196720796,0.0007046103394683737,-0.02215735330840729,-0.000634663180895186,0.009456808468400394,-0.009446180648330879,0.004894109572923726,0.00956972344421562,-0.0014781985194034137
2025-10-16,-0.0005366462091171235,0.01432618608491032,0.009785367789431954,-0.004014227426501556,0.025195378747653947,0.027179196839744863,-0.0016949152542372614,-0.007829283297019818,-0.004445097891337679,-0.001986769661497504
2025-10-17,-0.021100049746764382,-0.02357959966703375,-0.0014736106471735881,-0.010947711696685366,-0.013476963677792275,-0.012089614705616758,-0.010145754860964326,-0.0012535532113901275,-0.008989327796961488,-0.013868768381452679
2025-10-20,-0.05624823745685529,-0.06094766921539552,-0.06850338173460846,0.00898475604465776,-0.053844607735727266,-0.060407703081178786,-0.03590400988730447,-0.04887165677312203,-0.018982915701953207,-0.04802926757756917
2025-10-21,0.011575326111716558,0.000779183912389588,-0.012473469206881157,0.04581747604133102,-0.00333636942285002,0.021944657916272464,0.014938207102665505,0.02633473473309267,0.010776957803874923,0.01672594554827156
2025-10-22,0.006688113487474705,-0.0035617574244971215,0.003022609059656308,0.007176999897349916,0.005706342403255997,0.022026462961581023,0.028454749622767245,0.021042391322472803,0.022222870450048338,0.028642143342992643
2025-10-23,-0.006875755164708693,0.030450016638493338,-0.007890220488242025,-0.021006952654591477,0.0032068091180688465,0.02222541303799286,0.009578795933727754,0.023946651957118908,-0.0009982733826342145,0.0015755971513203477
2025-10-24,-0.0009406099795752724,0.00702773148271955,-0.01351257139940957,0.03651892351604843,0.011300210008099961,0.014811786076202408,0.0002198714802327991,-0.00602989399485528,-0.004681722971562404,0.0008241758241758212
2025-10-27,-0.013367756140702772,-0.04241748400015729,0.008392190544530628,0.008387691883362006,-0.007480697498599105,-0.028204722815538614,-0.004744296447402152,-0.014012714726906461,0.009247642719059423,0.010213115904826727
2025-10-28,0.012732766871261866,0.0011966148427869177,0.02281808098663703,0.013143120797284302,0.004478641435165705,0.026700989542581377,0.004589053643476504,0.03260181605118532,0.0075046904315198,0.012101180397949015
2025-10-29,0.014632167058115098,-0.018485601058748153,0.009563408579306673,-0.0026970964199897196,0.003650582170785288,-0.0003201922355795528,0.010544135703903779,0.025268495685103032,-0.005714306342271176,0.038936739120506214
2025-10-30,-0.002656806858575981,-0.005405243858549717,-0.01735832879267296,0.041114524299083355,-0.002238701839824294,0.0031831889587552453,-0.005633575206488846,0.009995073329987836,-0.00913305673683762,0.00483971123218685
2025-10-31,-0.011351139375823105,-0.04047117626847289,0.0006107911875694594,0.0263669607769302,0.005211519416260894,-0.011714974055465843,0.03369186318143802,-0.015218647564571142,0.01066053511705678,-0.007197293179863877
2025-11-03,-0.007690199366954105,-0.01299700292008473,-0.003985908346594698,-0.018008142159098295,-0.009299091666916004,-0.010396011094833124,0.004770174090477271,0.007260348565579666,-0.006838202781051998,-0.014887986834360692
2025-11-04,0.021656803209796644,0.028093709971267627,0.029127800948467304,-0.01461680167862837,0.012585889842207506,-0.0033314602056571108,0.00497756766550846,-0.01203763887813969,-0.012193005517841452,0.009219858156028327
2025-11-05,0.019490256559165697,0.01594585752971789,-0.003538238450524515,-0.007217202255771493,0.004597604549416083,-0.007524582837900436,0.043144501280010315,-0.006191707649901253,0.007288124478727694,0.010798226597978652
2025-11-06,-0.005404959603299194,-0.006258880193407849,-0.008223339841541407,-0.0006458506038832246,-0.006220780257107705,-0.013065612626403341,-0.0027859911001566853,0.013941216490093425,0.0061279601163273245,-0.008670756004148869
2025-11-07,-0.02782904526948604,-0.04870625868381103,-0.00472468140488036,0.010214460717425378,-0.011097035119301565,-0.02757312385918383,-0.0029587072114987865,-0.032102321671735844,-0.014798050207586233,-0.020432875775837966
2025-11-10,-0.010589164291906816,-0.03759972426255909,-0.0020110258063079276,-0.02447969796685941,-0.0076640042351678135,0.0010643149498088533,-0.009923085791458766,-0.015533564266674368,0.00519602226160909,-0.01039267751079794
2025-11-11,0.009434619856632853,0.012677992936599547,0.005024212717637866,-0.010731915437194353,0.026576200653667097,0.01978151615539477,-0.00477501548564252,0.0009161002814508379,-0.005343076711952777,0.0009411415329643921
2025-11-12,0.010450127526520525,0.05488355655799252,0.022136360969312967,0.028282954268676736,0.010379363586647225,0.018904782877140702,0.006650286439506307,0.015511556048030561,0.005350508082853311,0.01824003691862604
2025-11-13,-0.0002789764457758655,0.0027128631134336243,-0.009547516967528277,0.0070320010234479575,0.013491738135605003,-0.005665539239000557,0.033055242851234144,0.024779771854696115,-0.0028253014075357483,0.018585050623087056
2025-11-14,-0.0005039598836174738,0.02427481420488457,0.006306844058920236,-0.0026381680699725982,-0.0009322649035414429,0.008884063539561652,0.006489841318476001,-0.004011208567323732,-0.0007440223902123178,0.01514416039836782
2025-11-17,0.003606731986081746,0.03592942280196124,0.011919991302230537,0.005225582465912944,0.0046417752803808625,0.026323495556911675,0.00296290205691759,0.007386834449423785,-0.004167534903104786,0.007362718332620403
2025-11-18,0.002133336556504717,0.028047342080139998,0.004477664559341917,-0.0032496028644121897,-0.010804512229899052,0.017752649809105663,-0.011542140488036035,0.0033820558189813963,8.724975414187153e-05,0.0003525557861889794
2025-11-19,-0.005772961039554825,-0.0036697920839352896,0.00037165579062581333,-0.021233756921762326,-0.0011831829196494725,-0.012849532548226147,-0.0008454498799067937,-0.003173412241152677,-0.012713130567410044,-0.00021017700312105556
2025-11-20,-0.0030103850050658965,0.002733911714531486,-0.01608649821605057,-0.005157407256813795,-0.0019478022846622551,-0.004359392431980432,-0.003421477819903688,-0.00836275278459205,-0.0003413202266366137,-0.0038641034084544446
2025-11-21,-0.005301410382543244,0.014224945478157483,-0.00411284372728075,-0.002635254305244028,-0.011117054959942677,-0.0029728848597722437,-0.009233196333382784,-0.005092485016242598,-0.010824841412978828,-0.003812711603570329
2025-11-24,-0.0026545582752618424,0.03426225003804687,-0.009481758065468878,0.0019668274594973147,0.014554926260671045,-0.008805915694099239,-0.005863406867407717,-0.019588770600686794,0.012526654930747005,0.00044562950890610537
2025-11-25,-0.01372297465937559,-0.0061233775852710766,-0.01236273493666551,-0.022388856264264494,-0.008092999880825161,-0.006442539228026918,-0.005208956571072343,-0.014433169902134354,-0.004190956166618076,-0.02085315975086129
2025-11-26,0.00792383188315171,0.00557474205492899,0.015598297501206856,0.009143481493626574,0.013208621752544817,0.005692332679175127,0.015927535288437527,0.014136819448889856,0.005755061044867005,0.01184327921858593
2025-11-27,0.00017870504138295384,-0.008730843013024995,-0.007560991133717665,-0.0031974956172406235,-0.005418608035034096,0.016003712467477893,0.003613522196254585,-0.005489951657546954,9.85675887735793e-05,0.0019174581349773456
2025-11-28,-0.005834370058084996,0.017052077685753415,-0.010049086305325897,-0.012163123626062347,0.006101478630819075,-0.0008598615842831947,0.011511603684467834,0.001987913584779233,0.00925910710144843,-0.004013220018885748
2025-12-01,-0.004770540594593402,0.01996488110720292,-0.00878636161586229,0.0031046238855875208,0.029360906056814073,0.0018838436612019411,0.007162945448260201,0.0005993280089205596,0.022207586710273453,-0.006486444316985566
2025-12-02,0.004059484449247012,0.011956757965888945,-0.001145475372279529,-0.008895703458618379,0.022806249496268194,-0.003836817790306165,0.012510954593996463,0.001306033046314825,0.008677156712952216,-0.007012067992837749
2025-12-03,0.04166826692068204,-0.0034086849669761423,0.010075638281142737,0.011891132483149583,0.003226173180710427,0.031189032805865158,-0.014871483000365929,0.007148274554417873,-0.004077693372907791,0.00965239033406969
2025-12-04,-0.0017825311942958704,-0.00796113465912555,0.014237165108792471,0.0008967369436052586,-0.015518591193670384,-0.004814298810375132,0.012383342804927514,-0.0020407937238503537,0.0016304901661061688,0.003735276224874832
2025-12-05,-0.010057513397960424,0.02560126063906391,-0.011599672931462099,-0.009921089918372336,-0.014244961153635346,-0.0013847209180513815,-0.016649679594772742,-0.020670398607859315,0.0004191785476750365,-0.001187023498654849
2025-12-08,-0.0075409856712261485,0.029046820062911555,-0.013451411900497071,-0.009175834674200986,0.022013514281100027,-0.01686179906918465,0.020688255184477217,-0.01518313047592453,-0.009043551616742362,-0.009752722545222229
2025-12-09,-0.006415071744042507,0.0027741269984202788,-0.006422163580160234,-0.0002546054942652957,-0.00848099487216906,-0.014673326117781346,-0.034886083624301754,-0.005237424477560186,-0.008682485168551449,-0.013993862338079496
2025-12-10,0.006010141793496719,-0.03569809376609989,0.00088936910742754,-0.006778565111705344,-0.008095449123370901,-0.0043378890098553224,-0.003721083338299421,-0.003306065701209837,-0.007394528434066257,0.012071823851862304
2025-12-11,-0.00694289625524321,-0.01626270373438739,-0.0023150524932421166,0.002754862527561445,-0.007158505798848062,-0.006355209421599654,-0.005943568963236186,-0.00016853493405285155,0.006495203925473832,-0.008558322614793501
2025-12-12,-0.013982349064177132,-0.05086305345319394,-0.048373208994125304,-0.022751065359869482,-0.03307314160045105,-0.02516949886692336,-0.02861237602356422,-0.025037337248463392,-0.008774901266652221,-0.03215620675443028
2025-12-15,0.0013847675568744073,-0.009552898278253267,0.003159557661927289,-0.007195633087301386,0.013293239618710576,-0.006096353095990621,0.014886143569218838,0.005654408004267308,-0.0006573300056916439,0.014465209587160762
2025-12-16,0.012961573682765145,0.015178481866251111,0.025816295046000876,0.013539415124468546,0.024232528769268697,0.040419528900755765,0.0394560125647195,0.012974484249118548,0.006643346184334191,0.01715183339731004
2025-12-17,-0.0011612103697737908,-0.00750723551335708,-0.007045813737810547,0.0078048634920782805,-0.01921547115760606,-0.003293664347177335,0.009999555747932284,0.0006669071840121887,0.0014839426435929726,-0.00279052287209991
2025-12-18,-0.002723946218283202,-0.0004665267086541025,-0.003148678656789805,-0.011784400657934771,0.005920912717030102,0.0011451254660487242,0.004850629079700648,-0.0035208232546432017,-0.0035239407164987155,0.009354677013013254
2025-12-19,0.0024138689250074266,0.05161694478237,0.010305048824371443,-0.003719341104824562,0.00531723844303104,0.005059543809466456,0.01024061147038761,-0.002936346961739685,0.002976456111493553,0.002221148612778112
2025-12-22,0.014744206258186177,0.04145601375964103,0.01224584391619099,0.005017123016235692,-0.003934927301803115,0.016364669007931393,0.014758291882756014,0.015927158390889023,0.008458807000811142,0.014349907419952087
2025-12-23,-0.008346527307043402,0.038003575048865125,-0.010557814766505488,-0.002736669421291027,-0.0033944507444914063,0.002290108650919276,-0.0025463118958300632,0.002019364430203822,0.004101157260438952,-0.000768547483935067
2025-12-24,0.005136987758902293,0.021428877759028502,0.0008925852533871644,-0.007092503482123165,-0.010173226792417056,0.012119610097226508,0.0022480397609642524,-0.000882164580557084,-0.0013312712384410859,-0.003459169997462245
2025-12-25,0.0012799280663967627,-0.0486287540007602,-0.006074338079616474,-0.009326763098551035,-0.004736614244262823,-0.012330145727061073,0.0008681992373223609,-0.0007405115435150655,-0.0007291888819972078,-0.0024391372077155657
2025-12-26,0.001837346484866072,-0.02000388973198804,0.01610043788945011,-0.0017762475346931872,0.0005517807906015489,0.0009873578604886097,0.021695464449460838,-0.0161341978266053,-0.0051883125859751855,0.004783455487680888
2025-12-29,0.0009617234083478069,0.05589698046965023,-0.0015478886437515123,0.013681363484851458,0.004436680912191478,0.00976423423027876,0.044717864837813405,0.009301106779448584,0.005484029210361174,0.009349120082815743
2025-12-30,0.00958149709079644,0.0005327996665176841,-0.013011335539128588,0.0169711897176279,0.010054090892179124,0.003978172589706341,-0.008378217535946919,-0.0013271736062782462,0.011864873503499407,-0.006381732664100322
2025-12-31,-0.002083982890925299,0.018789181039557807,-0.007959918631922766,0.0013613807276459111,-0.0068414094656201,-0.004705413781050161,-0.01645235172537211,-0.009264759829384683,0.013044334910732572,-0.0043692712034274495
2026-01-05,-0.008444004774630809,0.029990637399422166,-0.01865443120801032,-0.0074370795001692525,-0.011900040069946383,0.024383008751941992,0.04123865196649482,-0.0025640954554550324,-0.003506743696606159,-0.002397904284952864
2026-01-06,0.011538427316280039,0.023127120856173338,-0.003109324537895993,-0.005847090080519128,-0.00017611744773315952,0.010023482961375821,0.051535421008073325,-0.005107709471093365,-0.0002981443835771887,0.010973440892394418
2026-01-07,0.04253241881506072,0.02566694587831453,0.03059203431537531,0.05646966318255431,0.01326693165568349,0.022876421281736874,0.05071225672045521,0.03513404898016629,0.005156042172073623,0.02930222164732199
2026-01-08,0.046650474026364984,-0.025180856976265004,-0.005935797625217121,0.0009860364235378949,0.005318419020143184,-0.017624313944583636,0.0164586378216031,0.004199058399517693,0.0006485084306095956,0.0075038838754499055
2026-01-09,0.06803728104403091,-0.017855400764728874,-0.009007307014071783,0.06754705182477945,-0.009621818149104492,0.0007386640576796758,0.02220053795336178,0.0069773082509168765,0.0005583472920155744,-0.0016120986561867594
2026-01-12,0.05233526295600662,-0.039780031969896955,0.048631652921502955,0.041550684550700545,0.018784361376470066,0.01995282648382409,-0.017444239865873807,0.016196853263827544,0.0040806083796387504,-0.003041187739463602
2026-01-13,0.016182651903779027,0.016883264942178733,-0.006292318893926378,0.008078588654991928,0.028895935156492802,-0.004353106061109909,0.06914863269897824,-0.004534697514876822,0.005044625533566179,0.03432260689537651
2026-01-14,0.03310866295437043,-0.030519265583170346,0.004269351539309518,0.057182947138882424,0.05183932576147502,-0.003804590788691146,0.026606770946264142,0.031535443392595584,0.0046933109788442895,-0.002794638285793701
2026-01-15,-0.05294394495959839,-0.03409038375193311,0.03035486775998549,0.03559594713811202,0.011756443024820928,-0.0160396242939419,0.002946662149324116,0.00872704752480328,0.01475518014162125,-0.003433575913242004
2026-01-16,0.0044246571581096905,0.03283479488681692,-0.005861365953109081,0.032047816893229074,-0.006232240125099338,0.05553810292025041,-0.010812721287338753,-0.004871364710161918,0.0064218377226506656,0.007503282686175172
2026-01-19,0.007849637784056007,0.004361238643535215,-0.00423276563429927,0.011073845755721049,-0.009005856290736728,0.020094628847728464,0.04776658752577793,-0.007718161951609459,0.002434117996578481,-0.004005911485368478
2026-01-20,0.00846583271464385,-0.01268536939572055,-0.01269096341996708,0.016102448486954635,0.02019178734263823,-0.004035914276944497,0.007160215021614495,0.05631403070270635,-0.012939081199928112,-0.00018441070857992217
2026-01-21,0.00023501866845291688,-0.005195140677245284,-0.020666883481692617,0.0013717094390518862,-0.025319101783657816,-0.015763273086690826,0.03276606798355256,-0.006724153662062064,-0.006210361838723773,0.0070108881050451695
2026-01-22,-0.017111341942079823,0.00011623507511119661,0.013281729836415623,-0.03193396876108989,0.002840213505704995,-0.0003590500839270779,-0.03771158611503189,-0.0034013431371753278,0.0006441551396800064,0.012502191660754983
2026-01-23,-0.026423899922073835,0.00657595294268017,-0.009608951320628037,-0.04722204807828297,-0.02965748005504154,0.008983669772224903,-0.04116798865830521,-0.020023681974586777,8.90686680437014e-05,-0.026160997433439432
2026-01-26,0.009129699379833286,-0.0383450855059602,-0.025610140954414457,0.005002373725312388,-0.004140026666737036,-0.004564685620073283,0.03540124130134111,-0.06367010964163933,-0.00320805346341572,-0.0035140124529858077
2026-01-27,0.005910544287719495,-0.05454710189543921,0.001845542305508226,0.022567335323795696,-0.001234173701600616,0.008489685518134968,0.06910905956684828,-0.0014494952334524285,-0.00013785155034218288,0.011547551522026836
2026-01-28,-0.007838046054528461,-0.027366069883418092,0.01618261637592533,-0.0003598245996614402,0.008142162746511842,0.0002684439282637137,0.010530246043838195,0.005813553885630503,0.006926721569167886,-0.011697770576915493
2026-01-29,8.453571986610786e-05,0.015554325196776539,0.009352836900586192,0.006196847800100584,0.0452386005595371,0.06117597405159647,-0.01566061831878481,0.010596867470170449,0.00010586623489846254,-0.009855451823781855
2026-01-30,0.020052910287764975,0.02019824474614773,-0.008939469474773717,-0.0018750432557424663,-0.005389428308972562,0.02783659418041114,0.018636197706099072,0.018600150375328955,0.0023847323095925375,0.009843963997077024
2026-02-02,0.016739499824871402,-0.050359974670695605,-0.01698587982539716,0.026596763008784958,0.008666072241262368,0.002901927159489337,0.02715559250617694,0.0067466277337447185,-0.0012482057043000279,0.01541886781685231
2026-02-03,-0.0010625794463617149,-0.0044229149115416755,0.00461667385177759,0.013217902127544886,0.010036203194887072,0.020106259209996796,0.0008346346576596497,0.03968683504515876,0.00018639387612092348,0.0051802086500051985
2026-02-04,-0.01227919615994899,-0.051580763546460386,0.04756810789291074,-0.016012226856529293,-0.005030840660243545,0.000276544580096183,0.0016393655240392417,-0.0011257672536283774,-0.001484005150911442,0.00857652557929156
2026-02-05,-0.029209043092832194,0.041134482632785074,-0.021355552300712326,-0.04754286527062165,-0.037072765151352716,-0.030435765335592852,-0.02488535522217054,-0.027944819363735347,-0.0030246053369972583,-0.012139497264013976
2026-02-06,-0.02704733048959333,-0.0020393325470519454,-0.03435737748404536,-0.030851321164840573,-0.013998739210603942,-0.027596995971865268,-0.00032259199272673583,-0.007329841467050735,-0.0020534247509082317,-0.020697387183469623
2026-02-09,-0.008327418662744779,-0.005282811284811155,-0.0006664458022586084,0.00013425077470445115,0.007214775475347102,0.007523488237289137,0.015472594979684931,0.0008807433482183047,0.005139826297642351,0.0017659677390335915
2026-02-10,-0.03278885664844233,0.04797701895982417,-0.0036311310467325164,-0.033076402167115417,-0.01912556457675707,-0.02328623757195188,-0.06152518798728553,-0.004411812631515688,-0.00567754965833626,-0.019132028156434777
2026-02-11,0.02539829562330535,0.041137821253672824,0.011638744652082478,0.008324738619468327,0.01098854562481503,0.03129024434801719,-0.026138547794810767,0.013369485492616517,0.011557773922437583,0.014890171213778114
2026-02-12,-0.008189947254727251,0.041469788101741845,0.0005562508691420535,0.004168250800409871,0.00023345430093239342,0.012396821587749537,0.0036715761573446284,0.013032636230085104,-0.006637805521380565,0.005455394647630045
2026-02-13,0.0017562342721840023,-0.005649068782240363,-0.0027775463927068125,-0.017585416592980924,0.00040064977250298117,0.0031802670795418875,0.012664775258731812,0.005807413412033465,-0.0035311161293985296,0.0028348907178377125
2026-02-23,0.02688226588626863,0.012548853016142761,0.025564563480745983,0.04338273744649294,0.012728850473842831,0.005612344583118989,0.0693731849796188,0.019394022414417345,0.007821239802275596,0.01701347642209668
2026-02-24,-0.013669967157387367,0.0021703721942665974,0.030036790101345634,-0.015565738524681202,0.004961427415118884,0.0048040399022146,0.022635720378608132,0.029170817879915305,0.0013184244605400537,0.010638407306596598
2026-02-25,0.0013132290635734882,-0.024592283024244654,0.019042848620031878,-0.014001393467295823,0.010233350077368067,0.0007747217800396408,-0.003381287821876041,0.0064227645086138985,-0.0024853441162621115,0.008615835094469504
2026-02-26,0.0012517919729003364,0.023456045133163943,-0.0017609561849607491,-0.005157253160289439,-0.00809265942377868,0.007967402093730517,-0.007682923641093835,-0.012043969427649293,0.0010822510822510918,-0.005947120142241451
2026-02-27,-0.00847200181416774,-0.0006231612077465994,-0.016256597898014775,0.004713802592048529,-0.021905825277500363,-0.007754741461638977,0.0184257754236401,0.018069132373712327,-0.00368736641319826,0.009110959982810899
2026-03-02,-0.04126877280280439,-0.05138274516181496,-0.01680392350715476,-0.04978380487546789,-0.01860018096844703,-0.020299885834826708,0.06957444739818112,-0.003725631064391277,0.0013422206692094152,0.05032421510739845
2026-03-03,-0.027722507784522454,-0.048084161656324786,-0.01794925775463881,-0.020588828716663638,-0.030429643277438984,-0.032181649173291804,0.06919060119843772,0.020721637930436538,-0.0010752688172043223,0.022440595032006978
2026-03-04,0.028018563366437377,-0.012510653246071554,-0.016121764141898365,-0.027730147818664414,0.0035441563377709797,-0.00039657148037008927,0.03793024570858453,-0.03095254833544721,-0.003506807926057546,-0.03141434485845366
2026-03-05,-0.013296971134629687,0.026330357634134865,-0.01538153531294025,-0.0018879480113660845,-0.01432527976523553,-0.026977184686065175,-0.06663715069124414,-0.018850898123055588,0.0016141096490120965,-0.009261801607234665
2026-03-06,-0.01624583503497971,-0.013895065427093956,-0.009112623972159617,-0.03389888865394889,-0.01349206967600806,-0.023178390375460062,-0.03469799096156364,-0.0026767502668103202,-0.0044532524044045285,-0.02754990045075541
2026-03-09,-0.06909661247390841,-0.06837917952190065,-0.06885971908685169,-0.08844316879238856,-0.06911515749751707,-0.06939866846405877,-0.06839764584909713,-0.08805182118502737,-0.01858366237081425,-0.06893554472449122
2026-03-10,0.04683802586122391,0.0014027076193752208,0.04772754340464269,0.0391776273811603,0.04146098301298662,0.044493371290368566,-0.04600760187204581,0.007155112872940757,0.027046457412142805,-0.0033458146071746464
2026-03-11,-0.0002929832935847365,0.04666440476247543,0.022305610785129604,0.023649132309093046,0.02807934828110296,0.06206252794515765,0.043866167004724156,0.05818653734946574,-0.0007757607804859493,0.02699907720107353
2026-03-12,-0.01855954148257888,0.019982141830992745,-0.025240791930814892,-0.031526998673531925,-0.014714908411186833,-0.018575302653025278,-0.03283903949483761,-0.013255842618554317,-0.0007439841321285057,0.009822119307223653
2026-03-13,-0.008196784546102434,0.02905679844538985,-0.00315350176482454,-0.014479854286814345,0.016718624090173773,-0.020543783679348355,-0.05645737546366806,-0.01502137721792037,-0.009769134478697242,0.00632961971486401
2026-03-16,-0.0024821026005198052,0.029384884031517178,0.0048421812380372575,0.01615056817173044,-0.007956021576416542,-0.0029701356409928734,-0.049293497613232796,-0.015923120882220105,0.005254890138437347,-0.013364597723716343
2026-03-17,0.0133904061170577,0.007447395438796985,0.004967919815197286,0.01752388325697596,0.0058803746824288945,0.013982749114172114,-0.03558807048177478,0.012830453168080291,0.005302015911491746,-0.009779548758095502
2026-03-18,0.012751101018897796,-0.010354337711044695,0.00016991276485508097,-0.007678640157592194,0.0014248518402362926,-0.005149125607011862,0.0639576097725066,0.01793067572466515,-0.007567684971188464,0.01625380289571717
2026-03-19,-0.012507706395377497,0.02189465362198965,-0.008484531058844688,-0.016823838087202152,-0.004097223015136449,-0.006965678601922913,-0.03260510461688918,-0.02986372492982788,-0.015299236294224028,-0.0027464039877148627
2026-03-20,-0.02742434515137926,-0.04132720386205805,-0.017929969492997227,-0.004005335012177517,-0.03669480936513699,-0.024466911387983552,-0.06940205977847287,-0.02943889279343137,-0.009169560348457914,0.015990204578212392
2026-03-23,-0.024072929873253452,-0.052237869102433554,-0.03529873632711,-0.038219554111071696,0.004421658459491347,-0.05714917261013904,-0.019647017600931276,-0.05755538341513311,-0.003862432474701971,-0.03999210507133218
2026-03-24,0.01984835087911511,0.017996020984992533,0.025916738806659234,0.021054917401736928,0.02543557567668649,0.02899421096095504,-0.016726974453749783,0.03589911834689552,0.002347904613405394,0.023567620669079286
2026-03-25,0.009507385498194187,0.043903213754360314,0.012658596837250716,0.026640966826828594,0.007372583115173674,0.031929196896405644,0.03247160016912409,0.030984744142638892,0.006500727422262005,0.06335446231711377
2026-03-26,-0.010370614425069294,0.003072728719082559,-0.004657728479997236,0.021881135689689524,-0.018368745297647832,-0.007299969109756869,-0.02065587800119839,0.006858513772663777,-0.0066425519317954524,-0.0018557058317102786
2026-03-27,0.023129777349966723,0.015168843022278203,0.028310581451946648,0.004841594583582465,0.011351215514690205,0.02658962944139683,0.03721646542668178,0.014556791293559579,0.008989736288850617,0.0005295371707585428
2026-03-30,-0.015058921900710934,-0.018319176523510856,0.008484871848493484,-0.0217268526496948,0.0019514251382870922,-0.004437361066931822,-0.007777424250731246,-0.0016439839539290624,0.006424879319919752,-0.007912322908313304
2026-03-31,0.005491214443619108,0.02140339096860829,-0.003637405980554028,-0.003021465492843952,0.003681046849711748,0.004147812971342368,-0.03131210647165724,0.009930328757675966,-0.0010216699542308454,-0.01198036536792535
2026-04-01,0.013840750461873164,0.038139409827250136,0.00568445826292215,0.026208909988457856,0.01206691746564248,0.007960416203593187,0.009715754658283412,0.0023599554636790643,0.007536716042970497,-0.002882050708137666
2026-04-02,-0.013351631643876427,0.014880740746681368,0.0012652969352870598,-0.013124393881248789,-0.008461252241988237,-0.004029983023647876,-0.011234318475481805,-0.02999294235079745,-0.002754328203313894,-0.018991962017100256
2026-04-03,-0.013167851309849507,0.015799880975438423,-0.017124250212765757,-0.016818835125698373,-0.008589564118104706,-0.025316543698385947,-0.005624872297473586,-0.01914370133803911,0.0012710740484997245,-0.027074076032244137
2026-04-06,0.003329603131633404,0.0010842272903176149,-0.004205891969606783,-0.008986681456029988,0.0072534720281305365,-0.018647809538286448,-0.028260048396390958,0.009637175388452546,-7.233243183291105e-05,-0.016844025539677714
2026-04-07,0.0003661997619702391,0.0031792782331978207,-0.0004694302615573613,0.003490315517729418,-0.002968138399782827,-0.021631348592249428,-0.008701878462694546,-0.006681034678329811,0.005414587963603057,0.006854838709677402
2026-04-08,0.047785125750447945,0.06901716706903271,0.04202614310948046,0.05207536637682223,0.030559440947995748,0.06179566500744634,0.03491901135500634,0.0339787851020951,0.0028480441107910925,0.03420340975896533
2026-04-09,-0.015949529457071288,0.008194496439137241,0.01664690947231362,-0.017159472950738646,-0.005199124606491338,0.00775121738892474,-0.020099658734909303,-0.012247022201937333,-0.004389319284752465,-0.012338334649469132
2026-04-10,0.0038929470518946907,0.005291595747644447,-0.009559227317464688,0.0036460587702487426,0.010537578883341355,-0.003763748930437405,0.03922209875214403,-0.006046144017570383,0.0013728144899835353,0.008006619886620289
2026-04-13,-0.008959128129886343,0.031101976158356488,-0.0046133797834731665,-0.005477043695146085,-0.006840598789256876,0.0019101094958083875,-0.001722111698573947,-0.001495342686582098,5.527474166263276e-05,0.010570564832406815
2026-04-14,0.0019868989112752367,0.025861355187563422,0.05393874891975833,0.01820484315080047,-0.003873255435119516,-0.00033788629984654595,-0.018600310006062104,0.007567063939716734,-0.002608182465074882,-0.004236011840928662
2026-04-15,0.0039962913141761884,0.05185816830529655,-0.01545405620815162,-0.017695226942364767,0.0019793541933084504,-0.014389576173846397,-0.007360385547855008,-0.0019023109568869028,-0.0002517600312006059,-0.010757608508763802
2026-04-16,-0.00798892118395674,0.02834529139590769,-0.0052109241585854464,-0.017336686388874572,-0.0006023161595321014,0.008629562766445812,-0.008671817932587792,-0.007844256743983443,-0.01055555555555554,0.006872882560216047
2026-04-17,0.003908077801263232,-0.018634066179361364,-0.0015624805993647388,0.0158175353547092,0.005745866688313302,0.03488305463884064,0.018527362631929705,0.003547764794886906,0.01475421368191876,-0.005576262861266927
2026-04-20,0.00781685369362132,0.030500816920488782,0.010642576747398769,0.003033222518223503,0.0023247978436657193,0.013917777283891208,-0.012404898336503748,-0.004369045591089564,-0.003178634509611126,0.005973287718570752
2026-04-21,-0.006394841194353999,0.016944701463532812,-0.006676206075753736,-0.013034841580828127,-0.005365913172010887,-0.019112392403549117,-0.006536408002528045,-0.00813307266202079,-0.002776957088964823,-0.009495212214800985
2026-04-22,-0.0018906547139474854,0.05338178692755317,-0.008092649550765163,-0.005194507065318803,0.000351521819197842,-0.0017554791516593744,-0.011687865462043256,0.012485904974196846,-0.02510853941889964,-0.008991982518050409
2026-04-23,0.035979366191379945,0.016869654808863672,-0.008853994493936387,-0.004699723842469046,0.02101222967171823,-0.022117831898052054,-0.003036546147001662,0.004995060169013891,-0.014626360577167855,-0.029641015140298488
2026-04-24,-0.023181347083270798,-0.016860988443575975,0.002128636199495696,-0.006875620510056783,-0.01583499730215469,-0.012558191866513671,0.004665301026617145,-0.0012317979510658716,-0.011192091691204461,0.004571847813026404
2026-04-28,-0.011234051432427358,0.06225776557579291,6.206080167721802e-05,-0.0033600605405202564,0.010487343069117694,-0.017170925844475365,-0.05295884091736136,-0.009841767602107162,-0.005138029933777655,-0.025619515617991806
2026-04-29,0.0010103703692067405,-0.02804771824365197,-0.0008771929824561431,0.002313178669662593,-0.011119865908560733,-0.001262005376882554,0.01495574508222212,5.5186234889204044e-05,0.018513176081826233,0.003044043201875383
2026-05-04,0.015125204009046081,-0.034989821439541546,0.005520585386769916,-0.007694742101051773,-0.0010501050105010679,0.008932672920511845,0.027599316058678713,0.0014821020838085008,0.0025348488910395353,0.02484066796527788
2026-05-05,-0.007377604270593678,0.010693189541815492,-0.013134644766997697,-0.004605721258545821,-0.0019009103836025165,-0.004791110612949197,0.023101582223055733,0.02441271053793992,-0.006602461920569606,0.006579771488096446
2026-05-06,0.008607323220963877,-0.012690670842844734,0.012340549988664481,-0.005240084513864596,0.015330949798620708,0.0076779378927605,-0.0007345375408265298,0.005161300018783936,-0.0032496573060588987,0.023672168886071265
2026-05-07,0.0009168003745632092,0.018281805469238372,0.0031481854671509732,0.0006230541060246267,0.003078870188504723,0.010729257561277405,-0.033779849500019665,0.0008796375967647189,-0.010241117240178474,-0.003948491242578826
2026-05-08,0.018526781014553,0.021375132790824775,-0.006346855046895509,-0.011393518870517835,-0.009440623521603094,-0.007366916345641831,-0.01489361024977002,0.002896894373412081,0.0031725344289241417,-0.02873331869783439
2026-05-11,-0.014783861829140599,-0.018253579782546898,-0.02156267837664194,-0.024726661574412463,-0.0031547026272428593,-0.022916506374941026,-0.006200970752133106,-0.007678892449758871,0.0004981447435157271,0.0007614696085375868
2026-05-12,-0.0035607554525628102,-0.013152214398751952,0.005214285620083266,0.0054308704046953276,-0.006115173784889867,0.009151084648105323,0.02746534500529559,0.014137389254869367,0.0,0.0007896368345175672
2026-05-13,0.012373354612847498,-0.009397515305459144,0.0022631368080688516,0.024661359807461054,-0.002446821994692113,0.0012877950404845961,0.06705406163124798,0.006469827289125485,0.0069309075157028,-0.0017008236797615428
2026-05-14,0.014498934236343816,0.022265099584714638,-0.001727931637237649,0.022381929321992382,0.008529634395910627,0.009554322234929913,-0.003173655016072733,-0.006193094797741661,-0.006436561548001762,-0.0076319705144549665
2026-05-15,-0.0074666710494976085,0.012416991901439819,-0.011205698825615248,-0.012383804421932284,0.0025885985238840816,-0.019235674058750856,0.04731307525134391,-0.006844328385629613,-0.009621027069345015,0.00939803100202441
2026-05-18,0.03656590407402042,-0.01574232831416685,-0.006653614054694408,0.045563390008041216,-0.0014137271709640336,-0.028241098546806603,0.05754380199934054,0.006931596943018518,0.004980525678653813,0.007734852711755409
2026-05-19,-0.00595526853429762,-0.002110962595627893,-0.0012445137445137682,0.011915603496545598,-0.0031331922640296015,-0.002633238068046236,-0.06985443642637885,-0.012159420464599982,0.0005669503925243013,-0.0027448805674612498
2026-05-20,-0.007285991082572847,-0.007385171610227152,-0.006805656063204564,0.006609462266253067,-0.013287828545299455,-0.008493082096900695,0.027966054205955364,-0.009617511074330176,-0.0046857447371553285,-0.005532835904651996
2026-05-21,-0.0014856520890028646,-0.024600594773642476,0.014968846381612591,-0.018618950006691153,0.004154326493078712,0.014312689340699292,-0.02226630238279977,-0.011893302365751776,0.004262094462492816,-0.011112693402919168
2026-05-22,-0.014737759083894408,-0.01142303516372134,0.01339239182907718,-0.00935908704588754,0.0025937421751223897,-0.0029594329092563396,-0.029114501562479893,-0.007679468598727553,-0.015207669482840283,-0.005531788688381149
2026-05-25,0.0010587052035360884,0.01416463814943092,-0.0005536340513612922,-0.011730313964832003,0.0017311322047524798,-0.011068624877422995,-0.04547177611174469,0.0016883459085223669,0.0068188381184271325,0.002155865270940175
2026-05-26,0.012580998631435728,-0.01820677042387205,0.013480482091597171,0.005192926283599834,-0.005772080839188676,0.007463951391633583,0.006222999334791608,0.0029327569984672897,0.0021920210434020295,0.001816727224240829
2026-05-27,-0.002397115982186134,-0.020304158169972258,-0.0037238265156469184,0.00461265180659387,-3.955286534518265e-06,0.00890376303973898,-0.008614890489566762,0.0010069487363443264,-0.0037857620547877926,0.029700651281614105
2026-05-28,-0.018126674706012886,0.015620024685018922,-0.014627077128684385,-0.019870375836284853,-0.00705070268357096,-0.007341380009806257,-0.0008422143832833573,-0.01493163748001188,-0.004784884029755243,-0.020510019978382088
2026-05-29,-0.00861346913378854,-0.0016186918129771726,-0.0037269929652207954,-0.006799742591001061,-0.00415953717667783,-0.012527718254589168,0.041856842117664016,0.0015867254342753305,0.003275375024352193,-0.0054969007560793
2026-06-01,-0.0021736943555130672,-0.015295594859139191,0.000694444444444479,0.006792749661093778,0.0012218231684221943,0.0053094967227484595,-0.0278652154397534,3.0201660919937368e-05,0.002615632292024624,-0.007779213690984073
2026-06-02,-0.011484812658903257,-0.02566243336204917,-0.015564824405343644,0.02401825310353149,-0.010981600184631088,-0.014102541539174784,-0.02373137385186382,-0.005378325656955692,-0.0011350905608432105,-0.017131886722080103
2026-06-03,0.0041783596632691085,-0.03133167442625088,0.011809781143464537,0.01671247442859884,0.010511452526892414,0.013498299087117749,0.02046069548717237,0.0004198069846060859,-0.0070541346592591925,0.005361202786945407
2026-06-04,0.009002716687631787,0.014038826629523124,-0.009259562471007862,-0.0011705940876612548,-0.001069739150204289,-0.005354175537950034,0.03403163370933826,0.02767725936558126,0.0029361623552852656,0.005907331800590665
2026-06-05,-0.009701808527384115,0.008552695343058062,-0.004456146750699756,-0.016758978767005606,-0.005170256615445272,0.00024329537521946185,-8.74424484779146e-05,-0.005744047605299525,-5.550692769146215e-05,-0.010238493232633447
2026-06-08,-0.016547412416829704,-0.023529872506627414,-0.02439831374552885,-0.02799953613259465,-0.01837710656404934,-0.013242573666064591,-0.009958483259276951,-0.0043662696976843884,0.0008171171625846648,-0.008279643432262137
2026-06-09,0.0038541920595643506,-0.018915256539216403,0.006437768240343367,0.01026757563146615,0.010315558934593646,-0.0017909006015494426,-0.016112562099003063,-0.0028130514035942613,0.004366358596074926,0.0042092453364895865
2026-06-10,0.006221780979344042,0.030152589911396726,0.006034220072150968,-0.0019795225185247345,0.003994442831855387,0.0027191439576692935,-0.006095297955936811,-0.002677551111045432,0.001119201515793422,0.0014130742945819286
2026-06-11,-0.004136127550676198,-0.010238205484385476,-0.0070166299448184795,-0.012514190039767207,0.004865026531701289,-0.017651989581786303,-0.001083889760028156,0.00018562881388247318,-0.0005359056806001905,0.001514454505031293
2026-06-12,-0.0022775192960250803,-0.01426415636677203,-0.004255473921582949,0.0014511293305626838,-0.000635424550091875,-0.004285635253629831,0.01049114469142783,0.001612083699831346,-0.006688963210702299,-0.0030227912937023094
2026-06-15,0.007516477844110285,-0.004773723151853797,0.0364200567899123,0.0071161742039106786,0.008464839481221564,0.040384041831106554,-0.03098204658240178,0.03624365346109837,0.002861230329041472,0.019053130511463845
2026-06-16,0.0035161583418394184,0.00967877036519941,0.0034346775886879475,0.0022263434421423423,0.004462568038055448,0.025531317770123668,0.007846804302275209,-0.0009928373774731696,-0.005345523728893668,0.006806810530890124
2026-06-17,0.016386324975279365,-0.010791986180858673,-0.005519848259043429,0.0036931583914160773,-0.0048971855939304865,0.003393264482264846,-0.002113367589796892,-0.0021604083954654594,-0.0014674590945777573,0.0014587892049598612
2026-06-18,-0.008235912267321788,0.04524621866897153,-0.00890027947224481,-0.009475021074510185,-0.004818685751965386,-0.009605528349911463,0.015571046305423867,-0.013014172195020213,-0.006501096307478693,-0.0014416590881216977
2026-06-19,-0.00876563491101375,-0.0078013174032962596,-0.008787050952223282,-0.0019503156067190996,-0.0019367781188743087,-0.01347706761697598,-0.005455169271298373,-0.00667778258250488,-0.002069934047454536,-0.006976103115236443
2026-06-22,0.00408196997728801,0.04769118336392375,-0.001366120218579218,-0.010839713015533362,-0.004220367500536078,-0.0059943031913839056,0.01369503127456769,-0.0038662060333887194,0.004125749600857875,0.021853407543116637
2026-06-23,0.0029272149643390457,-0.0015316674912820478,-0.015303057143404705,-0.006083057396638318,-0.003924776101672078,-0.021529751973646,-0.031841978833047103,-0.002555671324694253,-0.012453891200419842,-0.013543547981678635
2026-06-24,-0.006948786839911921,0.027520589987306332,7.183005010143646e-05,-0.004477368991587609,-0.0005894488653109079,0.01069599947730889,0.01311605529447557,-0.009693732316443326,-0.006476069588810825,-0.01248624246335924
2026-06-25,-0.006481989104912489,-0.02218191238270073,-0.0028368794326241176,0.00032661343562593686,0.005590339892665479,-0.005445512256781064,-0.016064975654715912,-0.012202794800197406,-0.002444960260955716,0.013170585990977535
2026-06-26,0.002638312148164198,0.013532468448368196,-0.002830971185401543,-0.0012287512610444178,-0.0006921643824902013,-0.0029583004588667285,-0.006136447905079723,0.00030510338362813955,-0.01035031907311218,0.004008968478412441
2026-06-29,0.011821973214754347,-0.02796896086369771,0.012087721916178573,-0.003261638707308815,-0.0026717923633669725,0.010342098151664572,0.018157954952467525,-0.0006783592504759165,0.0025516588016588257,0.005178720087854509
2026-06-30,0.001529278752793702,0.003639731022719047,-0.006351491160991392,0.0016544356274283596,-0.004235843443670857,-0.0052397670071072655,-0.002441430998723663,0.0012679346012679134,-0.005038785040616334,-0.005814532198621862
2026-07-01,0.013908516452163807,-0.0071688837887996515,0.004959313060171426,0.025334542001208698,0.003254020261153734,0.0056882221505729635,0.013685317506590597,-0.002041480823391469,0.009411932598997752,0.0015990256869911808
2026-07-02,-0.010127027957127313,0.006068012677850176,-0.009115428796312849,-0.005638127088068508,0.0030464895757249164,0.001688425932661608,-0.012190482318690651,0.002967713848615975,0.007202395403415052,0.0030053953449882265
2026-07-03,-0.0038460825121352884,-0.0013564897889430199,-0.0007724132977682263,-0.006382597764611142,-0.01113108109366956,-0.026184354731927522,-0.016418271617849995,0.006734490003247366,0.002851711026615966,-0.008624191367288056
2026-07-06,-0.01141443249994186,0.006851935273970137,-0.002258762742633739,-0.004814129724670657,-0.008887005810083318,-0.037409882588611,-0.029234933994021772,-0.0034452263124939986,0.0006745512416590863,-0.02312626058021113
2026-07-07,0.003979867196239735,-0.00325427956153046,-0.0012992168609476569,-8.732913539274041e-05,-0.00943331050476326,-0.02195007613572908,0.008243061592132098,-0.005021013656592355,-0.015941333886685432,-8.2016065311367e-05
2026-07-08,0.00523998021003691,0.00303920360912339,0.010017880670054527,-0.0014562147963399867,0.005196410047087707,0.013888256352246072,0.0073686842086367514,0.008367865376697203,-0.003355214488870384,-0.00024108311779543387
2026-07-09,-0.011452549868833114,-0.007705877354741708,-0.009830237102964379,-0.0037605728565936283,-0.0008605072463767627,-0.01913608632924409,0.024548829907423537,-0.020265114413380747,-0.0024336821611097847,-0.011337868480725636
2026-07-10,-0.00872180463485935,-0.003471589671764382,-0.007939780109945041,-0.011031234127492554,0.004902203472712603,-0.03373349028200253,-0.015812257917521094,0.004993787276919015,-0.0023640661938534313,-0.008284734096734766
2026-07-13,-0.028304880654624,-0.01671055791221676,-0.01789873879715842,-0.014687042291276375,-0.01845548775883743,-0.02184533193139652,-0.0179616816660431,-0.0013772656829055263,-0.010002295319314217,-0.020765827314724428
2026-07-14,0.004237288135593209,-0.007518690254247525,0.013225986975987128,-0.005864186903302852,0.010773668588959229,0.030550229338953832,0.04856267993670952,0.008961821710825676,-0.004873054873054894,0.011941212492345329
2026-07-15,-0.010745209708740119,-0.023970617924132426,0.0014045214045213712,-0.023052869803441938,-0.0061634240252886885,-0.035955924924728135,-0.014857933224420158,-0.013462523743391778,-0.007607217896428153,-0.005138596119766785
2026-07-16,0.0009820186070615966,0.04838677270282014,-0.011468952533366586,0.0035578902947446998,0.0022438873413803684,-0.01701537970604224,0.002040779405685589,-0.0018329801903608593,0.011254015226243808,-0.0015960654804568393
2026-07-17,-0.008602882855403152,-0.00985311912507906,-0.025419956454439174,-0.002327958210311065,0.020527114888551745,0.011851756530691038,-0.01757032439925965,-0.012804154840580876,-0.011814125277143983,0.0020922641219703886
2026-07-20,-0.03822121027974582,-0.01381101749351791,-0.06066497862370224,-0.026784338272900683,-0.015700437429734555,-0.042088972894273456,-0.026357811513277613,-0.027879315053819576,-0.025063938618925863,-0.02575997921171432
2026-07-21,-0.0007298355748397064,-0.0012922784837470596,0.003311483705986662,-0.021724420164397202,-0.002164625149559211,-0.01627145530308316,-0.05307998825290061,-0.003333333333333336,-0.0012133294372294785,0.015523186934077948
2026-07-22,-0.034366182160059634,-0.046532490860237585,-0.004762121764491496,-0.007545743255938005,-0.0014439100966359513,-0.05721785709735727,-0.03460754723071827,-0.02464906163183041,-0.00767440454600421,-0.029082975313139043
2026-07-23,-0.001197014440501724,0.03566912498134663,0.006379805464473698,0.013121037888839782,-0.006507043727892607,-0.015345864852005286,0.038005927008484486,0.0036921467894126536,-0.014360989999253393,0.016137961443570232
2026-07-24,4.356048532753546e-05,0.00010930558064266756,-0.004731955675351933,-0.01395641408787851,0.002335654483803166,-0.05152049092731844,0.015037275057557142,0.0021454958795112202,0.0020111388113410364,-0.00644975299580645
2026-07-27,-0.015556966302030887,-0.0032452195286545304,-0.023145312290049052,-0.028485311634704396,-0.004969812896800356,-0.003224940222975259,-0.02357572313406871,-0.014089747391310562,-0.011167322037855457,-0.0068752088058940215
2026-07-28,0.007313043213842851,0.009320140200845595,0.031926829501456234,0.006483205406483135,0.015736293450625733,0.015511850061474671,0.000356482128737845,0.00548089819355387,-0.0059343285149736635,-0.006202669709778637
2026-07-29,0.010452257265049022,0.026626951650231618,0.024521771778999318,0.01653018287142416,0.004122527944201426,0.02670848190323179,0.007919928468279972,0.0036357705295753475,0.021709864474189915,0.006131181612567982
2026-07-30,0.041070512616455224,0.023612151421440315,0.01625040290782646,0.026385841727923392,0.017811685198826144,0.02484076565838293,0.022101945138591466,0.028114532540938802,0.0068040316563307,0.018737995774512628
2026-07-31,0.02704211255292351,-0.008488638924744421,-0.012149764443342518,0.012993036586345985,-0.009318437495827614,-0.013993818456667214,-0.01911867133842308,0.0004548870409219659,-0.013039374325782116,0.005605166413352995
2026-08-03,0.021409588405716534,0.0019084853369570516,0.029977417722574524,0.048493401880384424,0.0168734897599833,0.03961530498480988,0.025712240813069925,0.013128807525018956,0.028351028299152,0.030928661787295548
2026-08-04,-0.006003382899467817,0.02519789778532348,-0.014882852356958595,-0.009156456719486098,-0.0012126728168494842,0.04423008944840915,-0.006583654759908297,-0.007594033722438387,-0.008750855193123278,-0.0030858861572063225
2026-08-05,-0.003888888888888905,0.015713922333060754,-0.002285139027464226,0.008616134264582668,-0.01606365812361436,0.01971158357666088,0.007150086734935668,-0.009997993145570816,0.016647162516479685,-0.011710841623126892
2026-08-06,-0.007856322311815248,-0.003999965802758854,-0.0052757302757302504,-0.008959818221925783,-0.006452164621959892,-0.010132541390467228,-0.011455786814308219,0.011818998684961057,-0.0013586956521738358,-0.011663529998673447
2026-08-07,0.026331762850015112,-0.018648870010182155,0.002260271158059083,0.006535313816834994,0.02946958405593943,-0.010051555925463584,0.05081163179839147,0.02056115007682909,0.00421940928270037,0.0061175539116589865
2026-08-10,0.010257376186061965,-0.016470213443771902,0.010691201183677279,0.015895967032561503,0.015056695684290208,0.016540921596508922,0.04130028811741212,0.01218649354612896,0.006431411430513216,0.012788581897553128
2026-08-11,-0.011181297030041523,-0.00606553863054804,-0.0007541478129713397,-0.008205803594206565,-0.009584168365760629,-0.0022555051364642567,-0.01852059372174723,-0.012657430671397648,-0.005351899323269034,-0.004084324056039905
2026-08-12,-0.00031435980761718163,0.019050501623666394,0.0007558578987150177,-0.004933618009445769,0.004167759929675922,0.004340880726942682,0.02036557073574515,0.001751491033813446,0.002468128763160493,0.0016093474426807457
2026-08-13,-0.005081943081953644,-0.02447906768317491,-0.01661367616912679,-0.01984350974308091,-0.0023343624881715006,0.018055428867509177,-0.02542992013871148,-0.002358349899982811,0.0006408598375125715,-0.013014039912785639
2026-08-14,-0.017993734063300997,-0.032469447230599635,-0.019126817722288414,-0.017470094296192767,-0.010408802393535218,-0.006077072882319956,-0.019655121721598594,-0.0024879817123485046,-0.00943562128957535,-0.01659375901664358
2026-08-17,-0.00024836130652753735,-0.005249877603283992,0.002375243936437066,0.007568355273627647,0.009574602776784458,-7.911545932814956e-05,0.021590112225795988,0.0005203781984972992,0.005064398883102728,0.0015462928707471828
2026-08-18,0.00031213026359907153,0.008254588899750207,-0.010882438821140261,0.011311076575826565,0.0029731241902615593,-0.01214971677093605,0.04797454040086032,0.013616391562919791,0.0040760869565218405,-0.0014635931211122906
2026-08-19,-0.012036935837416754,-0.00553220061890584,2.9949086552886566e-05,-0.011349727654075456,0.0004919089246444575,0.013072946738278635,0.00031412444846445897,0.00021730793938764167,0.004299695864623643,0.0021576229396469047
2026-08-20,0.008024515864567686,0.005262904003859203,-0.0007861635220126247,0.013276313560188102,0.019824442420251165,0.017247711642366974,-0.0008274018829303639,-0.006668698013556555,-0.004005727776285106,0.00015554327582327035
2026-08-21,0.025221800909436782,0.024476412776861523,0.029213316086057928,0.025159251876818,0.007279429760156608,0.03612257292727864,0.002359825194611309,0.012937366755408167,0.004655206716441929,0.01098303631481401
2026-08-24,-0.0030648074320264542,0.028344213064621426,0.023767245874378135,-0.0036126571840857657,-0.007165441386368136,0.02186815876901549,0.0203072328715852,0.004905587712714728,0.01841944786209293,-0.001642773495961462
2026-08-25,-0.0038252126954381924,0.004082213036836609,-0.018727136489859537,-0.014324681039077655,-0.005545509342977706,-0.00922031268796327,-0.013284553907537244,-0.0015928717691216694,-0.0008751980146682881,-0.015353664793343214
2026-08-26,0.010570739181093339,0.013108167243505572,0.006873879794862425,0.013206783350078114,0.004304193467524975,0.010339947651018977,0.008450765136393904,0.00553294618165993,-0.010679971151818438,0.003958646407302295
2026-08-27,-0.00013062577418495222,0.0070857260049221145,0.0022883300579699486,-8.19599140481723e-07,-0.004005975163078435,-0.0008086236459636428,-0.014922669965186394,0.004985539259775222,0.019375220859205473,-0.006427316609032396
2026-08-28,-0.0003796539422502206,-0.006148223712908833,-0.004538723031873711,0.01034796250576675,-0.0021595628415300716,-0.009322036117928848,-0.0026370951359830177,-0.001156244109599099,0.005349521371466159,-0.0038805830112054926
2026-09-03,-0.016077944339544608,0.016386412152126367,-0.01975294811421339,-0.01643573098003781,-0.015969470877809127,-0.03647917206080464,0.0022297523242745068,-0.019318899891461145,-0.0034207532315225033,-0.013172088109404475
2026-09-04,0.0005347646544777337,0.021454120268828796,-0.0015649452269171176,-0.0023171634974555877,0.006405228758169956,-0.005289036423807662,-0.0044255999543164615,-0.00538567719315756,-0.007909306966330243,-0.00117706595270269
