trade_date,sector,sector_return,ticker_count,missing_count
2024-01-03,Banking,0.01513682648436617,3,0
2024-01-04,Banking,0.016540598038054816,3,0
2024-01-05,Banking,0.012263479772850841,3,0
2024-01-08,Banking,0.02286476231475132,3,0
2024-01-09,Banking,0.006280400017933507,3,0
2024-01-10,Banking,0.027411735859285136,3,0
2024-01-11,Banking,-0.007003166028642889,3,0
2024-01-12,Banking,-0.00043587349371036294,3,0
2024-01-15,Banking,0.008148853255973068,3,0
2024-01-16,Banking,0.002124833997343941,3,0
2024-01-17,Banking,0.0002945570057344045,3,0
2024-01-18,Banking,0.009249425541860923,3,0
2024-01-19,Banking,0.0334507225158606,3,0
2024-01-22,Banking,-0.0020088123193353624,3,0
2024-01-23,Banking,-0.009002049490722475,3,0
2024-01-24,Banking,-0.006924656307733608,3,0
2024-01-25,Banking,-0.0032309304911433134,3,0
2024-01-26,Banking,0.007969160340998593,3,0
2024-01-29,Banking,-0.0024488811587589274,3,0
2024-01-30,Banking,-0.0035697632956946945,3,0
2024-01-31,Banking,-0.020570760540475946,3,0
2024-02-01,Banking,0.00656088130384828,3,0
2024-02-02,Banking,-0.004280358171548741,3,0
2024-02-05,Banking,0.034481197532080086,3,0
2024-02-06,Banking,0.0041957695885977975,3,0
2024-02-07,Banking,0.013494644822492111,3,0
2024-02-15,Banking,-0.005063599528673857,3,0
2024-02-16,Banking,-0.001510158323319281,3,0
2024-02-19,Banking,0.008787418151183557,3,0
2024-02-20,Banking,0.0029536809811625173,3,0
2024-02-21,Banking,0.005174544811723747,3,0
2024-02-22,Banking,-0.004827695789794954,3,0
2024-02-23,Banking,0.008326910501758636,3,0
2024-02-26,Banking,0.01666119715152899,3,0
2024-02-27,Banking,0.007006180629496576,3,0
2024-02-28,Banking,0.026771700875857785,3,0
2024-02-29,Banking,-0.009606019807317234,3,0
2024-03-01,Banking,0.0036691339167090518,3,0
2024-03-04,Banking,-0.0007313709560900309,3,0
2024-03-05,Banking,0.00800199591224382,3,0
2024-03-06,Banking,-0.0028783725593456064,3,0
2024-03-07,Banking,-0.008796308937213096,3,0
2024-03-08,Banking,-0.028340851175103987,3,0
2024-03-11,Banking,-0.010679077467963446,3,0
2024-03-12,Banking,0.014284629463454582,3,0
2024-03-13,Banking,0.015812394854984202,3,0
2024-03-14,Banking,-0.015804671484529537,3,0
2024-03-15,Banking,0.00259366084014497,3,0
2024-03-18,Banking,-0.018736745114573867,3,0
2024-03-19,Banking,-0.00433499636464918,3,0
2024-03-20,Banking,0.022075098063785898,3,0
2024-03-21,Banking,0.012484550735385014,3,0
2024-03-22,Banking,0.019387708782504065,3,0
2024-03-25,Banking,-0.019061903527928987,3,0
2024-03-26,Banking,0.006897549733888046,3,0
2024-03-27,Banking,-0.00204480205748514,3,0
2024-03-28,Banking,0.0026747071870572756,3,0
2024-03-29,Banking,-0.007950951515124408,3,0
2024-04-01,Banking,-0.0040700819103151415,3,0
2024-04-02,Banking,-0.0037126337085072736,3,0
2024-04-03,Banking,-0.017344713638306253,3,0
2024-04-04,Banking,0.002897189902701195,3,0
2024-04-05,Banking,-0.012504710664012597,3,0
2024-04-08,Banking,0.007066985485979431,3,0
2024-04-09,Banking,0.017739643736269867,3,0
2024-04-10,Banking,-0.009475232090444208,3,0
2024-04-11,Banking,0.005099636201916484,3,0
2024-04-12,Banking,0.026412779902951582,3,0
2024-04-15,Banking,-0.0550702223632582,3,0
2024-04-16,Banking,0.006486990411467386,3,0
2024-04-17,Banking,-0.029623618050417095,3,0
2024-04-19,Banking,-0.009601778031681718,3,0
2024-04-22,Banking,0.020007264755927217,3,0
2024-04-23,Banking,-0.014786460878322694,3,0
2024-04-24,Banking,0.021297143045447758,3,0
2024-04-25,Banking,-0.0008211031539530067,3,0
2024-04-26,Banking,-0.004032556829260921,3,0
2024-05-02,Banking,-0.0019616701332276407,3,0
2024-05-03,Banking,0.002660794346278269,3,0
2024-05-06,Banking,0.018837369238424273,3,0
2024-05-07,Banking,-0.007663199207723552,3,0
2024-05-08,Banking,-0.0029776101748176798,3,0
2024-05-09,Banking,-0.0007569334028275273,3,0
2024-05-10,Banking,-0.005256441941883128,3,0
2024-05-13,Banking,-0.012301141838276278,3,0
2024-05-14,Banking,-0.004842293934535058,3,0
2024-05-15,Banking,0.005341848227818542,3,0
2024-05-16,Banking,0.021413027743424056,3,0
2024-05-17,Banking,-0.005398277764776897,3,0
2024-05-20,Banking,0.004537185634211867,3,0
2024-05-21,Banking,0.002840146538212518,3,0
2024-05-22,Banking,-0.009355199290276617,3,0
2024-05-23,Banking,0.001669814115108618,3,0
2024-05-24,Banking,-0.012517395343193441,3,0
2024-05-27,Banking,-0.0030756006360940593,3,0
2024-05-28,Banking,0.0012212213879623606,3,0
2024-05-29,Banking,-0.012408181185119438,3,0
2024-05-30,Banking,-0.00900671379512119,3,0
2024-05-31,Banking,-0.008407380536435008,3,0
2024-06-03,Banking,0.01250232988193726,3,0
2024-06-04,Banking,0.006042451269569889,3,0
2024-06-05,Banking,-0.0033741763729352816,3,0
2024-06-06,Banking,0.004605441629365196,3,0
2024-06-07,Banking,-0.0009424965993827991,3,0
2024-06-10,Banking,0.004644831929167426,3,0
2024-06-11,Banking,-0.008248825495739723,3,0
2024-06-12,Banking,0.012789906656153871,3,0
2024-06-13,Banking,0.00593663514385856,3,0
2024-06-14,Banking,-0.020098060155182267,3,0
2024-06-17,Banking,-0.009048067907891847,3,0
2024-06-18,Banking,-0.00406871609403255,3,0
2024-06-19,Banking,-0.0033200276585751234,3,0
2024-06-20,Banking,-0.009613163211448525,3,0
2024-06-21,Banking,0.0007254261878854399,3,0
2024-06-24,Banking,-0.011955693800075476,3,0
2024-06-25,Banking,-0.006582565022950663,3,0
2024-06-26,Banking,-0.0020676772450154055,3,0
2024-06-27,Banking,-0.0029670839128419133,3,0
2024-06-28,Banking,-0.009608813665593,3,0
2024-07-01,Banking,0.019226700056403184,3,0
2024-07-02,Banking,0.02541334819868794,3,0
2024-07-03,Banking,0.012100505430778563,3,0
2024-07-04,Banking,-0.0016457440166548858,3,0
2024-07-05,Banking,0.004124656278643446,3,0
2024-07-08,Banking,-0.006141061913762032,3,0
2024-07-09,Banking,0.008083434317008495,3,0
2024-07-10,Banking,-0.005528645445926905,3,0
2024-07-11,Banking,-0.004569467037067065,3,0
2024-07-12,Banking,-0.005452053415779405,3,0
2024-07-15,Banking,0.0003789274972503624,3,0
2024-07-16,Banking,0.009909325605256777,3,0
2024-07-17,Banking,0.011547062892816928,3,0
2024-07-18,Banking,0.007924515118008143,3,0
2024-07-19,Banking,-0.007728295900289006,3,0
2024-07-22,Banking,0.0032637435191236186,3,0
2024-07-23,Banking,-0.025151052957830045,3,0
2024-07-24,Banking,-0.0012628821854403875,3,0
2024-07-25,Banking,-0.008269134356599964,3,0
2024-07-26,Banking,0.007202062872520824,3,0
2024-07-29,Banking,0.006527365176440296,3,0
2024-07-30,Banking,-0.0023670221031885097,3,0
2024-07-31,Banking,0.012150673639988193,3,0
2024-08-01,Banking,-0.0057228154526961506,3,0
2024-08-02,Banking,0.0005762079672657627,3,0
2024-08-05,Banking,-0.033227589356084795,3,0
2024-08-06,Banking,0.01067879235617005,3,0
2024-08-07,Banking,-0.004621878143220533,3,0
2024-08-08,Banking,-0.004492287509356189,3,0
2024-08-09,Banking,0.021057599375498375,3,0
2024-08-12,Banking,0.003089377456922282,3,0
2024-08-13,Banking,0.006955803704382535,3,0
2024-08-14,Banking,-0.003233708951934274,3,0
2024-08-15,Banking,-0.003836271835165698,3,0
2024-08-16,Banking,0.01482769138510768,3,0
2024-08-19,Banking,0.006940595038297174,3,0
2024-08-20,Banking,0.02181668533046288,3,0
2024-08-21,Banking,0.027289084073542174,3,0
2024-08-22,Banking,0.0004666436446720823,3,0
2024-08-23,Banking,0.004735528084663339,3,0
2024-08-26,Banking,-0.006773446385734368,3,0
2024-08-27,Banking,-0.0034176759628089526,3,0
2024-08-28,Banking,-0.0010134033555902662,3,0
2024-08-29,Banking,0.0004378973175578338,3,0
2024-08-30,Banking,-0.0015359304321099776,3,0
2024-09-04,Banking,0.0001924445984734883,3,0
2024-09-05,Banking,-0.007763656904352175,3,0
2024-09-06,Banking,0.009197248715278938,3,0
2024-09-09,Banking,-0.0022297991372981496,3,0
2024-09-10,Banking,-0.01281305283921593,3,0
2024-09-11,Banking,-0.003579290254284939,3,0
2024-09-12,Banking,0.004887549196064119,3,0
2024-09-13,Banking,-0.00048411659060942913,3,0
2024-09-16,Banking,-0.009201438793912553,3,0
2024-09-17,Banking,0.015622092324555878,3,0
2024-09-18,Banking,0.01127666963245962,3,0
2024-09-19,Banking,0.006084616137455405,3,0
2024-09-20,Banking,-0.004604005635182595,3,0
2024-09-23,Banking,-0.002253154782771105,3,0
2024-09-24,Banking,0.006215514436756979,3,0
2024-09-25,Banking,0.01058248994710076,3,0
2024-09-26,Banking,0.002609907458436663,3,0
2024-09-27,Banking,0.006082324377211974,3,0
2024-09-30,Banking,-0.004923198118209256,3,0
2024-10-01,Banking,-0.004139957264957306,3,0
2024-10-02,Banking,-0.0012676280106722986,3,0
2024-10-03,Banking,-0.000588967883541347,3,0
2024-10-04,Banking,-0.008492398079884963,3,0
2024-10-07,Banking,-0.0003011591080631278,3,0
2024-10-08,Banking,-0.0032383823935286196,3,0
2024-10-09,Banking,0.005061320394723771,3,0
2024-10-10,Banking,0.005831005810533012,3,0
2024-10-11,Banking,-0.002935335065499404,3,0
2024-10-14,Banking,-0.0021573634801119734,3,0
2024-10-15,Banking,0.005050789327321133,3,0
2024-10-16,Banking,0.0006800553990640168,3,0
2024-10-17,Banking,0.007918228245822334,3,0
2024-10-18,Banking,-0.0021214976112223414,3,0
2024-10-21,Banking,-0.012579659052015598,3,0
2024-10-22,Banking,-0.012910289094560379,3,0
2024-10-23,Banking,-0.0016434184238820853,3,0
2024-10-24,Banking,-0.003839669711497925,3,0
2024-10-25,Banking,-0.00545907101929044,3,0
2024-10-28,Banking,0.0017151583497658773,3,0
2024-10-29,Banking,0.002764923070356214,3,0
2024-10-30,Banking,-0.002035730765893621,3,0
2024-10-31,Banking,0.016335175921944556,3,0
2024-11-01,Banking,-0.001153995948162086,3,0
2024-11-04,Banking,-0.003086589883013987,3,0
2024-11-05,Banking,-0.007917185897967749,3,0
2024-11-06,Banking,0.013875029678252012,3,0
2024-11-07,Banking,-0.004750650278114425,3,0
2024-11-08,Banking,-0.010740227342310837,3,0
2024-11-11,Banking,-0.007404625246340853,3,0
2024-11-12,Banking,-0.006181350955356879,3,0
2024-11-13,Banking,-0.00029671954758033375,3,0
2024-11-14,Banking,-0.013870874862515889,3,0
2024-11-15,Banking,-0.011842329992884778,3,0
2024-11-18,Banking,-0.002447277875891052,3,0
2024-11-19,Banking,-0.0019641975060908554,3,0
2024-11-20,Banking,0.010687646243647745,3,0
2024-11-21,Banking,0.013018408942109113,3,0
2024-11-22,Banking,0.002938806013891737,3,0
2024-11-25,Banking,0.0024732928623375874,3,0
2024-11-26,Banking,0.010982035082023703,3,0
2024-11-27,Banking,0.0004109648304197651,3,0
2024-11-28,Banking,0.00013561069155558028,3,0
2024-11-29,Banking,0.010604368872781563,3,0
2024-12-02,Banking,0.0023182964042606224,3,0
2024-12-03,Banking,-0.006976597851521604,3,0
2024-12-04,Banking,-0.010291433367494088,3,0
2024-12-05,Banking,0.01848632172498606,3,0
2024-12-06,Banking,0.003604226970260971,3,0
2024-12-09,Banking,0.006483068035481636,3,0
2024-12-10,Banking,-0.0033561949191556564,3,0
2024-12-11,Banking,-0.005343531713054239,3,0
2024-12-12,Banking,0.0003522166355509985,3,0
2024-12-13,Banking,-0.0024702391340538643,3,0
2024-12-16,Banking,0.00153911149332057,3,0
2024-12-17,Banking,-0.0013852526259364728,3,0
2024-12-18,Banking,0.002097225610031561,3,0
2024-12-19,Banking,-0.00572758996870563,3,0
2024-12-20,Banking,-2.5541367773773693e-05,3,0
2024-12-23,Banking,0.002301159368807889,3,0
2024-12-24,Banking,-0.005831944250306716,3,0
2024-12-25,Banking,0.02433632581832949,3,0
2024-12-26,Banking,0.0019034394764301983,3,0
2024-12-27,Banking,0.006905761906532026,3,0
2024-12-30,Banking,-0.0076154283485814584,3,0
2024-12-31,Banking,-0.01836767101817253,3,0
2025-01-02,Banking,0.0109756234138881,3,0
2025-01-03,Banking,-0.007387480116830066,3,0
2025-01-06,Banking,0.008422120750887885,3,0
2025-01-07,Banking,0.013927409550909283,3,0
2025-01-08,Banking,0.0029373635825397093,3,0
2025-01-09,Banking,-0.008628298825731906,3,0
2025-01-10,Banking,-0.007976974374382903,3,0
2025-01-13,Banking,0.005194937155947062,3,0
2025-01-14,Banking,-0.009778283698817133,3,0
2025-01-15,Banking,-0.0013126092980441835,3,0
2025-01-16,Banking,0.007039632649441814,3,0
2025-01-17,Banking,0.0037758241546182645,3,0
2025-01-20,Banking,0.0012620149447859497,3,0
2025-01-21,Banking,-0.0019584172869795413,3,0
2025-01-22,Banking,-0.003204308034694107,3,0
2025-01-23,Banking,0.015284829046280368,3,0
2025-01-24,Banking,0.0004054784064507766,3,0
2025-02-03,Banking,-0.008192069661822066,3,0
2025-02-04,Banking,0.015316240090872698,3,0
2025-02-05,Banking,0.0013397734436795632,3,0
2025-02-06,Banking,0.0040695382356657666,3,0
2025-02-07,Banking,0.017201300065518677,3,0
2025-02-10,Banking,-0.008175342545093445,3,0
2025-02-11,Banking,0.0029689127517795364,3,0
2025-02-12,Banking,-0.006633385350209076,3,0
2025-02-13,Banking,0.003189355224178033,3,0
2025-02-14,Banking,0.0029531363029163074,3,0
2025-02-17,Banking,-0.006976526685963343,3,0
2025-02-18,Banking,0.003688816831423155,3,0
2025-02-19,Banking,0.004992807801330305,3,0
2025-02-20,Banking,0.003135978333972685,3,0
2025-02-21,Banking,0.010394039164263624,3,0
2025-02-24,Banking,0.0063462957030263984,3,0
2025-02-25,Banking,-0.002356764421137747,3,0
2025-02-26,Banking,-0.005460810389446717,3,0
2025-02-27,Banking,0.005265969435816771,3,0
2025-02-28,Banking,-0.0025305551068755725,3,0
2025-03-03,Banking,-0.0020216434772268124,3,0
2025-03-04,Banking,0.0006748920642904629,3,0
2025-03-05,Banking,-0.0044562939542817466,3,0
2025-03-06,Banking,0.006647341225338203,3,0
2025-03-07,Banking,0.014568180080833049,3,0
2025-03-10,Banking,0.00829866234751564,3,0
2025-03-11,Banking,0.0011626555051738041,3,0
2025-03-12,Banking,0.006466750030513853,3,0
2025-03-13,Banking,-0.014435858701747942,3,0
2025-03-14,Banking,0.004229045248482628,3,0
2025-03-17,Banking,0.008477631987176845,3,0
2025-03-18,Banking,-0.009972328725216584,3,0
2025-03-19,Banking,-0.006867389134052752,3,0
2025-03-20,Banking,0.00200258938756089,3,0
2025-03-21,Banking,-0.006560684452506016,3,0
2025-03-24,Banking,0.0007601880155407118,3,0
2025-03-25,Banking,0.007595248872868776,3,0
2025-03-26,Banking,-0.007564939009676364,3,0
2025-03-27,Banking,-0.006467039693887104,3,0
2025-03-28,Banking,-0.005583051764671702,3,0
2025-03-31,Banking,-0.0063437644206303006,3,0
2025-04-01,Banking,0.008006396451807932,3,0
2025-04-02,Banking,-0.0003403399791405877,3,0
2025-04-03,Banking,-0.06935108271541819,3,0
2025-04-04,Banking,-0.004716952821405125,3,0
2025-04-08,Banking,-0.06962667442970483,3,0
2025-04-09,Banking,-0.050624090449500704,3,0
2025-04-10,Banking,0.06916242551569463,3,0
2025-04-11,Banking,0.06252946970874196,3,0
2025-04-14,Banking,-0.0015035760075151245,3,0
2025-04-15,Banking,-0.005343434336951873,3,0
2025-04-16,Banking,-0.013308014717288263,3,0
2025-04-17,Banking,-0.0076656707275358045,3,0
2025-04-18,Banking,0.0028058183214682377,3,0
2025-04-21,Banking,-0.0078051671873182,3,0
2025-04-22,Banking,-0.0010306111999875596,3,0
2025-04-23,Banking,0.0012644999055818988,3,0
2025-04-24,Banking,0.003058341998961378,3,0
2025-04-25,Banking,-0.010488880574866891,3,0
2025-04-28,Banking,-0.0069430936996188,3,0
2025-04-29,Banking,0.0020953764011453213,3,0
2025-05-05,Banking,0.0030064756205491574,3,0
2025-05-06,Banking,0.002631472473964632,3,0
2025-05-07,Banking,-0.0018000932499767641,3,0
2025-05-08,Banking,0.006659977387918421,3,0
2025-05-09,Banking,-0.007059928634402264,3,0
2025-05-12,Banking,0.005014613331367175,3,0
2025-05-13,Banking,0.019917433505854138,3,0
2025-05-14,Banking,0.028233936492729466,3,0
2025-05-15,Banking,0.0007908568977885352,3,0
2025-05-16,Banking,-0.020249321033624496,3,0
2025-05-19,Banking,-0.005632701197187877,3,0
2025-05-20,Banking,0.004001765388154628,3,0
2025-05-21,Banking,-0.00037481259370316283,3,0
2025-05-22,Banking,-0.008197794059617958,3,0
2025-05-23,Banking,-0.0023022574655375085,3,0
2025-05-26,Banking,0.005007516961149945,3,0
2025-05-27,Banking,0.006014296869667442,3,0
2025-05-28,Banking,0.0012860978784774435,3,0
2025-05-29,Banking,-0.006554281748918774,3,0
2025-05-30,Banking,-0.010923636197295713,3,0
2025-06-02,Banking,-0.0030455991452866074,3,0
2025-06-03,Banking,0.006749667370298473,3,0
2025-06-04,Banking,-0.003069104533177621,3,0
2025-06-05,Banking,-0.0035705294421406832,3,0
2025-06-06,Banking,-0.006675759861061244,3,0
2025-06-09,Banking,-0.002826306341205953,3,0
2025-06-10,Banking,-0.0017821852021087843,3,0
2025-06-11,Banking,-0.0012638242121825554,3,0
2025-06-12,Banking,0.008443047546082308,3,0
2025-06-13,Banking,0.01564624729040805,3,0
2025-06-16,Banking,0.008626999188869444,3,0
2025-06-17,Banking,0.004371807296973247,3,0
2025-06-18,Banking,-0.006923663411144328,3,0
2025-06-19,Banking,0.005444967734616853,3,0
2025-06-20,Banking,0.009711825895633242,3,0
2025-06-23,Banking,-0.003872964551455693,3,0
2025-06-24,Banking,0.0028829290807345456,3,0
2025-06-25,Banking,-1.94106311250201e-05,3,0
2025-06-26,Banking,-0.0010844978244719898,3,0
2025-06-27,Banking,0.005819086025574904,3,0
2025-06-30,Banking,0.0033275991715940125,3,0
2025-07-01,Banking,0.00973256264116514,3,0
2025-07-02,Banking,-0.0029335435248241115,3,0
2025-07-03,Banking,0.0033672241148985003,3,0
2025-07-04,Banking,0.00662849688266139,3,0
2025-07-07,Banking,0.02042185096922348,3,0
2025-07-08,Banking,0.004910901135340022,3,0
2025-07-09,Banking,0.024835821250793755,3,0
2025-07-10,Banking,-0.00019352573151580157,3,0
2025-07-11,Banking,0.004542426290123136,3,0
2025-07-14,Banking,-0.00066323116619497,3,0
2025-07-15,Banking,-0.011248340604863053,3,0
2025-07-16,Banking,0.010836975228633694,3,0
2025-07-17,Banking,0.0015778399991735286,3,0
2025-07-18,Banking,-0.0007490221513318055,3,0
2025-07-21,Banking,-0.004265710171496906,3,0
2025-07-22,Banking,0.014843554974974508,3,0
2025-07-23,Banking,-0.0019726332447279615,3,0
2025-07-24,Banking,0.0017541815395693365,3,0
2025-07-25,Banking,-0.0013010547147656408,3,0
2025-07-28,Banking,0.00905344745837818,3,0
2025-07-29,Banking,-0.039706642708315955,3,0
2025-07-30,Banking,0.02410429473835755,3,0
2025-07-31,Banking,-0.00831589793377315,3,0
2025-08-01,Banking,-0.017288578901482127,3,0
2025-08-04,Banking,0.022750491057143146,3,0
2025-08-05,Banking,0.014525042430094226,3,0
2025-08-06,Banking,0.01797107659338944,3,0
2025-08-07,Banking,0.00722821033122197,3,0
2025-08-08,Banking,-0.006142934676951817,3,0
2025-08-11,Banking,0.0059873795971708095,3,0
2025-08-12,Banking,0.01701338090342719,3,0
2025-08-13,Banking,0.007184946926132622,3,0
2025-08-14,Banking,0.025004843345652894,3,0
2025-08-15,Banking,-0.021672196193345372,3,0
2025-08-18,Banking,-0.004003772204942857,3,0
2025-08-19,Banking,0.0064250134779523975,3,0
2025-08-20,Banking,-0.0007083527588945074,3,0
2025-08-21,Banking,0.027308984339402986,3,0
2025-08-22,Banking,0.003742429485672827,3,0
2025-08-25,Banking,-0.03430953707188481,3,0
2025-08-26,Banking,0.025977902620502036,3,0
2025-08-27,Banking,0.030634439270572338,3,0
2025-08-28,Banking,0.0003861898233140278,3,0
2025-08-29,Banking,-0.001099057648321337,3,0
2025-09-03,Banking,-0.00717719612925997,3,0
2025-09-04,Banking,0.01129809762607381,3,0
2025-09-05,Banking,-0.022580701447878455,3,0
2025-09-08,Banking,-0.026505218169286932,3,0
2025-09-09,Banking,-0.001324111546417428,3,0
2025-09-10,Banking,0.011079550459592635,3,0
2025-09-11,Banking,-0.0001979102384573883,3,0
2025-09-12,Banking,0.0015309071150152824,3,0
2025-09-15,Banking,0.018174163149670648,3,0
2025-09-16,Banking,0.0036450334932233894,3,0
2025-09-17,Banking,-0.01938477034648452,3,0
2025-09-18,Banking,-0.007574206762260023,3,0
2025-09-19,Banking,-0.012851932652127104,3,0
2025-09-22,Banking,-0.00763541480212689,3,0
2025-09-23,Banking,0.004632546705282052,3,0
2025-09-24,Banking,0.008860727759145481,3,0
2025-09-25,Banking,-0.002230786507520066,3,0
2025-09-26,Banking,-0.00018535418234081705,3,0
2025-09-29,Banking,-0.0021232685028232203,3,0
2025-09-30,Banking,-0.006999175511696006,3,0
2025-10-01,Banking,0.007188642209515613,3,0
2025-10-02,Banking,-0.0012018910972753833,3,0
2025-10-03,Banking,-0.006792410694207181,3,0
2025-10-06,Banking,0.03088000145614715,3,0
2025-10-07,Banking,-0.008753430174065935,3,0
2025-10-08,Banking,0.012692365711151954,3,0
2025-10-09,Banking,0.012087373456970937,3,0
2025-10-10,Banking,0.006532775025154332,3,0
2025-10-13,Banking,-0.0033608029808989506,3,0
2025-10-14,Banking,-0.01387817123791931,3,0
2025-10-15,Banking,-0.0028100484341169554,3,0
2025-10-16,Banking,-0.0005820916937164059,3,0
2025-10-17,Banking,-0.02106307386717095,3,0
2025-10-20,Banking,-0.05623666917555296,3,0
2025-10-21,Banking,0.011530185743226692,3,0
2025-10-22,Banking,0.0066921495992036855,3,0
2025-10-23,Banking,-0.006793108146646317,3,0
2025-10-24,Banking,-0.0009406099795752724,3,0
2025-10-27,Banking,-0.013410151232122006,3,0
2025-10-28,Banking,0.012656028244829143,3,0
2025-10-29,Banking,0.014781029408975707,3,0
2025-10-30,Banking,-0.0028072218567954943,3,0
2025-10-31,Banking,-0.011244089853988651,3,0
2025-11-03,Banking,-0.007793939159099243,3,0
2025-11-04,Banking,0.021652804950283988,3,0
2025-11-05,Banking,0.01960572998269468,3,0
2025-11-06,Banking,-0.0054085213009779825,3,0
2025-11-07,Banking,-0.027890170029990613,3,0
2025-11-10,Banking,-0.010527749210695103,3,0
2025-11-11,Banking,0.00935925801817931,3,0
2025-11-12,Banking,0.010488291719784012,3,0
2025-11-13,Banking,-0.0003091187796200323,3,0
2025-11-14,Banking,-0.0004399642591692565,3,0
2025-11-17,Banking,0.0035766215096283784,3,0
2025-11-18,Banking,0.002133336556504717,3,0
2025-11-19,Banking,-0.005780424913170805,3,0
2025-11-20,Banking,-0.00301417655042191,3,0
2025-11-21,Banking,-0.005284756068669664,3,0
2025-11-24,Banking,-0.0026852328617458974,3,0
2025-11-25,Banking,-0.013708014121265025,3,0
2025-11-26,Banking,0.007900505307335659,3,0
2025-11-27,Banking,0.00024829996132998594,3,0
2025-11-28,Banking,-0.005941332534676214,3,0
2025-12-01,Banking,-0.004683796898147389,3,0
2025-12-02,Banking,0.004121936374275492,3,0
2025-12-03,Banking,0.04158734244592425,3,0
2025-12-04,Banking,-0.0017562346329469773,3,0
2025-12-05,Banking,-0.010010402443519436,3,0
2025-12-08,Banking,-0.007643294397334059,3,0
2025-12-09,Banking,-0.006384364203436577,3,0
2025-12-10,Banking,0.00604857505721353,3,0
2025-12-11,Banking,-0.00697717889724155,3,0
2025-12-12,Banking,-0.013997505918675102,3,0
2025-12-15,Banking,0.0013847675568744073,3,0
2025-12-16,Banking,0.01300447221431722,3,0
2025-12-17,Banking,-0.001236572208227334,3,0
2025-12-18,Banking,-0.002723946218283202,3,0
2025-12-19,Banking,0.0024947406678752135,3,0
2025-12-22,Banking,0.014703615815191862,3,0
2025-12-23,Banking,-0.008387751615624217,3,0
2025-12-24,Banking,0.005179089527661218,3,0
2025-12-25,Banking,0.0012333406433302867,3,0
2025-12-26,Banking,0.001837346484866072,3,0
2025-12-29,Banking,0.0009617234083478069,3,0
2025-12-30,Banking,0.009689842862708575,3,0
2025-12-31,Banking,-0.0021562972376338494,3,0
2026-01-05,Banking,-0.008461131335216384,3,0
2026-01-06,Banking,0.011555951771768566,3,0
2026-01-07,Banking,0.04253355095057058,3,0
2026-01-08,Banking,0.046628980388481844,3,0
2026-01-09,Banking,0.06803848081599566,3,0
2026-01-12,Banking,0.05231952093703832,3,0
2026-01-13,Banking,0.016178820222937002,3,0
2026-01-14,Banking,0.03310151663786994,3,0
2026-01-15,Banking,-0.05288138048331048,3,0
2026-01-16,Banking,0.004389284084325966,3,0
2026-01-19,Banking,0.007871398341876704,3,0
2026-01-20,Banking,0.008492374246547252,3,0
2026-01-21,Banking,0.0001863672038622625,3,0
2026-01-22,Banking,-0.017088883638236834,3,0
2026-01-23,Banking,-0.026385590610916238,3,0
2026-01-26,Banking,0.009145883488902329,3,0
2026-01-27,Banking,0.005866510350645153,3,0
2026-01-28,Banking,-0.007873475661562787,3,0
2026-01-29,Banking,8.453571986610786e-05,3,0
2026-01-30,Banking,0.020076535921333887,3,0
2026-02-02,Banking,0.01674109305636229,3,0
2026-02-03,Banking,-0.0010824573648603082,3,0
2026-02-04,Banking,-0.01228116338292636,3,0
2026-02-05,Banking,-0.029177528812049602,3,0
2026-02-06,Banking,-0.02707248993638504,3,0
2026-02-09,Banking,-0.0083236943043317,3,0
2026-02-10,Banking,-0.032779234980948146,3,0
2026-02-11,Banking,0.02541110928195578,3,0
2026-02-12,Banking,-0.008188490613828573,3,0
2026-02-13,Banking,0.0017637150181304406,3,0
2026-02-23,Banking,0.026884884085884558,3,0
2026-02-24,Banking,-0.013725548606612348,3,0
2026-02-25,Banking,0.001357405659739001,3,0
2026-02-26,Banking,0.0012012899230191925,3,0
2026-02-27,Banking,-0.00843851180129481,3,0
2026-03-02,Banking,-0.041262323911695965,3,0
2026-03-03,Banking,-0.027687934923126895,3,0
2026-03-04,Banking,0.028017352632066467,3,0
2026-03-05,Banking,-0.013326292301764223,3,0
2026-03-06,Banking,-0.016215163951677103,3,0
2026-03-09,Banking,-0.06917594440221335,3,0
2026-03-10,Banking,0.04693396050224748,3,0
2026-03-11,Banking,-0.0003238999460447589,3,0
2026-03-12,Banking,-0.01855778077262038,3,0
2026-03-13,Banking,-0.008228569127419575,3,0
2026-03-16,Banking,-0.002466617907800265,3,0
2026-03-17,Banking,0.013310305613137988,3,0
2026-03-18,Banking,0.01289167803106587,3,0
2026-03-19,Banking,-0.012580030156100245,3,0
2026-03-20,Banking,-0.027451586740422845,3,0
2026-03-23,Banking,-0.024056875467640793,3,0
2026-03-24,Banking,0.019839773508496233,3,0
2026-03-25,Banking,0.00954826680866542,3,0
2026-03-26,Banking,-0.010385094206798265,3,0
2026-03-27,Banking,0.023128476598529863,3,0
2026-03-30,Banking,-0.015014165594323595,3,0
2026-03-31,Banking,0.005520485020834909,3,0
2026-04-01,Banking,0.013804945468778826,3,0
2026-04-02,Banking,-0.013394170583765463,3,0
2026-04-03,Banking,-0.013159340387329391,3,0
2026-04-06,Banking,0.0033370125680048193,3,0
2026-04-07,Banking,0.00042844901456732626,3,0
2026-04-08,Banking,0.04769684589862192,3,0
2026-04-09,Banking,-0.015917218686436068,3,0
2026-04-10,Banking,0.0038680236157175862,3,0
2026-04-13,Banking,-0.008887183045486005,3,0
2026-04-14,Banking,0.0019582461363244117,3,0
2026-04-15,Banking,0.0039642743213247345,3,0
2026-04-16,Banking,-0.007931706538299813,3,0
2026-04-17,Banking,0.003850564951877781,3,0
2026-04-20,Banking,0.007768928013965078,3,0
2026-04-21,Banking,-0.006315398090511922,3,0
2026-04-22,Banking,-0.0018940930799859295,3,0
2026-04-23,Banking,0.0359325081206295,3,0
2026-04-24,Banking,-0.023149081724875953,3,0
2026-04-28,Banking,-0.011253587535584994,3,0
2026-04-29,Banking,0.0010390809877611762,3,0
2026-05-04,Banking,0.015058566535939141,3,0
2026-05-05,Banking,-0.007384941969858172,3,0
2026-05-06,Banking,0.008675239981614569,3,0
2026-05-07,Banking,0.0008569260531171204,3,0
2026-05-08,Banking,0.018546566596498042,3,0
2026-05-11,Banking,-0.014810096586548823,3,0
2026-05-12,Banking,-0.003525753895057049,3,0
2026-05-13,Banking,0.01240331626506889,3,0
2026-05-14,Banking,0.014520838459382531,3,0
2026-05-15,Banking,-0.0074846591030086245,3,0
2026-05-18,Banking,0.03657748034031982,3,0
2026-05-19,Banking,-0.005981875099256184,3,0
2026-05-20,Banking,-0.007271620663655794,3,0
2026-05-21,Banking,-0.0015151488069257886,3,0
2026-05-22,Banking,-0.0147333335041957,3,0
2026-05-25,Banking,0.0010587052035360884,3,0
2026-05-26,Banking,0.012599838227782026,3,0
2026-05-27,Banking,-0.002403634434582876,3,0
2026-05-28,Banking,-0.018121892160205395,3,0
2026-05-29,Banking,-0.008601805324956802,3,0
2026-06-01,Banking,-0.002204518244175594,3,0
2026-06-02,Banking,-0.011460775595495113,3,0
2026-06-03,Banking,0.004154087018841161,3,0
2026-06-04,Banking,0.00902554982212996,3,0
2026-06-05,Banking,-0.0096934733587107,3,0
2026-06-08,Banking,-0.0165180346891635,3,0
2026-06-09,Banking,0.0038575095580221466,3,0
2026-06-10,Banking,0.006121631665822062,3,0
2026-06-11,Banking,-0.004084489713174692,3,0
2026-06-12,Banking,-0.002262120636644327,3,0
2026-06-15,Banking,0.007476120425313611,3,0
2026-06-16,Banking,0.0035231926954320722,3,0
2026-06-17,Banking,0.016416091079707023,3,0
2026-06-18,Banking,-0.008212325130868892,3,0
2026-06-19,Banking,-0.008763281570496773,3,0
2026-06-22,Banking,0.0039867583701169345,3,0
2026-06-23,Banking,0.0029885348001895315,3,0
2026-06-24,Banking,-0.0069100763930924165,3,0
2026-06-25,Banking,-0.006543346657206683,3,0
2026-06-26,Banking,0.002662349211572342,3,0
2026-06-29,Banking,0.011785752895608015,3,0
2026-06-30,Banking,0.001529278752793702,3,0
2026-07-01,Banking,0.013900650079772406,3,0
2026-07-02,Banking,-0.010115954651945295,3,0
2026-07-03,Banking,-0.0038529669766889096,3,0
2026-07-06,Banking,-0.011440835368261201,3,0
2026-07-07,Banking,0.003987200295851867,3,0
2026-07-08,Banking,0.005330083824782135,3,0
2026-07-09,Banking,-0.011498820540328617,3,0
2026-07-10,Banking,-0.008669403181392496,3,0
2026-07-13,Banking,-0.028333740722907657,3,0
2026-07-14,Banking,0.004244322265190004,3,0
2026-07-15,Banking,-0.010768267568806889,3,0
2026-07-16,Banking,0.0010075917699539083,3,0
2026-07-17,Banking,-0.00866517994740327,3,0
2026-07-20,Banking,-0.03817484880405061,3,0
2026-07-21,Banking,-0.0007027799312665506,3,0
2026-07-22,Banking,-0.03445402659440459,3,0
2026-07-23,Banking,-0.0011928585998000802,3,0
2026-07-24,Banking,4.356048532753546e-05,3,0
2026-07-27,Banking,-0.015526743200591072,3,0
2024-01-03,RealEstate,0.005340711221314705,3,0
2024-01-04,RealEstate,0.0012518798483169096,3,0
2024-01-05,RealEstate,-0.003081961648239003,3,0
2024-01-08,RealEstate,0.012826746287701788,3,0
2024-01-09,RealEstate,-0.01093600264144338,3,0
2024-01-10,RealEstate,-0.007554696885937869,3,0
2024-01-11,RealEstate,-0.006185668234671223,3,0
2024-01-12,RealEstate,-0.021340862974914148,3,0
2024-01-15,RealEstate,0.0027407203825094615,3,0
2024-01-16,RealEstate,0.016589365281004447,3,0
2024-01-17,RealEstate,-0.014572842589321048,3,0
2024-01-18,RealEstate,0.013551589362694664,3,0
2024-01-19,RealEstate,0.0006157192051928773,3,0
2024-01-22,RealEstate,0.01772819396526563,3,0
2024-01-23,RealEstate,-0.012411589083892468,3,0
2024-01-24,RealEstate,-0.004213308299317949,3,0
2024-01-25,RealEstate,-0.007888251597569488,3,0
2024-01-26,RealEstate,-0.0007400098667981932,3,0
2024-01-29,RealEstate,-0.006780241539216969,3,0
2024-01-30,RealEstate,0.0029991018447730333,3,0
2024-01-31,RealEstate,-0.0005882938845405139,3,0
2024-02-01,RealEstate,-0.0034337082180219878,3,0
2024-02-02,RealEstate,0.0039639180596370656,3,0
2024-02-05,RealEstate,0.0011277871427476753,3,0
2024-02-06,RealEstate,0.003835879276195553,3,0
2024-02-07,RealEstate,0.008119941377050225,3,0
2024-02-15,RealEstate,0.006436289911981197,3,0
2024-02-16,RealEstate,0.020591010025611405,3,0
2024-02-19,RealEstate,0.04263002767296342,3,0
2024-02-20,RealEstate,0.015046262608622518,3,0
2024-02-21,RealEstate,-0.020788961415822538,3,0
2024-02-22,RealEstate,-0.00374810799917998,3,0
2024-02-23,RealEstate,-0.030028405736420887,3,0
2024-02-26,RealEstate,-0.007820164918928821,3,0
2024-02-27,RealEstate,0.015557514174431816,3,0
2024-02-28,RealEstate,0.0037632661728868033,3,0
2024-02-29,RealEstate,-0.009839178717391964,3,0
2024-03-01,RealEstate,0.009776477490863375,3,0
2024-03-04,RealEstate,0.003936192251916326,3,0
2024-03-05,RealEstate,-0.007575103078981645,3,0
2024-03-06,RealEstate,-0.011832371718613696,3,0
2024-03-07,RealEstate,0.004849608732798716,3,0
2024-03-08,RealEstate,-0.018661533825756454,3,0
2024-03-11,RealEstate,-0.012394330696447945,3,0
2024-03-12,RealEstate,0.00164528854594496,3,0
2024-03-13,RealEstate,0.016497378859053224,3,0
2024-03-14,RealEstate,0.004758827543822027,3,0
2024-03-15,RealEstate,-0.014098015830127339,3,0
2024-03-18,RealEstate,0.014304017343672556,3,0
2024-03-19,RealEstate,0.008975297698623411,3,0
2024-03-20,RealEstate,-0.005743725301681028,3,0
2024-03-21,RealEstate,0.014357439266319494,3,0
2024-03-22,RealEstate,-9.370534354717167e-06,3,0
2024-03-25,RealEstate,0.01129908382120448,3,0
2024-03-26,RealEstate,0.0058039102098564515,3,0
2024-03-27,RealEstate,0.0028761146114698968,3,0
2024-03-28,RealEstate,0.001925583739125621,3,0
2024-03-29,RealEstate,-0.010748239451816724,3,0
2024-04-01,RealEstate,0.005541644506521208,3,0
2024-04-02,RealEstate,0.0008363463726454023,3,0
2024-04-03,RealEstate,-0.004511718304907819,3,0
2024-04-04,RealEstate,0.005588661272582581,3,0
2024-04-05,RealEstate,0.014470329078751712,3,0
2024-04-08,RealEstate,-0.0038196486360668747,3,0
2024-04-09,RealEstate,0.0015294212348064828,3,0
2024-04-10,RealEstate,0.006750737340528001,3,0
2024-04-11,RealEstate,-0.0016878536547554706,3,0
2024-04-12,RealEstate,0.0025437122503552865,3,0
2024-04-15,RealEstate,-0.04810163237515049,3,0
2024-04-16,RealEstate,-0.01708864756263632,3,0
2024-04-17,RealEstate,-0.031899534008111775,3,0
2024-04-19,RealEstate,-0.03351276742581092,3,0
2024-04-22,RealEstate,0.00538816398558184,3,0
2024-04-23,RealEstate,-0.026938557249178485,3,0
2024-04-24,RealEstate,0.024297634088407793,3,0
2024-04-25,RealEstate,0.003972391632238133,3,0
2024-04-26,RealEstate,0.021394325777490748,3,0
2024-05-02,RealEstate,-0.003992898120806387,3,0
2024-05-03,RealEstate,-0.008028236387522444,3,0
2024-05-06,RealEstate,0.009694180349308171,3,0
2024-05-07,RealEstate,-0.005787810270156661,3,0
2024-05-08,RealEstate,-0.021045262801204372,3,0
2024-05-09,RealEstate,0.004027559946630103,3,0
2024-05-10,RealEstate,-0.012707308801663228,3,0
2024-05-13,RealEstate,0.00296778286999592,3,0
2024-05-14,RealEstate,0.00935204934530535,3,0
2024-05-15,RealEstate,0.01278444336449458,3,0
2024-05-16,RealEstate,0.004137713017107932,3,0
2024-05-17,RealEstate,0.006563778509052136,3,0
2024-05-20,RealEstate,-0.0043008241159895695,3,0
2024-05-21,RealEstate,-0.003909732549371103,3,0
2024-05-22,RealEstate,-0.0019466293019620995,3,0
2024-05-23,RealEstate,0.000829263198344532,3,0
2024-05-24,RealEstate,-0.009291072354516613,3,0
2024-05-27,RealEstate,0.0018331991752810566,3,0
2024-05-28,RealEstate,0.0012174971736672961,3,0
2024-05-29,RealEstate,-0.017049803780335198,3,0
2024-05-30,RealEstate,-0.013082232008265193,3,0
2024-05-31,RealEstate,0.008850275371393454,3,0
2024-06-03,RealEstate,0.0186381785435424,3,0
2024-06-04,RealEstate,-0.0015007270480897155,3,0
2024-06-05,RealEstate,-0.0024555856691909073,3,0
2024-06-06,RealEstate,-0.005884345405675728,3,0
2024-06-07,RealEstate,-0.0007494827410683413,3,0
2024-06-10,RealEstate,-0.0025620106764645914,3,0
2024-06-11,RealEstate,-0.019465230978371866,3,0
2024-06-12,RealEstate,0.007389021814655654,3,0
2024-06-13,RealEstate,-0.003017215964815634,3,0
2024-06-14,RealEstate,-0.014365352884421645,3,0
2024-06-17,RealEstate,-0.0001977322479540522,3,0
2024-06-18,RealEstate,-0.00047667440960119656,3,0
2024-06-19,RealEstate,-0.010942225070628623,3,0
2024-06-20,RealEstate,-0.007700282957040838,3,0
2024-06-21,RealEstate,-0.005584225730499881,3,0
2024-06-24,RealEstate,-0.009389801807802578,3,0
2024-06-25,RealEstate,0.0063791622850290315,3,0
2024-06-26,RealEstate,-0.00506338231057335,3,0
2024-06-27,RealEstate,0.00550277270197604,3,0
2024-06-28,RealEstate,-0.0039983618165767565,3,0
2024-07-01,RealEstate,0.0017541416986632068,3,0
2024-07-02,RealEstate,0.009654293231004715,3,0
2024-07-03,RealEstate,-0.0010444475819481418,3,0
2024-07-04,RealEstate,0.0007573882492895404,3,0
2024-07-05,RealEstate,-0.00481540930979137,3,0
2024-07-08,RealEstate,-0.010655061921048333,3,0
2024-07-09,RealEstate,0.007023590960278714,3,0
2024-07-10,RealEstate,-0.005858471093431146,3,0
2024-07-11,RealEstate,0.012183946950522792,3,0
2024-07-12,RealEstate,0.002325087957148919,3,0
2024-07-15,RealEstate,-0.008949455027838468,3,0
2024-07-16,RealEstate,-0.01859974606993775,3,0
2024-07-17,RealEstate,-0.021953601759978698,3,0
2024-07-18,RealEstate,0.007615335114423509,3,0
2024-07-19,RealEstate,-0.0067704926535636645,3,0
2024-07-22,RealEstate,-0.020620741186835767,3,0
2024-07-23,RealEstate,-0.0010881450310270546,3,0
2024-07-24,RealEstate,0.00920220386406275,3,0
2024-07-25,RealEstate,0.002417535425069728,3,0
2024-07-26,RealEstate,-0.007752515483248105,3,0
2024-07-29,RealEstate,-0.007306736459375888,3,0
2024-07-30,RealEstate,0.013225337517407102,3,0
2024-07-31,RealEstate,0.01399743658529314,3,0
2024-08-01,RealEstate,-0.02198858828160762,3,0
2024-08-02,RealEstate,0.004081797329601677,3,0
2024-08-05,RealEstate,-0.034138267318533054,3,0
2024-08-06,RealEstate,0.013662581810413466,3,0
2024-08-07,RealEstate,0.0327961282420867,3,0
2024-08-08,RealEstate,-0.0007774155638121671,3,0
2024-08-09,RealEstate,-0.008374857456966164,3,0
2024-08-12,RealEstate,-0.016749624384703992,3,0
2024-08-13,RealEstate,0.0007729651605209072,3,0
2024-08-14,RealEstate,0.00566301424755955,3,0
2024-08-15,RealEstate,0.0074698468233162325,3,0
2024-08-16,RealEstate,0.03018083289438711,3,0
2024-08-19,RealEstate,0.0059092801475424395,3,0
2024-08-20,RealEstate,0.02756021170184571,3,0
2024-08-21,RealEstate,0.0015660572926839977,3,0
2024-08-22,RealEstate,0.006168263156782945,3,0
2024-08-23,RealEstate,0.007342957358610865,3,0
2024-08-26,RealEstate,0.011081912014506257,3,0
2024-08-27,RealEstate,0.0331236759622496,3,0
2024-08-28,RealEstate,-0.009186730488277598,3,0
2024-08-29,RealEstate,-0.004223078304415262,3,0
2024-08-30,RealEstate,-0.0011028398125172052,3,0
2024-09-04,RealEstate,0.00658312913214872,3,0
2024-09-05,RealEstate,0.017651570678690165,3,0
2024-09-06,RealEstate,-0.0006670281121891053,3,0
2024-09-09,RealEstate,-0.008639661785357133,3,0
2024-09-10,RealEstate,-0.019626728658584613,3,0
2024-09-11,RealEstate,-0.020761017035730595,3,0
2024-09-12,RealEstate,-0.012674409482489804,3,0
2024-09-13,RealEstate,0.0035994963705040517,3,0
2024-09-16,RealEstate,-0.026273428646752233,3,0
2024-09-17,RealEstate,0.024724896166360272,3,0
2024-09-18,RealEstate,0.00015082852734164356,3,0
2024-09-19,RealEstate,0.005510459222578756,3,0
2024-09-20,RealEstate,-0.006456763159491359,3,0
2024-09-23,RealEstate,-0.004720904320087945,3,0
2024-09-24,RealEstate,0.009360443888811595,3,0
2024-09-25,RealEstate,0.0008718493908528672,3,0
2024-09-26,RealEstate,0.006283983267955318,3,0
2024-09-27,RealEstate,-0.00834405664838215,3,0
2024-09-30,RealEstate,-0.02274495754151677,3,0
2024-10-01,RealEstate,0.011934258767045533,3,0
2024-10-02,RealEstate,-0.006925767120174379,3,0
2024-10-03,RealEstate,-0.025351675046999533,3,0
2024-10-04,RealEstate,-0.0037334391707088224,3,0
2024-10-07,RealEstate,-0.004957922380468993,3,0
2024-10-08,RealEstate,0.0003651706804093842,3,0
2024-10-09,RealEstate,0.014619154639257484,3,0
2024-10-10,RealEstate,-0.002704852562536386,3,0
2024-10-11,RealEstate,0.014717696584080434,3,0
2024-10-14,RealEstate,0.011563872670106168,3,0
2024-10-15,RealEstate,-0.015616286366853749,3,0
2024-10-16,RealEstate,-0.006372575491093491,3,0
2024-10-17,RealEstate,0.009252808222214822,3,0
2024-10-18,RealEstate,-1.0214019389942486e-05,3,0
2024-10-21,RealEstate,0.018786849542506496,3,0
2024-10-22,RealEstate,-0.00034969917834504205,3,0
2024-10-23,RealEstate,0.0024673036486784947,3,0
2024-10-24,RealEstate,-0.03441408149840656,3,0
2024-10-25,RealEstate,-0.002040362420508831,3,0
2024-10-28,RealEstate,-0.00480655086147086,3,0
2024-10-29,RealEstate,-0.00023818287436964494,3,0
2024-10-30,RealEstate,-0.004293482929562738,3,0
2024-10-31,RealEstate,0.0012983697683781232,3,0
2024-11-01,RealEstate,-0.007663918505478391,3,0
2024-11-04,RealEstate,-0.004845967462789906,3,0
2024-11-05,RealEstate,0.003970283827977594,3,0
2024-11-06,RealEstate,0.007584120268856538,3,0
2024-11-07,RealEstate,0.011135108164196902,3,0
2024-11-08,RealEstate,-0.019879210677480736,3,0
2024-11-11,RealEstate,0.001729686489689149,3,0
2024-11-12,RealEstate,-0.007960082057069995,3,0
2024-11-13,RealEstate,0.008648283845959245,3,0
2024-11-14,RealEstate,0.0012504606459239713,3,0
2024-11-15,RealEstate,-0.014771829800136619,3,0
2024-11-18,RealEstate,0.00823275917265683,3,0
2024-11-19,RealEstate,0.017579260282457303,3,0
2024-11-20,RealEstate,0.024027559055118147,3,0
2024-11-21,RealEstate,0.0,3,0
2024-11-22,RealEstate,-0.019613121400391027,3,0
2024-11-25,RealEstate,0.01326894153743837,3,0
2024-11-26,RealEstate,0.0012327505462372823,3,0
2024-11-27,RealEstate,-0.0032887286352572356,3,0
2024-11-28,RealEstate,-0.00973076367725989,3,0
2024-11-29,RealEstate,-0.008597898887615677,3,0
2024-12-02,RealEstate,-0.0015764595227845495,3,0
2024-12-03,RealEstate,-0.006246264068821487,3,0
2024-12-04,RealEstate,-0.01584651700577866,3,0
2024-12-05,RealEstate,0.028706658638059174,3,0
2024-12-06,RealEstate,0.002967896528364452,3,0
2024-12-09,RealEstate,0.0010117753138271235,3,0
2024-12-10,RealEstate,-0.01220538078055348,3,0
2024-12-11,RealEstate,-0.001642111814740906,3,0
2024-12-12,RealEstate,-0.005434881345104947,3,0
2024-12-13,RealEstate,-0.0032854243412856108,3,0
2024-12-16,RealEstate,-0.00014767791606495884,3,0
2024-12-17,RealEstate,0.003287434289503288,3,0
2024-12-18,RealEstate,0.0003947793608739536,3,0
2024-12-19,RealEstate,-0.011275579758733056,3,0
2024-12-20,RealEstate,-0.008028021278219555,3,0
2024-12-23,RealEstate,0.016002284799835342,3,0
2024-12-24,RealEstate,-0.008528465010676056,3,0
2024-12-25,RealEstate,0.005518603389768802,3,0
2024-12-26,RealEstate,0.0004262574595055302,3,0
2024-12-27,RealEstate,-0.00949410275657403,3,0
2024-12-30,RealEstate,0.0027323323067088845,3,0
2024-12-31,RealEstate,-0.004230502544649036,3,0
2025-01-02,RealEstate,0.004896817068905213,3,0
2025-01-03,RealEstate,0.004497028821696484,3,0
2025-01-06,RealEstate,-0.004757050628610278,3,0
2025-01-07,RealEstate,-0.004825922095829031,3,0
2025-01-08,RealEstate,0.004896817068905213,3,0
2025-01-09,RealEstate,0.0006888657969442343,3,0
2025-01-10,RealEstate,-0.015960490449530185,3,0
2025-01-13,RealEstate,-0.01609173878344461,3,0
2025-01-14,RealEstate,-0.01970217704700587,3,0
2025-01-15,RealEstate,0.009535356431129646,3,0
2025-01-16,RealEstate,0.0006541746406296678,3,0
2025-01-17,RealEstate,0.0047731278078266826,3,0
2025-01-20,RealEstate,-0.009468665884943698,3,0
2025-01-21,RealEstate,9.916668626482512e-05,3,0
2025-01-22,RealEstate,-0.018124022380269666,3,0
2025-01-23,RealEstate,0.0020652622883105356,3,0
2025-01-24,RealEstate,0.007799671592775059,3,0
2025-02-03,RealEstate,-0.008379765307442185,3,0
2025-02-04,RealEstate,0.01648551707587694,3,0
2025-02-05,RealEstate,0.0006869305277864187,3,0
2025-02-06,RealEstate,0.0026696015659919046,3,0
2025-02-07,RealEstate,0.0034170089269955164,3,0
2025-02-10,RealEstate,-0.021050940452949713,3,0
2025-02-11,RealEstate,-0.0019553531451086035,3,0
2025-02-12,RealEstate,0.00014269241023667778,3,0
2025-02-13,RealEstate,0.004404631175638311,3,0
2025-02-14,RealEstate,0.008700536246343704,3,0
2025-02-17,RealEstate,-0.002322499113844042,3,0
2025-02-18,RealEstate,0.006779873326917911,3,0
2025-02-19,RealEstate,0.006797342948774506,3,0
2025-02-20,RealEstate,0.04014767439514033,3,0
2025-02-21,RealEstate,-0.0032343825201369323,3,0
2025-02-24,RealEstate,-0.005701029397886637,3,0
2025-02-25,RealEstate,0.003515293282389198,3,0
2025-02-26,RealEstate,0.0002324097822146154,3,0
2025-02-27,RealEstate,0.010093680866542165,3,0
2025-02-28,RealEstate,0.01887646402681072,3,0
2025-03-03,RealEstate,0.01129355647082956,3,0
2025-03-04,RealEstate,-0.007722379087653016,3,0
2025-03-05,RealEstate,0.004279282427553599,3,0
2025-03-06,RealEstate,0.012916955852100584,3,0
2025-03-07,RealEstate,0.038300917953497514,3,0
2025-03-10,RealEstate,0.01384590115466496,3,0
2025-03-11,RealEstate,0.006354273005197826,3,0
2025-03-12,RealEstate,0.014852174254054717,3,0
2025-03-13,RealEstate,0.025503078084718633,3,0
2025-03-14,RealEstate,0.028663008438876664,3,0
2025-03-17,RealEstate,-7.042621930238487e-05,3,0
2025-03-18,RealEstate,-0.014380276966878306,3,0
2025-03-19,RealEstate,-0.0003151194969639448,3,0
2025-03-20,RealEstate,-0.0012423431973082784,3,0
2025-03-21,RealEstate,0.013022046739172585,3,0
2025-03-24,RealEstate,0.03036385394076735,3,0
2025-03-25,RealEstate,0.004197565795802956,3,0
2025-03-26,RealEstate,-0.00287558224913483,3,0
2025-03-27,RealEstate,-0.001297304564092235,3,0
2025-03-28,RealEstate,0.005253940455341481,3,0
2025-03-31,RealEstate,0.0023572591018028444,3,0
2025-04-01,RealEstate,0.02257597735832421,3,0
2025-04-02,RealEstate,0.002177728378827274,3,0
2025-04-03,RealEstate,-0.06974100322061098,3,0
2025-04-04,RealEstate,0.0023601790444244632,3,0
2025-04-08,RealEstate,-0.06303155064940269,3,0
2025-04-09,RealEstate,0.007367877944875219,3,0
2025-04-10,RealEstate,0.06889057740276128,3,0
2025-04-11,RealEstate,0.05669421334113367,3,0
2025-04-14,RealEstate,0.04530030749115347,3,0
2025-04-15,RealEstate,0.0064534159424058934,3,0
2025-04-16,RealEstate,-0.013421284288931227,3,0
2025-04-17,RealEstate,0.016612829717630822,3,0
2025-04-18,RealEstate,-0.022509631130161172,3,0
2025-04-21,RealEstate,-0.0017156945144841673,3,0
2025-04-22,RealEstate,0.01310079996128847,3,0
2025-04-23,RealEstate,0.00828866503708329,3,0
2025-04-24,RealEstate,0.05396179979743524,3,0
2025-04-25,RealEstate,0.015477776032348234,3,0
2025-04-28,RealEstate,0.003194131587382835,3,0
2025-04-29,RealEstate,-0.002156591185975184,3,0
2025-05-05,RealEstate,0.025660269475620796,3,0
2025-05-06,RealEstate,0.025542141739324824,3,0
2025-05-07,RealEstate,0.030856888942312127,3,0
2025-05-08,RealEstate,0.02280541567548844,3,0
2025-05-09,RealEstate,-0.016456163996434903,3,0
2025-05-12,RealEstate,0.013137000301882992,3,0
2025-05-13,RealEstate,-0.0074178159971111475,3,0
2025-05-14,RealEstate,-0.0024072233466355675,3,0
2025-05-15,RealEstate,-0.01709887396235865,3,0
2025-05-16,RealEstate,0.0020195545109072586,3,0
2025-05-19,RealEstate,0.025274109168310483,3,0
2025-05-20,RealEstate,0.04057980520442014,3,0
2025-05-21,RealEstate,0.05330588356821586,3,0
2025-05-22,RealEstate,-0.0035696506648642545,3,0
2025-05-23,RealEstate,0.003774236231938214,3,0
2025-05-26,RealEstate,0.037667933358351835,3,0
2025-05-27,RealEstate,0.004745767188800265,3,0
2025-05-28,RealEstate,0.020407510857762306,3,0
2025-05-29,RealEstate,0.028322595176379178,3,0
2025-05-30,RealEstate,0.012494487534811341,3,0
2025-06-02,RealEstate,0.0054297289833022955,3,0
2025-06-03,RealEstate,-0.004936251657043145,3,0
2025-06-04,RealEstate,-0.002141041081225777,3,0
2025-06-05,RealEstate,0.000629309513830778,3,0
2025-06-06,RealEstate,-0.006871704874486295,3,0
2025-06-09,RealEstate,-0.04404117628039165,3,0
2025-06-10,RealEstate,0.0090716987295368,3,0
2025-06-11,RealEstate,-0.014247218576124617,3,0
2025-06-12,RealEstate,-0.013755341034384508,3,0
2025-06-13,RealEstate,-0.011601880818394639,3,0
2025-06-16,RealEstate,0.008787170429320387,3,0
2025-06-17,RealEstate,0.032078389544338615,3,0
2025-06-18,RealEstate,0.013041890328817196,3,0
2025-06-19,RealEstate,0.005560253294348875,3,0
2025-06-20,RealEstate,-0.018768705442099038,3,0
2025-06-23,RealEstate,0.032506116502189854,3,0
2025-06-24,RealEstate,0.025650967317351652,3,0
2025-06-25,RealEstate,-0.0007361633530359827,3,0
2025-06-26,RealEstate,-0.005383236387466776,3,0
2025-06-27,RealEstate,0.002814526319892874,3,0
2025-06-30,RealEstate,0.0023906571595898964,3,0
2025-07-01,RealEstate,-0.0017149562234858677,3,0
2025-07-02,RealEstate,-0.002959198397081808,3,0
2025-07-03,RealEstate,-0.00633160133547687,3,0
2025-07-04,RealEstate,-0.0037526198204840635,3,0
2025-07-07,RealEstate,0.010028231136772611,3,0
2025-07-08,RealEstate,0.01973565178320021,3,0
2025-07-09,RealEstate,0.011748552048375141,3,0
2025-07-10,RealEstate,0.04029639924363404,3,0
2025-07-11,RealEstate,0.02093987428799593,3,0
2025-07-14,RealEstate,0.022140063106774816,3,0
2025-07-15,RealEstate,-0.01264205507064516,3,0
2025-07-16,RealEstate,0.02503781398526191,3,0
2025-07-17,RealEstate,0.05906615073570428,3,0
2025-07-18,RealEstate,0.009674920470071421,3,0
2025-07-21,RealEstate,-0.04152134897238561,3,0
2025-07-22,RealEstate,0.03727820608777462,3,0
2025-07-23,RealEstate,-0.020731414056394004,3,0
2025-07-24,RealEstate,0.0021852571855754213,3,0
2025-07-25,RealEstate,0.005777957029226862,3,0
2025-07-28,RealEstate,0.018894559873071277,3,0
2025-07-29,RealEstate,-0.042054625136442536,3,0
2025-07-30,RealEstate,-0.006918495934321145,3,0
2025-07-31,RealEstate,-0.016544848583609384,3,0
2025-08-01,RealEstate,0.006926848367804439,3,0
2025-08-04,RealEstate,0.05467787841999624,3,0
2025-08-05,RealEstate,0.024466669996073682,3,0
2025-08-06,RealEstate,0.011812228351679869,3,0
2025-08-07,RealEstate,-0.01840140008829194,3,0
2025-08-08,RealEstate,0.011602124541781481,3,0
2025-08-11,RealEstate,-0.00439584412222264,3,0
2025-08-12,RealEstate,-0.007113370700204198,3,0
2025-08-13,RealEstate,0.0004745722351765143,3,0
2025-08-14,RealEstate,0.017718399941067126,3,0
2025-08-15,RealEstate,-0.01294091001024015,3,0
2025-08-18,RealEstate,-0.003096031425242507,3,0
2025-08-19,RealEstate,0.0,3,0
2025-08-20,RealEstate,0.024067375299946476,3,0
2025-08-21,RealEstate,-0.00586700319804508,3,0
2025-08-22,RealEstate,-0.026807348427760374,3,0
2025-08-25,RealEstate,0.02271197840778442,3,0
2025-08-26,RealEstate,0.05011953431523956,3,0
2025-08-27,RealEstate,-0.010518420256752167,3,0
2025-08-28,RealEstate,-0.006930630683029941,3,0
2025-08-29,RealEstate,-0.0027963713389597133,3,0
2025-09-03,RealEstate,-0.004494025536459538,3,0
2025-09-04,RealEstate,-0.0031789711688737787,3,0
2025-09-05,RealEstate,-0.005603090210807737,3,0
2025-09-08,RealEstate,-0.021131137352392765,3,0
2025-09-09,RealEstate,0.016978847207321197,3,0
2025-09-10,RealEstate,-0.003576144662732076,3,0
2025-09-11,RealEstate,0.024150701829546446,3,0
2025-09-12,RealEstate,0.00431124360809354,3,0
2025-09-15,RealEstate,-0.005230196268128595,3,0
2025-09-16,RealEstate,-0.011587914309729127,3,0
2025-09-17,RealEstate,0.016530788444579853,3,0
2025-09-18,RealEstate,-0.0021760380438622384,3,0
2025-09-19,RealEstate,0.031807401041426576,3,0
2025-09-22,RealEstate,-0.024201243017958896,3,0
2025-09-23,RealEstate,-0.0006339430747659414,3,0
2025-09-24,RealEstate,0.0076995982047013784,3,0
2025-09-25,RealEstate,0.022148943852493663,3,0
2025-09-26,RealEstate,0.0026998998451028453,3,0
2025-09-29,RealEstate,0.027640741479787383,3,0
2025-09-30,RealEstate,0.00030033969930239507,3,0
2025-10-01,RealEstate,-0.006460860992262544,3,0
2025-10-02,RealEstate,-0.009829062408401127,3,0
2025-10-03,RealEstate,0.00690764831884209,3,0
2025-10-06,RealEstate,0.030464206129620457,3,0
2025-10-07,RealEstate,-0.006519080598924254,3,0
2025-10-08,RealEstate,0.00835618499107745,3,0
2025-10-09,RealEstate,0.025868576400791394,3,0
2025-10-10,RealEstate,0.0529790538575868,3,0
2025-10-13,RealEstate,0.03500001998026884,3,0
2025-10-14,RealEstate,0.0077689473205832344,3,0
2025-10-15,RealEstate,-0.009571727579658925,3,0
2025-10-16,RealEstate,0.014381562653453953,3,0
2025-10-17,RealEstate,-0.02357820380742,3,0
2025-10-20,RealEstate,-0.060975451429868266,3,0
2025-10-21,RealEstate,0.000779183912389588,3,0
2025-10-22,RealEstate,-0.0035617574244971215,3,0
2025-10-23,RealEstate,0.030450016638493338,3,0
2025-10-24,RealEstate,0.00702773148271955,3,0
2025-10-27,RealEstate,-0.04241748400015729,3,0
2025-10-28,RealEstate,0.0011966148427869177,3,0
2025-10-29,RealEstate,-0.018485601058748153,3,0
2025-10-30,RealEstate,-0.005438590530551883,3,0
2025-10-31,RealEstate,-0.040406151335159346,3,0
2025-11-03,RealEstate,-0.01303165487766389,3,0
2025-11-04,RealEstate,0.028058570467437427,3,0
2025-11-05,RealEstate,0.015945649896364045,3,0
2025-11-06,RealEstate,-0.006224371773744723,3,0
2025-11-07,RealEstate,-0.04870625868381103,3,0
2025-11-10,RealEstate,-0.03759972426255909,3,0
2025-11-11,RealEstate,0.012638158647243306,3,0
2025-11-12,RealEstate,0.05492372043156616,3,0
2025-11-13,RealEstate,0.0027496873879953774,3,0
2025-11-14,RealEstate,0.024274574697496793,3,0
2025-11-17,RealEstate,0.035892129755032975,3,0
2025-11-18,RealEstate,0.02801090424308998,3,0
2025-11-19,RealEstate,-0.0036698302823649684,3,0
2025-11-20,RealEstate,0.002769964142003626,3,0
2025-11-21,RealEstate,0.014260338696816754,3,0
2025-11-24,RealEstate,0.03422619780732483,3,0
2025-11-25,RealEstate,-0.0061233775852710766,3,0
2025-11-26,RealEstate,0.00557474205492899,3,0
2025-11-27,RealEstate,-0.008696940110936616,3,0
2025-11-28,RealEstate,0.016984402925178627,3,0
2025-12-01,RealEstate,0.020033069736748937,3,0
2025-12-02,RealEstate,0.011956416916677481,3,0
2025-12-03,RealEstate,-0.0034086849669761423,3,0
2025-12-04,RealEstate,-0.007960649333635014,3,0
2025-12-05,RealEstate,0.02556779317277687,3,0
2025-12-08,RealEstate,0.029079169959391898,3,0
2025-12-09,RealEstate,0.0027433726830004,3,0
2025-12-10,RealEstate,-0.03573029366306024,3,0
2025-12-11,RealEstate,-0.016230038421465753,3,0
2025-12-12,RealEstate,-0.05086305345319394,3,0
2025-12-15,RealEstate,-0.009552898278253267,3,0
2025-12-16,RealEstate,0.015178481866251111,3,0
2025-12-17,RealEstate,-0.007470797676307058,3,0
2025-12-18,RealEstate,-0.0004665267086541025,3,0
2025-12-19,RealEstate,0.051577932509884995,3,0
2025-12-22,RealEstate,0.04149011784531046,3,0
2025-12-23,RealEstate,0.038001325140218555,3,0
2025-12-24,RealEstate,0.02139667796938083,3,0
2025-12-25,RealEstate,-0.04865694048252356,3,0
2025-12-26,RealEstate,-0.019944466658721738,3,0
2025-12-29,RealEstate,0.055894776093486996,3,0
2025-12-30,RealEstate,0.000474031489540061,3,0
2025-12-31,RealEstate,0.018790810731737013,3,0
2026-01-05,RealEstate,0.029992572891138252,3,0
2026-01-06,RealEstate,0.02312893204897278,3,0
2026-01-07,RealEstate,0.025717090846825014,3,0
2026-01-08,RealEstate,-0.025225554627629283,3,0
2026-01-09,RealEstate,-0.017830356100629923,3,0
2026-01-12,RealEstate,-0.039780031969896955,3,0
2026-01-13,RealEstate,0.016883264942178733,3,0
2026-01-14,RealEstate,-0.030493433799744046,3,0
2026-01-15,RealEstate,-0.034116423727513924,3,0
2026-01-16,RealEstate,0.03286363993123831,3,0
2026-01-19,RealEstate,0.004333141580061077,3,0
2026-01-20,RealEstate,-0.012657679303235617,3,0
2026-01-21,RealEstate,-0.005251404207638329,3,0
2026-01-22,RealEstate,0.00014384805309664017,3,0
2026-01-23,RealEstate,0.00660467866944107,3,0
2026-01-26,RealEstate,-0.038372512479570964,3,0
2026-01-27,RealEstate,-0.05451798981392534,3,0
2026-01-28,RealEstate,-0.027395585064826717,3,0
2026-01-29,RealEstate,0.015554325196776539,3,0
2026-01-30,RealEstate,0.02019824474614773,3,0
2026-02-02,RealEstate,-0.0503926287981773,3,0
2026-02-03,RealEstate,-0.004388274530454613,3,0
2026-02-04,RealEstate,-0.051580763546460386,3,0
2026-02-05,RealEstate,0.041172395887258816,3,0
2026-02-06,RealEstate,-0.0021102318893597705,3,0
2026-02-09,RealEstate,-0.005248223721278496,3,0
2026-02-10,RealEstate,0.04794058112277414,3,0
2026-02-11,RealEstate,0.041206729682377784,3,0
2026-02-12,RealEstate,0.04146782964226666,3,0
2026-02-13,RealEstate,-0.005649068782240363,3,0
2026-02-23,RealEstate,0.01251660173799977,3,0
2026-02-24,RealEstate,0.0021391026508018975,3,0
2026-02-25,RealEstate,-0.024562224350612172,3,0
2026-02-26,RealEstate,0.023456045133163943,3,0
2026-02-27,RealEstate,-0.0006231612077465994,3,0
2026-03-02,RealEstate,-0.05138274516181496,3,0
2026-03-03,RealEstate,-0.048084161656324786,3,0
2026-03-04,RealEstate,-0.012510653246071554,3,0
2026-03-05,RealEstate,0.026330357634134865,3,0
2026-03-06,RealEstate,-0.013895065427093956,3,0
2026-03-09,RealEstate,-0.06834274168485066,3,0
2026-03-10,RealEstate,0.0013629262088420042,3,0
2026-03-11,RealEstate,0.046625860204966875,3,0
2026-03-12,RealEstate,0.019982141830992745,3,0
2026-03-13,RealEstate,0.02905758786750871,3,0
2026-03-16,RealEstate,0.029420924556156674,3,0
2026-03-17,RealEstate,0.007482009492102611,3,0
2026-03-18,RealEstate,-0.010354337711044695,3,0
2026-03-19,RealEstate,0.021826682046172847,3,0
2026-03-20,RealEstate,-0.04129412882723038,3,0
2026-03-23,RealEstate,-0.05227248315573918,3,0
2026-03-24,RealEstate,0.018031702227143453,3,0
2026-03-25,RealEstate,0.043903213754360314,3,0
2026-03-26,RealEstate,0.003072728719082559,3,0
2026-03-27,RealEstate,0.015203080217567111,3,0
2026-03-30,RealEstate,-0.018319176523510856,3,0
2026-03-31,RealEstate,0.02140339096860829,3,0
2026-04-01,RealEstate,0.03810345278235191,3,0
2026-04-02,RealEstate,0.014880740746681368,3,0
2026-04-03,RealEstate,0.01582923920455004,3,0
2026-04-06,RealEstate,0.0010266815073039688,3,0
2026-04-07,RealEstate,0.0032083537961276796,3,0
2026-04-08,RealEstate,0.06904726760482231,3,0
2026-04-09,RealEstate,0.008194724534530703,3,0
2026-04-10,RealEstate,0.005263432227201899,3,0
2026-04-13,RealEstate,0.031073393296640345,3,0
2026-04-14,RealEstate,0.025862730601323786,3,0
2026-04-15,RealEstate,0.05185985557633314,3,0
2026-04-16,RealEstate,0.028396945407571206,3,0
2026-04-17,RealEstate,-0.01865700430466351,3,0
2026-04-20,RealEstate,0.030475309319223525,3,0
2026-04-21,RealEstate,0.016992525196377246,3,0
2026-04-22,RealEstate,0.05335731308473779,3,0
2026-04-23,RealEstate,0.01689268460942565,3,0
2026-04-24,RealEstate,-0.016883004563313226,3,0
2026-04-28,RealEstate,0.06223325216695833,3,0
2026-04-29,RealEstate,-0.0280255543707415,3,0
2026-05-04,RealEstate,-0.03496611352109683,3,0
2026-05-05,RealEstate,0.01069161015118758,3,0
2026-05-06,RealEstate,-0.012736426943301793,3,0
2026-05-07,RealEstate,0.018306321297937116,3,0
2026-05-08,RealEstate,0.02135369932031724,3,0
2026-05-11,RealEstate,-0.018232860928266852,3,0
2026-05-12,RealEstate,-0.013173714226753286,3,0
2026-05-13,RealEstate,-0.009376947348281576,3,0
2026-05-14,RealEstate,0.02224240223122609,3,0
2026-05-15,RealEstate,0.012417131884382907,3,0
2026-05-18,RealEstate,-0.015720975877616266,3,0
2026-05-19,RealEstate,-0.002133439556742759,3,0
2026-05-20,RealEstate,-0.00736271892941968,3,0
2026-05-21,RealEstate,-0.024578946940590558,3,0
2026-05-22,RealEstate,-0.011422221557976528,3,0
2026-05-25,RealEstate,0.014163920881682465,3,0
2026-05-26,RealEstate,-0.018206096777561687,3,0
2026-05-27,RealEstate,-0.020303222074775196,3,0
2026-05-28,RealEstate,0.015618383527678081,3,0
2026-05-29,RealEstate,-0.0016184547808549832,3,0
2026-06-01,RealEstate,-0.01531721587339907,3,0
2026-06-02,RealEstate,-0.02566243336204917,3,0
2026-06-03,RealEstate,-0.03130872074677608,3,0
2026-06-04,RealEstate,0.014038575264632147,3,0
2026-06-05,RealEstate,0.008529309369076365,3,0
2026-06-08,RealEstate,-0.023552644287836138,3,0
2026-06-09,RealEstate,-0.01889177462838454,3,0
2026-06-10,RealEstate,0.030176297829841436,3,0
2026-06-11,RealEstate,-0.010284996102354782,3,0
2026-06-12,RealEstate,-0.014217210419920781,3,0
2026-06-15,RealEstate,-0.0047982117301499,3,0
2026-06-16,RealEstate,0.009704204008823178,3,0
2026-06-17,RealEstate,-0.010817066551872201,3,0
2026-06-18,RealEstate,0.04524621866897153,3,0
2026-06-19,RealEstate,-0.0078013174032962596,3,0
2026-06-22,RealEstate,0.04766736022689303,3,0
2026-06-23,RealEstate,-0.0014870357546793815,3,0
2026-06-24,RealEstate,0.027475699574313728,3,0
2026-06-25,RealEstate,-0.022138958352783678,3,0
2026-06-26,RealEstate,0.013531690592212856,3,0
2026-06-29,RealEstate,-0.027989546329126425,3,0
2026-06-30,RealEstate,0.003639731022719047,3,0
2026-07-01,RealEstate,-0.0071688837887996515,3,0
2026-07-02,RealEstate,0.006068012677850176,3,0
2026-07-03,RealEstate,-0.0013564897889430199,3,0
2026-07-06,RealEstate,0.006851935273970137,3,0
2026-07-07,RealEstate,-0.00325427956153046,3,0
2026-07-08,RealEstate,0.00303920360912339,3,0
2026-07-09,RealEstate,-0.007705877354741708,3,0
2026-07-10,RealEstate,-0.003471589671764382,3,0
2026-07-13,RealEstate,-0.01671055791221676,3,0
2026-07-14,RealEstate,-0.007518690254247525,3,0
2026-07-15,RealEstate,-0.023970617924132426,3,0
2026-07-16,RealEstate,0.04838677270282014,3,0
2026-07-17,RealEstate,-0.00985311912507906,3,0
2026-07-20,RealEstate,-0.01381101749351791,3,0
2026-07-21,RealEstate,-0.0012922784837470596,3,0
2026-07-22,RealEstate,-0.046532490860237585,3,0
2026-07-23,RealEstate,0.03566912498134663,3,0
2026-07-24,RealEstate,0.00010930558064266756,3,0
2026-07-27,RealEstate,-0.0032452195286545304,3,0
2024-01-03,SteelMaterials,0.018091555212196592,3,0
2024-01-04,SteelMaterials,-0.004723250872967766,3,0
2024-01-05,SteelMaterials,-0.0008943501379703825,3,0
2024-01-08,SteelMaterials,-0.002983023594959463,3,0
2024-01-09,SteelMaterials,-0.012079379443870017,3,0
2024-01-10,SteelMaterials,-0.014209898463116563,3,0
2024-01-11,SteelMaterials,0.01362491673686006,3,0
2024-01-12,SteelMaterials,-0.012312152781526198,3,0
2024-01-15,SteelMaterials,-0.002827582120183562,3,0
2024-01-16,SteelMaterials,0.051506675143038784,3,0
2024-01-17,SteelMaterials,-0.006736747433614336,3,0
2024-01-18,SteelMaterials,0.003924803932398098,3,0
2024-01-19,SteelMaterials,-0.0021878267418139843,3,0
2024-01-22,SteelMaterials,0.017558996224954788,3,0
2024-01-23,SteelMaterials,-0.0037626865760341057,3,0
2024-01-24,SteelMaterials,-0.004417874995672551,3,0
2024-01-25,SteelMaterials,0.008340617715617707,3,0
2024-01-26,SteelMaterials,0.010200785091621256,3,0
2024-01-29,SteelMaterials,-0.022435094571377046,3,0
2024-01-30,SteelMaterials,0.007639604999488014,3,0
2024-01-31,SteelMaterials,-0.017096762479972345,3,0
2024-02-01,SteelMaterials,-0.0016571459003305034,3,0
2024-02-02,SteelMaterials,0.0040414232607541845,3,0
2024-02-05,SteelMaterials,0.004810840681922501,3,0
2024-02-06,SteelMaterials,-0.0002467602617192884,3,0
2024-02-07,SteelMaterials,0.0047689162359805986,3,0
2024-02-15,SteelMaterials,0.014250486937785523,3,0
2024-02-16,SteelMaterials,-0.004076254505377741,3,0
2024-02-19,SteelMaterials,0.004564784112864577,3,0
2024-02-20,SteelMaterials,-0.005652664236076577,3,0
2024-02-21,SteelMaterials,-0.013205109833799744,3,0
2024-02-22,SteelMaterials,-0.008650349975255415,3,0
2024-02-23,SteelMaterials,-0.01374589285600684,3,0
2024-02-26,SteelMaterials,0.01406821311890886,3,0
2024-02-27,SteelMaterials,0.029640306523867583,3,0
2024-02-28,SteelMaterials,0.003984929454841672,3,0
2024-02-29,SteelMaterials,-0.0004162503140035338,3,0
2024-03-01,SteelMaterials,0.005428711561019761,3,0
2024-03-04,SteelMaterials,0.009566507914879674,3,0
2024-03-05,SteelMaterials,0.007120474884529345,3,0
2024-03-06,SteelMaterials,-0.012353231645014562,3,0
2024-03-07,SteelMaterials,0.00026993620503693955,3,0
2024-03-08,SteelMaterials,-0.022482809305217104,3,0
2024-03-11,SteelMaterials,-0.0160502371753339,3,0
2024-03-12,SteelMaterials,0.00044053764065058826,3,0
2024-03-13,SteelMaterials,0.02823196155051318,3,0
2024-03-14,SteelMaterials,-0.012205303143621005,3,0
2024-03-15,SteelMaterials,0.0006526947567944141,3,0
2024-03-18,SteelMaterials,-0.022588456327061596,3,0
2024-03-19,SteelMaterials,0.03187483713716377,3,0
2024-03-20,SteelMaterials,0.0038365718495834513,3,0
2024-03-21,SteelMaterials,0.010531843108208502,3,0
2024-03-22,SteelMaterials,0.01336724395748908,3,0
2024-03-25,SteelMaterials,-0.010000200897648193,3,0
2024-03-26,SteelMaterials,0.020196490155734475,3,0
2024-03-27,SteelMaterials,0.009056012299361704,3,0
2024-03-28,SteelMaterials,2.4367751960944577e-05,3,0
2024-03-29,SteelMaterials,-0.014339132825637294,3,0
2024-04-01,SteelMaterials,-0.0009257472279365168,3,0
2024-04-02,SteelMaterials,0.01614780084841705,3,0
2024-04-03,SteelMaterials,-0.020154710480816334,3,0
2024-04-04,SteelMaterials,-0.014950837147140553,3,0
2024-04-05,SteelMaterials,-0.019322163246136708,3,0
2024-04-08,SteelMaterials,0.003597917458904106,3,0
2024-04-09,SteelMaterials,0.013863837570335416,3,0
2024-04-10,SteelMaterials,-0.009931797901617653,3,0
2024-04-11,SteelMaterials,0.019575103731958476,3,0
2024-04-12,SteelMaterials,0.001938652888403114,3,0
2024-04-15,SteelMaterials,-0.06297193253218743,3,0
2024-04-16,SteelMaterials,-0.0158069334378671,3,0
2024-04-17,SteelMaterials,-0.02528677841606027,3,0
2024-04-19,SteelMaterials,-0.025136767031788836,3,0
2024-04-22,SteelMaterials,0.02721215589073589,3,0
2024-04-23,SteelMaterials,-0.03897033433781031,3,0
2024-04-24,SteelMaterials,0.04254230002198408,3,0
2024-04-25,SteelMaterials,-0.009080879547971024,3,0
2024-04-26,SteelMaterials,-0.006636837140260199,3,0
2024-05-02,SteelMaterials,0.018452629967557626,3,0
2024-05-03,SteelMaterials,0.008480995184800092,3,0
2024-05-06,SteelMaterials,0.022925633317341543,3,0
2024-05-07,SteelMaterials,0.013329165572954826,3,0
2024-05-08,SteelMaterials,0.011239864034410537,3,0
2024-05-09,SteelMaterials,-0.00661813706085997,3,0
2024-05-10,SteelMaterials,0.006114370740011532,3,0
2024-05-13,SteelMaterials,0.0042428428855085425,3,0
2024-05-14,SteelMaterials,-0.0017487096814505776,3,0
2024-05-15,SteelMaterials,0.022926372385072336,3,0
2024-05-16,SteelMaterials,0.00987396201844352,3,0
2024-05-17,SteelMaterials,0.00865164970343102,3,0
2024-05-20,SteelMaterials,0.011145309957319549,3,0
2024-05-21,SteelMaterials,-0.0065772501688110925,3,0
2024-05-22,SteelMaterials,-0.004793179257575979,3,0
2024-05-23,SteelMaterials,0.027832674351174685,3,0
2024-05-24,SteelMaterials,-0.029090027712567856,3,0
2024-05-27,SteelMaterials,0.008156834632064033,3,0
2024-05-28,SteelMaterials,0.005836554681961648,3,0
2024-05-29,SteelMaterials,-0.013280772304005742,3,0
2024-05-30,SteelMaterials,-0.01407775043605423,3,0
2024-05-31,SteelMaterials,0.008620847396442496,3,0
2024-06-03,SteelMaterials,0.01910505109715155,3,0
2024-06-04,SteelMaterials,0.024242488386904643,3,0
2024-06-05,SteelMaterials,-0.0006116207951070152,3,0
2024-06-06,SteelMaterials,0.008206358337572514,3,0
2024-06-07,SteelMaterials,0.0,3,0
2024-06-10,SteelMaterials,0.017652924144951603,3,0
2024-06-11,SteelMaterials,0.0023268868088348973,3,0
2024-06-12,SteelMaterials,0.009184208116714684,3,0
2024-06-13,SteelMaterials,-0.0023486063604331773,3,0
2024-06-14,SteelMaterials,-0.02757514042494913,3,0
2024-06-17,SteelMaterials,0.04101606630474993,3,0
2024-06-18,SteelMaterials,-0.003067278615442648,3,0
2024-06-19,SteelMaterials,-0.001316247913629498,3,0
2024-06-20,SteelMaterials,-0.005150062155922545,3,0
2024-06-21,SteelMaterials,-0.01219767533326858,3,0
2024-06-24,SteelMaterials,-0.035514980313929266,3,0
2024-06-25,SteelMaterials,0.020556225492555386,3,0
2024-06-26,SteelMaterials,0.005723887596519391,3,0
2024-06-27,SteelMaterials,-0.006505313398393331,3,0
2024-06-28,SteelMaterials,-0.03400418733768914,3,0
2024-07-01,SteelMaterials,0.013321134672592475,3,0
2024-07-02,SteelMaterials,0.021932527114999784,3,0
2024-07-03,SteelMaterials,0.0013425160489436057,3,0
2024-07-04,SteelMaterials,9.311644236242866e-05,3,0
2024-07-05,SteelMaterials,-0.0038515432312810813,3,0
2024-07-08,SteelMaterials,0.016474933330590618,3,0
2024-07-09,SteelMaterials,0.0022741575247441728,3,0
2024-07-10,SteelMaterials,0.0002114205013347877,3,0
2024-07-11,SteelMaterials,-0.01187383394701739,3,0
2024-07-12,SteelMaterials,0.006095678525994945,3,0
2024-07-15,SteelMaterials,-0.005285925265039719,3,0
2024-07-16,SteelMaterials,-0.007297561657234719,3,0
2024-07-17,SteelMaterials,-0.019062839936982545,3,0
2024-07-18,SteelMaterials,0.017863689290340694,3,0
2024-07-19,SteelMaterials,-0.02327242944155013,3,0
2024-07-22,SteelMaterials,-0.024595205445978114,3,0
2024-07-23,SteelMaterials,-0.014536464581455818,3,0
2024-07-24,SteelMaterials,0.008943001689806662,3,0
2024-07-25,SteelMaterials,-0.007605866718330893,3,0
2024-07-26,SteelMaterials,0.007671811831535684,3,0
2024-07-29,SteelMaterials,0.01109561265597018,3,0
2024-07-30,SteelMaterials,-0.007140194827165658,3,0
2024-07-31,SteelMaterials,-0.03710521066523901,3,0
2024-08-01,SteelMaterials,-0.041445217397695765,3,0
2024-08-02,SteelMaterials,0.02605842114585107,3,0
2024-08-05,SteelMaterials,-0.061293498495930576,3,0
2024-08-06,SteelMaterials,0.027679665051976016,3,0
2024-08-07,SteelMaterials,0.0009204697776512191,3,0
2024-08-08,SteelMaterials,-0.014571440687979628,3,0
2024-08-09,SteelMaterials,0.017089942191775176,3,0
2024-08-12,SteelMaterials,-0.0011124705427444,3,0
2024-08-13,SteelMaterials,-0.01746199377088668,3,0
2024-08-14,SteelMaterials,-0.010559821006183467,3,0
2024-08-15,SteelMaterials,-0.024438739557396023,3,0
2024-08-16,SteelMaterials,0.03117374187552017,3,0
2024-08-19,SteelMaterials,0.016355654305512262,3,0
2024-08-20,SteelMaterials,0.0072199768284208305,3,0
2024-08-21,SteelMaterials,0.013211549110435502,3,0
2024-08-22,SteelMaterials,-0.014165691987461612,3,0
2024-08-23,SteelMaterials,0.020987465358528173,3,0
2024-08-26,SteelMaterials,-0.00766865193081238,3,0
2024-08-27,SteelMaterials,-0.007793527398402962,3,0
2024-08-28,SteelMaterials,0.005553786248400454,3,0
2024-08-29,SteelMaterials,-0.003101913114288646,3,0
2024-08-30,SteelMaterials,-0.005698333646557696,3,0
2024-09-04,SteelMaterials,-0.018183575618139547,3,0
2024-09-05,SteelMaterials,-0.01921796431394085,3,0
2024-09-06,SteelMaterials,0.008047296106809654,3,0
2024-09-09,SteelMaterials,0.018871923248578188,3,0
2024-09-10,SteelMaterials,-0.017175871992466656,3,0
2024-09-11,SteelMaterials,0.012489317181976508,3,0
2024-09-12,SteelMaterials,-0.009073281290871224,3,0
2024-09-13,SteelMaterials,-0.00767886836524867,3,0
2024-09-16,SteelMaterials,-0.014060599456871955,3,0
2024-09-17,SteelMaterials,0.02005033429361484,3,0
2024-09-18,SteelMaterials,0.001170129184227579,3,0
2024-09-19,SteelMaterials,0.008624977376319398,3,0
2024-09-20,SteelMaterials,0.005994602403827987,3,0
2024-09-23,SteelMaterials,-0.005669363506751919,3,0
2024-09-24,SteelMaterials,0.00036909460706173,3,0
2024-09-25,SteelMaterials,0.023175590084878978,3,0
2024-09-26,SteelMaterials,0.0011450978430515384,3,0
2024-09-27,SteelMaterials,0.0032216709677849544,3,0
2024-09-30,SteelMaterials,0.013196714097038006,3,0
2024-10-01,SteelMaterials,0.005102040816326481,3,0
2024-10-02,SteelMaterials,-0.005527638190954735,3,0
2024-10-03,SteelMaterials,-0.016773817871014878,3,0
2024-10-04,SteelMaterials,0.005600558541735061,3,0
2024-10-07,SteelMaterials,0.0032160362503435014,3,0
2024-10-08,SteelMaterials,0.016594406642545856,3,0
2024-10-09,SteelMaterials,0.005980870713775288,3,0
2024-10-10,SteelMaterials,-0.014711918418890376,3,0
2024-10-11,SteelMaterials,0.0021515979012313538,3,0
2024-10-14,SteelMaterials,-0.00547297009826427,3,0
2024-10-15,SteelMaterials,-0.002556217663797211,3,0
2024-10-16,SteelMaterials,-0.012382791452241379,3,0
2024-10-17,SteelMaterials,0.008841190212544925,3,0
2024-10-18,SteelMaterials,-0.011284386646708758,3,0
2024-10-21,SteelMaterials,-0.012046825139094497,3,0
2024-10-22,SteelMaterials,-0.005402459012611087,3,0
2024-10-23,SteelMaterials,-0.000948139274027926,3,0
2024-10-24,SteelMaterials,0.0032959789057350384,3,0
2024-10-25,SteelMaterials,-0.0032637075718015738,3,0
2024-10-28,SteelMaterials,0.015340819191378419,3,0
2024-10-29,SteelMaterials,0.003507559933283814,3,0
2024-10-30,SteelMaterials,-0.007687640908358236,3,0
2024-10-31,SteelMaterials,-0.003080592734840885,3,0
2024-11-01,SteelMaterials,2.385359014589472e-05,3,0
2024-11-04,SteelMaterials,-0.0112753618538316,3,0
2024-11-05,SteelMaterials,0.006462121818295567,3,0
2024-11-06,SteelMaterials,0.018754350936205217,3,0
2024-11-07,SteelMaterials,-0.0033016603529424002,3,0
2024-11-08,SteelMaterials,0.003124215776859692,3,0
2024-11-11,SteelMaterials,0.01258696401690503,3,0
2024-11-12,SteelMaterials,-0.010289681084039937,3,0
2024-11-13,SteelMaterials,-0.016832738651540002,3,0
2024-11-14,SteelMaterials,-0.03771550441877477,3,0
2024-11-15,SteelMaterials,-0.029821753506948823,3,0
2024-11-18,SteelMaterials,0.002021921341070302,3,0
2024-11-19,SteelMaterials,-0.01254852346635956,3,0
2024-11-20,SteelMaterials,0.011265906795482339,3,0
2024-11-21,SteelMaterials,0.009405776353409149,3,0
2024-11-22,SteelMaterials,0.004024993967327584,3,0
2024-11-25,SteelMaterials,0.0016256735971891627,3,0
2024-11-26,SteelMaterials,0.006734729758115361,3,0
2024-11-27,SteelMaterials,-0.0014198498039452352,3,0
2024-11-28,SteelMaterials,0.0013912783572856229,3,0
2024-11-29,SteelMaterials,0.004412763068567527,3,0
2024-12-02,SteelMaterials,0.001842546063651677,3,0
2024-12-03,SteelMaterials,-0.008167028895089764,3,0
2024-12-04,SteelMaterials,-0.019813291170126535,3,0
2024-12-05,SteelMaterials,0.03527970475636392,3,0
2024-12-06,SteelMaterials,-0.01078705748925494,3,0
2024-12-09,SteelMaterials,0.016345394877172497,3,0
2024-12-10,SteelMaterials,0.004967491643954676,3,0
2024-12-11,SteelMaterials,-0.007143041514874475,3,0
2024-12-12,SteelMaterials,-0.006489168875834506,3,0
2024-12-13,SteelMaterials,-0.01672602550625298,3,0
2024-12-16,SteelMaterials,-0.005815652839391043,3,0
2024-12-17,SteelMaterials,-0.008977520881892668,3,0
2024-12-18,SteelMaterials,0.01785413767488871,3,0
2024-12-19,SteelMaterials,0.001663634488061912,3,0
2024-12-20,SteelMaterials,-0.005367160910857797,3,0
2024-12-23,SteelMaterials,0.0009520251920457726,3,0
2024-12-24,SteelMaterials,-0.0015706516285497834,3,0
2024-12-25,SteelMaterials,0.014436894443432694,3,0
2024-12-26,SteelMaterials,-0.0062301925556793964,3,0
2024-12-27,SteelMaterials,-0.008060484236378026,3,0
2024-12-30,SteelMaterials,-0.0015731889264455716,3,0
2024-12-31,SteelMaterials,-0.010207315172053052,3,0
2025-01-02,SteelMaterials,0.012562508288241606,3,0
2025-01-03,SteelMaterials,-0.019864438853985922,3,0
2025-01-06,SteelMaterials,-0.024731327386206647,3,0
2025-01-07,SteelMaterials,-0.008438818565400852,3,0
2025-01-08,SteelMaterials,0.013564827845013635,3,0
2025-01-09,SteelMaterials,-0.01099540744314198,3,0
2025-01-10,SteelMaterials,-0.019751085181094547,3,0
2025-01-13,SteelMaterials,0.00816044258888915,3,0
2025-01-14,SteelMaterials,-0.013638142259055575,3,0
2025-01-15,SteelMaterials,0.029695755093627502,3,0
2025-01-16,SteelMaterials,-0.0034590127520053304,3,0
2025-01-17,SteelMaterials,0.007306430627828838,3,0
2025-01-20,SteelMaterials,-0.005534255767171777,3,0
2025-01-21,SteelMaterials,-0.01049339634962613,3,0
2025-01-22,SteelMaterials,-0.011816983843437545,3,0
2025-01-23,SteelMaterials,0.01721333667644583,3,0
2025-01-24,SteelMaterials,-0.005209098350334303,3,0
2025-02-03,SteelMaterials,0.008399489590798392,3,0
2025-02-04,SteelMaterials,0.027342522040048795,3,0
2025-02-05,SteelMaterials,-0.0015303521562909743,3,0
2025-02-06,SteelMaterials,-0.004031397467500512,3,0
2025-02-07,SteelMaterials,-0.006213244118743688,3,0
2025-02-10,SteelMaterials,-0.042795075417897434,3,0
2025-02-11,SteelMaterials,0.010071249484142694,3,0
2025-02-12,SteelMaterials,-0.009161016068002978,3,0
2025-02-13,SteelMaterials,0.0007152003169251057,3,0
2025-02-14,SteelMaterials,0.014719409036357009,3,0
2025-02-17,SteelMaterials,0.000514933058702353,3,0
2025-02-18,SteelMaterials,0.014949095268590154,3,0
2025-02-19,SteelMaterials,0.0027327058230466696,3,0
2025-02-20,SteelMaterials,0.010287920920298621,3,0
2025-02-21,SteelMaterials,-0.004796203512143493,3,0
2025-02-24,SteelMaterials,0.030710634044476715,3,0
2025-02-25,SteelMaterials,-0.009750067005299198,3,0
2025-02-26,SteelMaterials,0.011634225091131656,3,0
2025-02-27,SteelMaterials,0.05465157019985112,3,0
2025-02-28,SteelMaterials,0.002660867871572048,3,0
2025-03-03,SteelMaterials,-0.0010154838101726904,3,0
2025-03-04,SteelMaterials,-0.009838719177096777,3,0
2025-03-05,SteelMaterials,-0.016207022027387958,3,0
2025-03-06,SteelMaterials,0.029587928056272455,3,0
2025-03-07,SteelMaterials,-0.001306785911305619,3,0
2025-03-10,SteelMaterials,-0.00931371431322984,3,0
2025-03-11,SteelMaterials,0.015103870532038988,3,0
2025-03-12,SteelMaterials,-0.008086231575930136,3,0
2025-03-13,SteelMaterials,-0.0006941846846418853,3,0
2025-03-14,SteelMaterials,-0.00886917122223548,3,0
2025-03-17,SteelMaterials,0.011670108740363819,3,0
2025-03-18,SteelMaterials,-0.02206589700304684,3,0
2025-03-19,SteelMaterials,-0.026865890936375442,3,0
2025-03-20,SteelMaterials,0.008398372352406517,3,0
2025-03-21,SteelMaterials,-0.002748625687156392,3,0
2025-03-24,SteelMaterials,-0.000178429088783331,3,0
2025-03-25,SteelMaterials,0.005401031490811947,3,0
2025-03-26,SteelMaterials,0.006027962930533981,3,0
2025-03-27,SteelMaterials,-0.01039022075147189,3,0
2025-03-28,SteelMaterials,-0.015347127314456014,3,0
2025-03-31,SteelMaterials,-0.009771307765054527,3,0
2025-04-01,SteelMaterials,0.014141611328089812,3,0
2025-04-02,SteelMaterials,0.010027085930860583,3,0
2025-04-03,SteelMaterials,-0.06926160463996844,3,0
2025-04-04,SteelMaterials,-0.05171799292244187,3,0
2025-04-08,SteelMaterials,-0.06874650026320821,3,0
2025-04-09,SteelMaterials,-0.06851949502620969,3,0
2025-04-10,SteelMaterials,0.06844873697065539,3,0
2025-04-11,SteelMaterials,0.03651069510678151,3,0
2025-04-14,SteelMaterials,0.008165358282815541,3,0
2025-04-15,SteelMaterials,-0.016203515638904837,3,0
2025-04-16,SteelMaterials,-0.015339406519621956,3,0
2025-04-17,SteelMaterials,-3.696859875298072e-05,3,0
2025-04-18,SteelMaterials,0.010006252532111182,3,0
2025-04-21,SteelMaterials,-0.021798605178273145,3,0
2025-04-22,SteelMaterials,-0.0339144846702765,3,0
2025-04-23,SteelMaterials,0.04991159412710999,3,0
2025-04-24,SteelMaterials,0.00134653746750583,3,0
2025-04-25,SteelMaterials,-0.0008995880538561485,3,0
2025-04-28,SteelMaterials,0.00830244251632232,3,0
2025-04-29,SteelMaterials,-0.001179440414173986,3,0
2025-05-05,SteelMaterials,0.036001826532634285,3,0
2025-05-06,SteelMaterials,-0.01427488369205454,3,0
2025-05-07,SteelMaterials,0.006702572554135015,3,0
2025-05-08,SteelMaterials,0.012820351262066229,3,0
2025-05-09,SteelMaterials,-0.00011698342953114782,3,0
2025-05-12,SteelMaterials,-0.000817719823943297,3,0
2025-05-13,SteelMaterials,0.01045747014877326,3,0
2025-05-14,SteelMaterials,0.022211807485027713,3,0
2025-05-15,SteelMaterials,0.010932947408073638,3,0
2025-05-16,SteelMaterials,0.005867411965425211,3,0
2025-05-19,SteelMaterials,-0.012427213498128031,3,0
2025-05-20,SteelMaterials,0.0025222707423580757,3,0
2025-05-21,SteelMaterials,0.0018090610638427835,3,0
2025-05-22,SteelMaterials,-0.001388325472559478,3,0
2025-05-23,SteelMaterials,-0.003584814905569648,3,0
2025-05-26,SteelMaterials,0.009103901997480235,3,0
2025-05-27,SteelMaterials,0.006563926940639305,3,0
2025-05-28,SteelMaterials,0.0001840165380638803,3,0
2025-05-29,SteelMaterials,-0.0008942498474571181,3,0
2025-05-30,SteelMaterials,0.00793005516438905,3,0
2025-06-02,SteelMaterials,-0.013940286395591603,3,0
2025-06-03,SteelMaterials,0.0183974178889544,3,0
2025-06-04,SteelMaterials,-0.0049289510935596565,3,0
2025-06-05,SteelMaterials,0.0029744848568912983,3,0
2025-06-06,SteelMaterials,0.0006477679939549027,3,0
2025-06-09,SteelMaterials,-0.00813402979685999,3,0
2025-06-10,SteelMaterials,-0.007130912302553916,3,0
2025-06-11,SteelMaterials,-0.0004538880299628974,3,0
2025-06-12,SteelMaterials,0.032694813459125616,3,0
2025-06-13,SteelMaterials,-0.019484974994019355,3,0
2025-06-16,SteelMaterials,0.016319163433423656,3,0
2025-06-17,SteelMaterials,0.0103634404268765,3,0
2025-06-18,SteelMaterials,0.0024662199229651773,3,0
2025-06-19,SteelMaterials,-0.010072175952086463,3,0
2025-06-20,SteelMaterials,-0.0026298840020117695,3,0
2025-06-23,SteelMaterials,-0.009469472596148165,3,0
2025-06-24,SteelMaterials,0.015028272234924275,3,0
2025-06-25,SteelMaterials,0.0073228803716608075,3,0
2025-06-26,SteelMaterials,-0.00048579269435962874,3,0
2025-06-27,SteelMaterials,-0.004165826571156199,3,0
2025-06-30,SteelMaterials,-0.0024599142650718977,3,0
2025-07-01,SteelMaterials,0.0026548833203677478,3,0
2025-07-02,SteelMaterials,0.018168430093987276,3,0
2025-07-03,SteelMaterials,0.006067750543824024,3,0
2025-07-04,SteelMaterials,-0.0005251647593793966,3,0
2025-07-07,SteelMaterials,0.013976258615482942,3,0
2025-07-08,SteelMaterials,0.027404662636260662,3,0
2025-07-09,SteelMaterials,-0.0002259781346674409,3,0
2025-07-10,SteelMaterials,0.00831672959952486,3,0
2025-07-11,SteelMaterials,0.009240338445649901,3,0
2025-07-14,SteelMaterials,0.002238991884399392,3,0
2025-07-15,SteelMaterials,0.0006356612929775407,3,0
2025-07-16,SteelMaterials,0.011867413406216812,3,0
2025-07-17,SteelMaterials,0.00031576527232228074,3,0
2025-07-18,SteelMaterials,-0.002255241863776051,3,0
2025-07-21,SteelMaterials,0.007165909820535443,3,0
2025-07-22,SteelMaterials,0.005130501209335077,3,0
2025-07-23,SteelMaterials,0.024417831725545125,3,0
2025-07-24,SteelMaterials,-0.012586250509099043,3,0
2025-07-25,SteelMaterials,0.008361240042197071,3,0
2025-07-28,SteelMaterials,0.03942907482268857,3,0
2025-07-29,SteelMaterials,-0.03682528890279898,3,0
2025-07-30,SteelMaterials,0.026710130133520044,3,0
2025-07-31,SteelMaterials,-0.017492778339790387,3,0
2025-08-01,SteelMaterials,-0.013490160890293349,3,0
2025-08-04,SteelMaterials,0.008456892238580668,3,0
2025-08-05,SteelMaterials,0.021679953146951814,3,0
2025-08-06,SteelMaterials,0.019169922107701447,3,0
2025-08-07,SteelMaterials,0.041068480746933776,3,0
2025-08-08,SteelMaterials,-0.012537897367454143,3,0
2025-08-11,SteelMaterials,0.009048111332007927,3,0
2025-08-12,SteelMaterials,0.008712753658403813,3,0
2025-08-13,SteelMaterials,-0.013064844268059614,3,0
2025-08-14,SteelMaterials,-0.0018802383397146238,3,0
2025-08-15,SteelMaterials,0.00047933172658398693,3,0
2025-08-18,SteelMaterials,0.01786828296836392,3,0
2025-08-19,SteelMaterials,-0.010208663219693973,3,0
2025-08-20,SteelMaterials,-0.03749824528485416,3,0
2025-08-21,SteelMaterials,-0.0038714021735725876,3,0
2025-08-22,SteelMaterials,-0.039988324773465776,3,0
2025-08-25,SteelMaterials,-0.006439101636127413,3,0
2025-08-26,SteelMaterials,0.036133625171237714,3,0
2025-08-27,SteelMaterials,-0.011313959309575905,3,0
2025-08-28,SteelMaterials,0.007139731329646626,3,0
2025-08-29,SteelMaterials,0.006121358956849991,3,0
2025-09-03,SteelMaterials,0.05392235923406926,3,0
2025-09-04,SteelMaterials,0.06542550217766507,3,0
2025-09-05,SteelMaterials,-0.02637103829219393,3,0
2025-09-08,SteelMaterials,0.0016000201349656296,3,0
2025-09-09,SteelMaterials,-0.0056702813052043055,3,0
2025-09-10,SteelMaterials,-0.00864153357837801,3,0
2025-09-11,SteelMaterials,0.0360785477028401,3,0
2025-09-12,SteelMaterials,0.02603853089282519,3,0
2025-09-15,SteelMaterials,0.008712679674503399,3,0
2025-09-16,SteelMaterials,-0.015613164876925545,3,0
2025-09-17,SteelMaterials,-0.020207614833814096,3,0
2025-09-18,SteelMaterials,0.009718193926251839,3,0
2025-09-19,SteelMaterials,-0.01042282518200995,3,0
2025-09-22,SteelMaterials,-0.03877100293543545,3,0
2025-09-23,SteelMaterials,-0.0015068051684350807,3,0
2025-09-24,SteelMaterials,0.02058506927750603,3,0
2025-09-25,SteelMaterials,-0.0028281270086129018,3,0
2025-09-26,SteelMaterials,-0.006329961617041506,3,0
2025-09-29,SteelMaterials,-0.0074337359818146265,3,0
2025-09-30,SteelMaterials,-0.016233749161483308,3,0
2025-10-01,SteelMaterials,0.002766033293540341,3,0
2025-10-02,SteelMaterials,-0.02129741279016306,3,0
2025-10-03,SteelMaterials,-0.021577102701413848,3,0
2025-10-06,SteelMaterials,0.051806634699260355,3,0
2025-10-07,SteelMaterials,-0.01424937668747106,3,0
2025-10-08,SteelMaterials,0.015333910617849167,3,0
2025-10-09,SteelMaterials,-0.0009828764332253288,3,0
2025-10-10,SteelMaterials,0.012695516751466554,3,0
2025-10-13,SteelMaterials,-0.021153822985435704,3,0
2025-10-14,SteelMaterials,-0.02152222206377774,3,0
2025-10-15,SteelMaterials,0.0007046103394683737,3,0
2025-10-16,SteelMaterials,0.009785367789431954,3,0
2025-10-17,SteelMaterials,-0.0014736106471735881,3,0
2025-10-20,SteelMaterials,-0.06850338173460846,3,0
2025-10-21,SteelMaterials,-0.012473469206881157,3,0
2025-10-22,SteelMaterials,0.003022609059656308,3,0
2025-10-23,SteelMaterials,-0.007890220488242025,3,0
2025-10-24,SteelMaterials,-0.01351257139940957,3,0
2025-10-27,SteelMaterials,0.008392190544530628,3,0
2025-10-28,SteelMaterials,0.02281808098663703,3,0
2025-10-29,SteelMaterials,0.009563408579306673,3,0
2025-10-30,SteelMaterials,-0.01735832879267296,3,0
2025-10-31,SteelMaterials,0.0006107911875694594,3,0
2025-11-03,SteelMaterials,-0.003985908346594698,3,0
2025-11-04,SteelMaterials,0.029127800948467304,3,0
2025-11-05,SteelMaterials,-0.003538238450524515,3,0
2025-11-06,SteelMaterials,-0.008223339841541407,3,0
2025-11-07,SteelMaterials,-0.00472468140488036,3,0
2025-11-10,SteelMaterials,-0.0020110258063079276,3,0
2025-11-11,SteelMaterials,0.005024212717637866,3,0
2025-11-12,SteelMaterials,0.022136360969312967,3,0
2025-11-13,SteelMaterials,-0.009547516967528277,3,0
2025-11-14,SteelMaterials,0.006306844058920236,3,0
2025-11-17,SteelMaterials,0.011919991302230537,3,0
2025-11-18,SteelMaterials,0.004477664559341917,3,0
2025-11-19,SteelMaterials,0.00037165579062581333,3,0
2025-11-20,SteelMaterials,-0.01608649821605057,3,0
2025-11-21,SteelMaterials,-0.00411284372728075,3,0
2025-11-24,SteelMaterials,-0.009481758065468878,3,0
2025-11-25,SteelMaterials,-0.01236273493666551,3,0
2025-11-26,SteelMaterials,0.015598297501206856,3,0
2025-11-27,SteelMaterials,-0.007560991133717665,3,0
2025-11-28,SteelMaterials,-0.010049086305325897,3,0
2025-12-01,SteelMaterials,-0.00878636161586229,3,0
2025-12-02,SteelMaterials,-0.001145475372279529,3,0
2025-12-03,SteelMaterials,0.010075638281142737,3,0
2025-12-04,SteelMaterials,0.014237165108792471,3,0
2025-12-05,SteelMaterials,-0.011599672931462099,3,0
2025-12-08,SteelMaterials,-0.013451411900497071,3,0
2025-12-09,SteelMaterials,-0.006422163580160234,3,0
2025-12-10,SteelMaterials,0.00088936910742754,3,0
2025-12-11,SteelMaterials,-0.0023150524932421166,3,0
2025-12-12,SteelMaterials,-0.048373208994125304,3,0
2025-12-15,SteelMaterials,0.003159557661927289,3,0
2025-12-16,SteelMaterials,0.025816295046000876,3,0
2025-12-17,SteelMaterials,-0.007045813737810547,3,0
2025-12-18,SteelMaterials,-0.003148678656789805,3,0
2025-12-19,SteelMaterials,0.010305048824371443,3,0
2025-12-22,SteelMaterials,0.01224584391619099,3,0
2025-12-23,SteelMaterials,-0.010557814766505488,3,0
2025-12-24,SteelMaterials,0.0008925852533871644,3,0
2025-12-25,SteelMaterials,-0.006074338079616474,3,0
2025-12-26,SteelMaterials,0.01610043788945011,3,0
2025-12-29,SteelMaterials,-0.0015478886437515123,3,0
2025-12-30,SteelMaterials,-0.013011335539128588,3,0
2025-12-31,SteelMaterials,-0.007959918631922766,3,0
2026-01-05,SteelMaterials,-0.01865443120801032,3,0
2026-01-06,SteelMaterials,-0.003109324537895993,3,0
2026-01-07,SteelMaterials,0.03059203431537531,3,0
2026-01-08,SteelMaterials,-0.005935797625217121,3,0
2026-01-09,SteelMaterials,-0.009007307014071783,3,0
2026-01-12,SteelMaterials,0.048631652921502955,3,0
2026-01-13,SteelMaterials,-0.006292318893926378,3,0
2026-01-14,SteelMaterials,0.004269351539309518,3,0
2026-01-15,SteelMaterials,0.03035486775998549,3,0
2026-01-16,SteelMaterials,-0.005861365953109081,3,0
2026-01-19,SteelMaterials,-0.00423276563429927,3,0
2026-01-20,SteelMaterials,-0.01269096341996708,3,0
2026-01-21,SteelMaterials,-0.020666883481692617,3,0
2026-01-22,SteelMaterials,0.013281729836415623,3,0
2026-01-23,SteelMaterials,-0.009608951320628037,3,0
2026-01-26,SteelMaterials,-0.025610140954414457,3,0
2026-01-27,SteelMaterials,0.001845542305508226,3,0
2026-01-28,SteelMaterials,0.01618261637592533,3,0
2026-01-29,SteelMaterials,0.009352836900586192,3,0
2026-01-30,SteelMaterials,-0.008939469474773717,3,0
2026-02-02,SteelMaterials,-0.01698587982539716,3,0
2026-02-03,SteelMaterials,0.00461667385177759,3,0
2026-02-04,SteelMaterials,0.04756810789291074,3,0
2026-02-05,SteelMaterials,-0.021355552300712326,3,0
2026-02-06,SteelMaterials,-0.03435737748404536,3,0
2026-02-09,SteelMaterials,-0.0006664458022586084,3,0
2026-02-10,SteelMaterials,-0.0036311310467325164,3,0
2026-02-11,SteelMaterials,0.011638744652082478,3,0
2026-02-12,SteelMaterials,0.0005562508691420535,3,0
2026-02-13,SteelMaterials,-0.0027775463927068125,3,0
2026-02-23,SteelMaterials,0.025564563480745983,3,0
2026-02-24,SteelMaterials,0.030036790101345634,3,0
2026-02-25,SteelMaterials,0.019042848620031878,3,0
2026-02-26,SteelMaterials,-0.0017609561849607491,3,0
2026-02-27,SteelMaterials,-0.016256597898014775,3,0
2026-03-02,SteelMaterials,-0.01680392350715476,3,0
2026-03-03,SteelMaterials,-0.01794925775463881,3,0
2026-03-04,SteelMaterials,-0.016121764141898365,3,0
2026-03-05,SteelMaterials,-0.01538153531294025,3,0
2026-03-06,SteelMaterials,-0.009112623972159617,3,0
2026-03-09,SteelMaterials,-0.06885971908685169,3,0
2026-03-10,SteelMaterials,0.04772754340464269,3,0
2026-03-11,SteelMaterials,0.022305610785129604,3,0
2026-03-12,SteelMaterials,-0.025240791930814892,3,0
2026-03-13,SteelMaterials,-0.00315350176482454,3,0
2026-03-16,SteelMaterials,0.0048421812380372575,3,0
2026-03-17,SteelMaterials,0.004967919815197286,3,0
2026-03-18,SteelMaterials,0.00016991276485508097,3,0
2026-03-19,SteelMaterials,-0.008484531058844688,3,0
2026-03-20,SteelMaterials,-0.017929969492997227,3,0
2026-03-23,SteelMaterials,-0.03529873632711,3,0
2026-03-24,SteelMaterials,0.025916738806659234,3,0
2026-03-25,SteelMaterials,0.012658596837250716,3,0
2026-03-26,SteelMaterials,-0.004657728479997236,3,0
2026-03-27,SteelMaterials,0.028310581451946648,3,0
2026-03-30,SteelMaterials,0.008484871848493484,3,0
2026-03-31,SteelMaterials,-0.003637405980554028,3,0
2026-04-01,SteelMaterials,0.00568445826292215,3,0
2026-04-02,SteelMaterials,0.0012652969352870598,3,0
2026-04-03,SteelMaterials,-0.017124250212765757,3,0
2026-04-06,SteelMaterials,-0.004205891969606783,3,0
2026-04-07,SteelMaterials,-0.0004694302615573613,3,0
2026-04-08,SteelMaterials,0.04202614310948046,3,0
2026-04-09,SteelMaterials,0.01664690947231362,3,0
2026-04-10,SteelMaterials,-0.009559227317464688,3,0
2026-04-13,SteelMaterials,-0.0046133797834731665,3,0
2026-04-14,SteelMaterials,0.05393874891975833,3,0
2026-04-15,SteelMaterials,-0.01545405620815162,3,0
2026-04-16,SteelMaterials,-0.0052109241585854464,3,0
2026-04-17,SteelMaterials,-0.0015624805993647388,3,0
2026-04-20,SteelMaterials,0.010642576747398769,3,0
2026-04-21,SteelMaterials,-0.006676206075753736,3,0
2026-04-22,SteelMaterials,-0.008092649550765163,3,0
2026-04-23,SteelMaterials,-0.008853994493936387,3,0
2026-04-24,SteelMaterials,0.002128636199495696,3,0
2026-04-28,SteelMaterials,6.206080167721802e-05,3,0
2026-04-29,SteelMaterials,-0.0008771929824561431,3,0
2026-05-04,SteelMaterials,0.005520585386769916,3,0
2026-05-05,SteelMaterials,-0.013134644766997697,3,0
2026-05-06,SteelMaterials,0.012340549988664481,3,0
2026-05-07,SteelMaterials,0.0031481854671509732,3,0
2026-05-08,SteelMaterials,-0.006346855046895509,3,0
2026-05-11,SteelMaterials,-0.02156267837664194,3,0
2026-05-12,SteelMaterials,0.005214285620083266,3,0
2026-05-13,SteelMaterials,0.0022631368080688516,3,0
2026-05-14,SteelMaterials,-0.001727931637237649,3,0
2026-05-15,SteelMaterials,-0.011205698825615248,3,0
2026-05-18,SteelMaterials,-0.006653614054694408,3,0
2026-05-19,SteelMaterials,-0.0012445137445137682,3,0
2026-05-20,SteelMaterials,-0.006805656063204564,3,0
2026-05-21,SteelMaterials,0.014968846381612591,3,0
2026-05-22,SteelMaterials,0.01339239182907718,3,0
2026-05-25,SteelMaterials,-0.0005536340513612922,3,0
2026-05-26,SteelMaterials,0.013480482091597171,3,0
2026-05-27,SteelMaterials,-0.0037238265156469184,3,0
2026-05-28,SteelMaterials,-0.014627077128684385,3,0
2026-05-29,SteelMaterials,-0.0037269929652207954,3,0
2026-06-01,SteelMaterials,0.000694444444444479,3,0
2026-06-02,SteelMaterials,-0.015564824405343644,3,0
2026-06-03,SteelMaterials,0.011809781143464537,3,0
2026-06-04,SteelMaterials,-0.009259562471007862,3,0
2026-06-05,SteelMaterials,-0.004456146750699756,3,0
2026-06-08,SteelMaterials,-0.02439831374552885,3,0
2026-06-09,SteelMaterials,0.006437768240343367,3,0
2026-06-10,SteelMaterials,0.006034220072150968,3,0
2026-06-11,SteelMaterials,-0.0070166299448184795,3,0
2026-06-12,SteelMaterials,-0.004255473921582949,3,0
2026-06-15,SteelMaterials,0.0364200567899123,3,0
2026-06-16,SteelMaterials,0.0034346775886879475,3,0
2026-06-17,SteelMaterials,-0.005519848259043429,3,0
2026-06-18,SteelMaterials,-0.00890027947224481,3,0
2026-06-19,SteelMaterials,-0.008787050952223282,3,0
2026-06-22,SteelMaterials,-0.001366120218579218,3,0
2026-06-23,SteelMaterials,-0.015303057143404705,3,0
2026-06-24,SteelMaterials,7.183005010143646e-05,3,0
2026-06-25,SteelMaterials,-0.0028368794326241176,3,0
2026-06-26,SteelMaterials,-0.002830971185401543,3,0
2026-06-29,SteelMaterials,0.012087721916178573,3,0
2026-06-30,SteelMaterials,-0.006351491160991392,3,0
2026-07-01,SteelMaterials,0.004959313060171426,3,0
2026-07-02,SteelMaterials,-0.009115428796312849,3,0
2026-07-03,SteelMaterials,-0.0007724132977682263,3,0
2026-07-06,SteelMaterials,-0.002258762742633739,3,0
2026-07-07,SteelMaterials,-0.0012992168609476569,3,0
2026-07-08,SteelMaterials,0.010017880670054527,3,0
2026-07-09,SteelMaterials,-0.009830237102964379,3,0
2026-07-10,SteelMaterials,-0.007939780109945041,3,0
2026-07-13,SteelMaterials,-0.01789873879715842,3,0
2026-07-14,SteelMaterials,0.013225986975987128,3,0
2026-07-15,SteelMaterials,0.0014045214045213712,3,0
2026-07-16,SteelMaterials,-0.011468952533366586,3,0
2026-07-17,SteelMaterials,-0.025419956454439174,3,0
2026-07-20,SteelMaterials,-0.06066497862370224,3,0
2026-07-21,SteelMaterials,0.003311483705986662,3,0
2026-07-22,SteelMaterials,-0.004762121764491496,3,0
2026-07-23,SteelMaterials,0.006379805464473698,3,0
2026-07-24,SteelMaterials,-0.004731955675351933,3,0
2026-07-27,SteelMaterials,-0.023145312290049052,3,0
2024-01-03,Technology,0.021212071396440917,3,0
2024-01-04,Technology,-0.004120753868472511,3,0
2024-01-05,Technology,-0.009369840838200916,3,0
2024-01-08,Technology,-0.009947094867576722,3,0
2024-01-09,Technology,-0.0031782334272932125,3,0
2024-01-10,Technology,-0.010193308926212064,3,0
2024-01-11,Technology,-0.0029622838249185137,3,0
2024-01-12,Technology,-0.010309958514330623,3,0
2024-01-15,Technology,0.0012695253805160196,3,0
2024-01-16,Technology,0.011336135399444336,3,0
2024-01-17,Technology,-0.005380905012473421,3,0
2024-01-18,Technology,-0.004557724162587336,3,0
2024-01-19,Technology,0.007953539985490346,3,0
2024-01-22,Technology,0.006513143654318358,3,0
2024-01-23,Technology,-0.006509379242701341,3,0
2024-01-24,Technology,-0.00576295017812789,3,0
2024-01-25,Technology,-0.0013168777649040047,3,0
2024-01-26,Technology,0.0074863390077645935,3,0
2024-01-29,Technology,2.773090845694289e-05,3,0
2024-01-30,Technology,-0.00025880726551071503,3,0
2024-01-31,Technology,0.00958618554570704,3,0
2024-02-01,Technology,0.027721882984234208,3,0
2024-02-02,Technology,0.010063256808649501,3,0
2024-02-05,Technology,0.004991453060615954,3,0
2024-02-06,Technology,-0.0052773710560135205,3,0
2024-02-07,Technology,-0.0015473214032999765,3,0
2024-02-15,Technology,-0.0020364618609240623,3,0
2024-02-16,Technology,0.00028750896227125455,3,0
2024-02-19,Technology,0.006093197574001545,3,0
2024-02-20,Technology,0.0068550457851436946,3,0
2024-02-21,Technology,-0.0027061750776889992,3,0
2024-02-22,Technology,-0.00015007807361859063,3,0
2024-02-23,Technology,-0.0038753931648872753,3,0
2024-02-26,Technology,0.03015733368629873,3,0
2024-02-27,Technology,0.025713490314335414,3,0
2024-02-28,Technology,0.0023475445155577055,3,0
2024-02-29,Technology,0.0051647559358041955,3,0
2024-03-01,Technology,0.028076935970418788,3,0
2024-03-04,Technology,0.01136742693032026,3,0
2024-03-05,Technology,0.03438213553473816,3,0
2024-03-06,Technology,-0.0059050416935176875,3,0
2024-03-07,Technology,-0.005352104034424691,3,0
2024-03-08,Technology,-0.026770635768598505,3,0
2024-03-11,Technology,0.017187126291564898,3,0
2024-03-12,Technology,0.027116369256889206,3,0
2024-03-13,Technology,0.022062480093220056,3,0
2024-03-14,Technology,-0.008366917890481792,3,0
2024-03-15,Technology,-0.010940437652222227,3,0
2024-03-18,Technology,-0.03615056078987252,3,0
2024-03-19,Technology,-0.00836878686549821,3,0
2024-03-20,Technology,0.013280773172813362,3,0
2024-03-21,Technology,0.013982670853938894,3,0
2024-03-22,Technology,-0.0029697649316385855,3,0
2024-03-25,Technology,-0.017445442025378084,3,0
2024-03-26,Technology,0.02122236949510044,3,0
2024-03-27,Technology,0.0266080342293941,3,0
2024-03-28,Technology,0.024692557600100102,3,0
2024-03-29,Technology,0.011655536852947365,3,0
2024-04-01,Technology,0.008927139767879696,3,0
2024-04-02,Technology,0.030526277509175432,3,0
2024-04-03,Technology,0.047122310280475976,3,0
2024-04-04,Technology,0.026286418082037317,3,0
2024-04-05,Technology,0.011417085285479134,3,0
2024-04-08,Technology,-0.05737424244885873,3,0
2024-04-09,Technology,0.02632006428737103,3,0
2024-04-10,Technology,0.010706491902408688,3,0
2024-04-11,Technology,0.01735276974183564,3,0
2024-04-12,Technology,0.015265668136730174,3,0
2024-04-15,Technology,-0.05604006644324455,3,0
2024-04-16,Technology,0.020333291408656324,3,0
2024-04-17,Technology,-0.01714821714825987,3,0
2024-04-19,Technology,-0.02544297447845852,3,0
2024-04-22,Technology,0.018024239520068115,3,0
2024-04-23,Technology,0.037073012459112986,3,0
2024-04-24,Technology,0.06337972309080553,3,0
2024-04-25,Technology,0.01379949153522871,3,0
2024-04-26,Technology,0.02302336604195691,3,0
2024-05-02,Technology,0.028231586581801766,3,0
2024-05-03,Technology,-0.024801688145376866,3,0
2024-05-06,Technology,0.01936736935437307,3,0
2024-05-07,Technology,0.0341246164932163,3,0
2024-05-08,Technology,0.027109131453890267,3,0
2024-05-09,Technology,0.009937119516413443,3,0
2024-05-10,Technology,0.03275429227858032,3,0
2024-05-13,Technology,0.0024639652633950218,3,0
2024-05-14,Technology,0.03242112545246615,3,0
2024-05-15,Technology,0.03291707206327832,3,0
2024-05-16,Technology,0.0064194014918661875,3,0
2024-05-17,Technology,0.03368536124786973,3,0
2024-05-20,Technology,-0.002788716125017484,3,0
2024-05-21,Technology,0.019167043663162613,3,0
2024-05-22,Technology,0.011587121712024917,3,0
2024-05-23,Technology,0.004106310369697774,3,0
2024-05-24,Technology,-0.054354025755850875,3,0
2024-05-27,Technology,0.003805726266574938,3,0
2024-05-28,Technology,0.03829529729664971,3,0
2024-05-29,Technology,-0.027312982097446776,3,0
2024-05-30,Technology,-0.00460137466981736,3,0
2024-05-31,Technology,0.008216674281691075,3,0
2024-06-03,Technology,0.03284773161871546,3,0
2024-06-04,Technology,0.03481551977710651,3,0
2024-06-05,Technology,-0.0024381048551203413,3,0
2024-06-06,Technology,-0.0021310395188800144,3,0
2024-06-07,Technology,0.006469335172650359,3,0
2024-06-10,Technology,0.007055185272049698,3,0
2024-06-11,Technology,-0.002253679738764817,3,0
2024-06-12,Technology,0.023827637770385806,3,0
2024-06-13,Technology,0.001726609270366682,3,0
2024-06-14,Technology,0.03550930820265519,3,0
2024-06-17,Technology,0.007759618984162664,3,0
2024-06-18,Technology,-0.0030462618744284318,3,0
2024-06-19,Technology,0.02585744800359217,3,0
2024-06-20,Technology,0.011009558358761273,3,0
2024-06-21,Technology,0.006406039688444702,3,0
2024-06-24,Technology,-0.04695642555521536,3,0
2024-06-25,Technology,-0.01627212726506207,3,0
2024-06-26,Technology,0.017033604005737574,3,0
2024-06-27,Technology,-0.004933768308821122,3,0
2024-06-28,Technology,-0.029317730717500063,3,0
2024-07-01,Technology,0.005766290688255404,3,0
2024-07-02,Technology,0.009024216493016582,3,0
2024-07-03,Technology,0.002207587592929494,3,0
2024-07-04,Technology,0.03309260922904422,3,0
2024-07-05,Technology,0.002728001618118777,3,0
2024-07-08,Technology,-0.0017766935484621789,3,0
2024-07-09,Technology,0.0005523139081470655,3,0
2024-07-10,Technology,0.009852164510156839,3,0
2024-07-11,Technology,-0.008694101310251242,3,0
2024-07-12,Technology,-0.011227057753104877,3,0
2024-07-15,Technology,-0.014058547598299498,3,0
2024-07-16,Technology,-0.025017397354934762,3,0
2024-07-17,Technology,-0.051413477900156455,3,0
2024-07-18,Technology,0.0004016531310225095,3,0
2024-07-19,Technology,-0.0238008067692224,3,0
2024-07-22,Technology,-0.051240104314717115,3,0
2024-07-23,Technology,-0.038120734869620976,3,0
2024-07-24,Technology,0.004282016524327507,3,0
2024-07-25,Technology,-0.006592450633339501,3,0
2024-07-26,Technology,0.025445613787570636,3,0
2024-07-29,Technology,0.015598583762251428,3,0
2024-07-30,Technology,-0.003923758118420532,3,0
2024-07-31,Technology,-0.01905343704969505,3,0
2024-08-01,Technology,-0.07659782503761559,3,0
2024-08-02,Technology,0.009178524215349038,3,0
2024-08-05,Technology,-0.05489435331397711,3,0
2024-08-06,Technology,0.028830843215236063,3,0
2024-08-07,Technology,0.010385001038812902,3,0
2024-08-08,Technology,-0.027751773960176435,3,0
2024-08-09,Technology,0.042583729187896324,3,0
2024-08-12,Technology,0.015159223218489318,3,0
2024-08-13,Technology,0.01890744277957246,3,0
2024-08-14,Technology,-0.006340186318285812,3,0
2024-08-15,Technology,-0.025984696288904135,3,0
2024-08-16,Technology,0.042182479410972785,3,0
2024-08-19,Technology,0.006838472519567669,3,0
2024-08-20,Technology,0.0022124363455110854,3,0
2024-08-21,Technology,0.011724269786176689,3,0
2024-08-22,Technology,0.010718708246298355,3,0
2024-08-23,Technology,-0.011588216300960777,3,0
2024-08-26,Technology,-0.015091288579469953,3,0
2024-08-27,Technology,-0.004747659041903811,3,0
2024-08-28,Technology,0.009280707623650741,3,0
2024-08-29,Technology,0.006711750534113992,3,0
2024-08-30,Technology,-0.0016680132526274427,3,0
2024-09-04,Technology,-0.011493780282993379,3,0
2024-09-05,Technology,-0.02131260503481765,3,0
2024-09-06,Technology,-0.0007663513538705239,3,0
2024-09-09,Technology,-0.011288583498140029,3,0
2024-09-10,Technology,-0.01581061774649554,3,0
2024-09-11,Technology,0.0048493592842491955,3,0
2024-09-12,Technology,0.011411681692031994,3,0
2024-09-13,Technology,0.0016001148364874762,3,0
2024-09-16,Technology,-0.015757981754972155,3,0
2024-09-17,Technology,0.012793028811038868,3,0
2024-09-18,Technology,0.045458918544142,3,0
2024-09-19,Technology,0.0015681042815976671,3,0
2024-09-20,Technology,-0.00727959982547625,3,0
2024-09-23,Technology,-0.014630396535047682,3,0
2024-09-24,Technology,0.01344861186077817,3,0
2024-09-25,Technology,-0.0036570112635180285,3,0
2024-09-26,Technology,-0.003723217955901396,3,0
2024-09-27,Technology,-0.008527358195758747,3,0
2024-09-30,Technology,-0.00415941993811042,3,0
2024-10-01,Technology,0.017433264375039892,3,0
2024-10-02,Technology,-0.01097526336283224,3,0
2024-10-03,Technology,-0.011576246397213849,3,0
2024-10-04,Technology,0.0025245718819102794,3,0
2024-10-07,Technology,-0.0035903840149859776,3,0
2024-10-08,Technology,-0.00617184308335698,3,0
2024-10-09,Technology,0.026331312410896146,3,0
2024-10-10,Technology,0.03289761813545922,3,0
2024-10-11,Technology,-0.002544859949446865,3,0
2024-10-14,Technology,0.004722071596001391,3,0
2024-10-15,Technology,-0.020347355196261668,3,0
2024-10-16,Technology,-0.0011842243912025818,3,0
2024-10-17,Technology,0.009126942208352343,3,0
2024-10-18,Technology,-0.00572960241846765,3,0
2024-10-21,Technology,0.00020499511210481103,3,0
2024-10-22,Technology,-0.022585599572319315,3,0
2024-10-23,Technology,0.0023688084195588135,3,0
2024-10-24,Technology,-0.005503536810925376,3,0
2024-10-25,Technology,0.006046283429524142,3,0
2024-10-28,Technology,0.019327910854970876,3,0
2024-10-29,Technology,0.03214315956628947,3,0
2024-10-30,Technology,-0.004379515910726976,3,0
2024-10-31,Technology,-0.008698947788920367,3,0
2024-11-01,Technology,-0.021853642866969076,3,0
2024-11-04,Technology,0.007946151702148666,3,0
2024-11-05,Technology,0.0027059751684186026,3,0
2024-11-06,Technology,0.010079156344885801,3,0
2024-11-07,Technology,0.03862965681993543,3,0
2024-11-08,Technology,0.02484206010987851,3,0
2024-11-11,Technology,0.031134951170875984,3,0
2024-11-12,Technology,0.018185341738154042,3,0
2024-11-13,Technology,-0.00022611433665394495,3,0
2024-11-14,Technology,-0.030898211881856597,3,0
2024-11-15,Technology,0.013611293283711615,3,0
2024-11-18,Technology,-0.001677658946135252,3,0
2024-11-19,Technology,-0.05309940105451949,3,0
2024-11-20,Technology,-0.0015815817299390522,3,0
2024-11-21,Technology,0.02209180753986484,3,0
2024-11-22,Technology,0.0002908994079484269,3,0
2024-11-25,Technology,-0.004349289604308582,3,0
2024-11-26,Technology,0.004001904176686962,3,0
2024-11-27,Technology,0.023272865038166463,3,0
2024-11-28,Technology,0.01785865307206458,3,0
2024-11-29,Technology,0.03780174398491091,3,0
2024-12-02,Technology,0.0021872942872992094,3,0
2024-12-03,Technology,0.01199156011538031,3,0
2024-12-04,Technology,-0.012334747653069633,3,0
2024-12-05,Technology,0.001868329232892744,3,0
2024-12-06,Technology,0.015845132792701683,3,0
2024-12-09,Technology,-0.006594016681449692,3,0
2024-12-10,Technology,0.0069033011500719095,3,0
2024-12-11,Technology,0.0034703383090646245,3,0
2024-12-12,Technology,-0.017282482660096094,3,0
2024-12-13,Technology,-0.01091815736493699,3,0
2024-12-16,Technology,0.0127407338249698,3,0
2024-12-17,Technology,-0.006565150542718927,3,0
2024-12-18,Technology,0.005575147817094894,3,0
2024-12-19,Technology,0.015752399844317016,3,0
2024-12-20,Technology,0.009523536303816712,3,0
2024-12-23,Technology,-0.005515381403868498,3,0
2024-12-24,Technology,-0.004452592687299621,3,0
2024-12-25,Technology,0.005561516748988489,3,0
2024-12-26,Technology,-0.009062245824467388,3,0
2024-12-27,Technology,-0.022277714405445792,3,0
2024-12-30,Technology,0.012812347602063031,3,0
2024-12-31,Technology,0.004293500752450201,3,0
2025-01-02,Technology,0.0007501811642002624,3,0
2025-01-03,Technology,-0.008095777157505424,3,0
2025-01-06,Technology,-0.0023373781460168295,3,0
2025-01-07,Technology,-0.008442055069822985,3,0
2025-01-08,Technology,-0.014974804167001218,3,0
2025-01-09,Technology,-0.00885889767027844,3,0
2025-01-10,Technology,-0.025925112838618203,3,0
2025-01-13,Technology,-0.0028802648126217876,3,0
2025-01-14,Technology,-0.006061871609629861,3,0
2025-01-15,Technology,0.00036889713676931574,3,0
2025-01-16,Technology,0.021702128144204025,3,0
2025-01-17,Technology,0.022828965801056016,3,0
2025-01-20,Technology,-0.008723887126717086,3,0
2025-01-21,Technology,0.01647644455644992,3,0
2025-01-22,Technology,0.001959462602597458,3,0
2025-01-23,Technology,0.014525068474189514,3,0
2025-01-24,Technology,-0.003289937183232191,3,0
2025-02-03,Technology,-0.04508856193484497,3,0
2025-02-04,Technology,0.012461806371176776,3,0
2025-02-05,Technology,0.007651583752303977,3,0
2025-02-06,Technology,-0.004680100106243461,3,0
2025-02-07,Technology,-0.007155518535748843,3,0
2025-02-10,Technology,-0.03302543217154611,3,0
2025-02-11,Technology,0.015221803773041534,3,0
2025-02-12,Technology,0.005504206675172152,3,0
2025-02-13,Technology,-0.011299876893287117,3,0
2025-02-14,Technology,0.00667551055772871,3,0
2025-02-17,Technology,-0.014900921617788407,3,0
2025-02-18,Technology,0.002711858208759669,3,0
2025-02-19,Technology,0.009065444534915867,3,0
2025-02-20,Technology,-0.006883167951550417,3,0
2025-02-21,Technology,-0.006174506031479399,3,0
2025-02-24,Technology,-0.021137837926256897,3,0
2025-02-25,Technology,-0.009409204678259528,3,0
2025-02-26,Technology,0.02117133136716065,3,0
2025-02-27,Technology,-0.005991296872581302,3,0
2025-02-28,Technology,0.0009137407013763236,3,0
2025-03-03,Technology,0.005465360947154034,3,0
2025-03-04,Technology,-0.005105609633265599,3,0
2025-03-05,Technology,-0.004905933049390354,3,0
2025-03-06,Technology,0.013423482986863503,3,0
2025-03-07,Technology,-0.001959001517976825,3,0
2025-03-10,Technology,-0.01326119424432278,3,0
2025-03-11,Technology,-0.0143941416094208,3,0
2025-03-12,Technology,-0.014156613660048315,3,0
2025-03-13,Technology,0.0009783684718860746,3,0
2025-03-14,Technology,-0.02831935802934682,3,0
2025-03-17,Technology,-0.012450526309994067,3,0
2025-03-18,Technology,0.012802529606501892,3,0
2025-03-19,Technology,-0.02463963378355701,3,0
2025-03-20,Technology,0.003687182776718793,3,0
2025-03-21,Technology,0.015174381823280347,3,0
2025-03-24,Technology,-0.0007403313504721343,3,0
2025-03-25,Technology,-0.011465296698543459,3,0
2025-03-26,Technology,-0.01934309149632892,3,0
2025-03-27,Technology,0.006921119938433029,3,0
2025-03-28,Technology,-0.015636605923240527,3,0
2025-03-31,Technology,-0.027944471229688572,3,0
2025-04-01,Technology,-0.0038832392325126954,3,0
2025-04-02,Technology,0.007858034311335693,3,0
2025-04-03,Technology,-0.09441544583330903,3,0
2025-04-04,Technology,-0.017343635882752746,3,0
2025-04-08,Technology,-0.08734803199973336,3,0
2025-04-09,Technology,-0.01827754007675249,3,0
2025-04-10,Technology,0.09490465672872543,3,0
2025-04-11,Technology,0.06079665178046323,3,0
2025-04-14,Technology,0.005062604752045674,3,0
2025-04-15,Technology,-0.03308819150364325,3,0
2025-04-16,Technology,-0.047039192192865086,3,0
2025-04-17,Technology,0.013435686249045417,3,0
2025-04-18,Technology,0.024797041924332335,3,0
2025-04-21,Technology,-0.013032913926647849,3,0
2025-04-22,Technology,-0.022654921953985996,3,0
2025-04-23,Technology,0.03304897187297754,3,0
2025-04-24,Technology,0.020013055583296913,3,0
2025-04-25,Technology,-0.007179551206406565,3,0
2025-04-28,Technology,-0.010574245520580172,3,0
2025-04-29,Technology,-0.0024441436914792356,3,0
2025-05-05,Technology,0.008482859447778898,3,0
2025-05-06,Technology,0.02158726470379106,3,0
2025-05-07,Technology,-0.0019209527925850844,3,0
2025-05-08,Technology,0.02038113413373595,3,0
2025-05-09,Technology,0.006395477507521415,3,0
2025-05-12,Technology,0.008102953195225582,3,0
2025-05-13,Technology,0.008278604003463327,3,0
2025-05-14,Technology,0.04876455306474218,3,0
2025-05-15,Technology,-0.005266795330451786,3,0
2025-05-16,Technology,-0.022657816706604533,3,0
2025-05-19,Technology,-0.023193479756605833,3,0
2025-05-20,Technology,0.008245215007767204,3,0
2025-05-21,Technology,-0.014808399535691944,3,0
2025-05-22,Technology,-0.019357571223012182,3,0
2025-05-23,Technology,0.00430535132706152,3,0
2025-05-26,Technology,0.010469547963317671,3,0
2025-05-27,Technology,0.009345941487379142,3,0
2025-05-28,Technology,-0.0036604666293353163,3,0
2025-05-29,Technology,-0.004577447199471507,3,0
2025-05-30,Technology,-0.009011386189631968,3,0
2025-06-02,Technology,0.0047670371527874416,3,0
2025-06-03,Technology,0.011517801960867343,3,0
2025-06-04,Technology,0.001656285150773688,3,0
2025-06-05,Technology,0.012185164178728761,3,0
2025-06-06,Technology,-0.013648738952994269,3,0
2025-06-09,Technology,-0.006517887279461639,3,0
2025-06-10,Technology,0.0077053239908525155,3,0
2025-06-11,Technology,0.04095840325291925,3,0
2025-06-12,Technology,-0.0054531229412823805,3,0
2025-06-13,Technology,-0.020800089969092477,3,0
2025-06-16,Technology,0.03713057095615727,3,0
2025-06-17,Technology,-0.009118490225222561,3,0
2025-06-18,Technology,-0.005809530561398731,3,0
2025-06-19,Technology,-0.007417821225228716,3,0
2025-06-20,Technology,-0.002469070693714196,3,0
2025-06-23,Technology,-0.00838850595534398,3,0
2025-06-24,Technology,0.011951939636782797,3,0
2025-06-25,Technology,0.0030645708554857634,3,0
2025-06-26,Technology,-0.000233501479492045,3,0
2025-06-27,Technology,0.031056565789696105,3,0
2025-06-30,Technology,0.024949150250860013,3,0
2025-07-01,Technology,0.0047896230110976434,3,0
2025-07-02,Technology,-0.011018393073460827,3,0
2025-07-03,Technology,0.0006018030259427783,3,0
2025-07-04,Technology,0.02261906402710519,3,0
2025-07-07,Technology,0.0011233011902187877,3,0
2025-07-08,Technology,0.004957119300149119,3,0
2025-07-09,Technology,-0.008845856522777326,3,0
2025-07-10,Technology,0.02323267686852611,3,0
2025-07-11,Technology,5.7371137162605855e-05,3,0
2025-07-14,Technology,0.0002996583510901744,3,0
2025-07-15,Technology,-0.010618195991907053,3,0
2025-07-16,Technology,0.0010102058146433575,3,0
2025-07-17,Technology,0.004018212851824392,3,0
2025-07-18,Technology,-0.0036335634000882466,3,0
2025-07-21,Technology,-0.005845904188196231,3,0
2025-07-22,Technology,0.009315026166128781,3,0
2025-07-23,Technology,0.014323062252501795,3,0
2025-07-24,Technology,-0.004429116276106056,3,0
2025-07-25,Technology,0.00913243665374767,3,0
2025-07-28,Technology,0.004492773821049105,3,0
2025-07-29,Technology,-0.05943394851436212,3,0
2025-07-30,Technology,0.0027507847376032992,3,0
2025-07-31,Technology,-0.003597105556905474,3,0
2025-08-01,Technology,0.005115543155553477,3,0
2025-08-04,Technology,-0.0018699465030399913,3,0
2025-08-05,Technology,-0.00416082883020182,3,0
2025-08-06,Technology,0.017709541434286675,3,0
2025-08-07,Technology,0.007414606235471226,3,0
2025-08-08,Technology,0.022432954754511458,3,0
2025-08-11,Technology,0.005805277770373762,3,0
2025-08-12,Technology,0.0017986004171237635,3,0
2025-08-13,Technology,0.022374395094056403,3,0
2025-08-14,Technology,0.0018659116657612218,3,0
2025-08-15,Technology,-0.027917935254507475,3,0
2025-08-18,Technology,-0.020971014407391613,3,0
2025-08-19,Technology,-0.0015773559544670264,3,0
2025-08-20,Technology,-0.033621546322538776,3,0
2025-08-21,Technology,0.016955634405508624,3,0
2025-08-22,Technology,-0.028551755279208835,3,0
2025-08-25,Technology,-0.005570468989727091,3,0
2025-08-26,Technology,0.012745042783799473,3,0
2025-08-27,Technology,0.029236661732249185,3,0
2025-08-28,Technology,-0.0022970901956311796,3,0
2025-08-29,Technology,-0.016761419965099427,3,0
2025-09-03,Technology,0.022042664894059483,3,0
2025-09-04,Technology,0.01130266408281122,3,0
2025-09-05,Technology,-0.015347218819358854,3,0
2025-09-08,Technology,-0.025606249244955248,3,0
2025-09-09,Technology,0.0027609627140654514,3,0
2025-09-10,Technology,-0.004757374568577537,3,0
2025-09-11,Technology,-0.002482321564021691,3,0
2025-09-12,Technology,0.006005386842690215,3,0
2025-09-15,Technology,0.011035723388214791,3,0
2025-09-16,Technology,0.00812890533022644,3,0
2025-09-17,Technology,0.01801452433304518,3,0
2025-09-18,Technology,-0.020934804484570784,3,0
2025-09-19,Technology,-0.007867198030292602,3,0
2025-09-22,Technology,-0.027008639521864424,3,0
2025-09-23,Technology,-0.0025857109982737603,3,0
2025-09-24,Technology,0.010318727163417899,3,0
2025-09-25,Technology,-0.009016285295499174,3,0
2025-09-26,Technology,-0.0069151122570640195,3,0
2025-09-29,Technology,-0.009681063656351721,3,0
2025-09-30,Technology,-0.01702194039503509,3,0
2025-10-01,Technology,0.0029250207144392673,3,0
2025-10-02,Technology,-0.0022647893633247116,3,0
2025-10-03,Technology,-0.0030036942636876653,3,0
2025-10-06,Technology,0.023273763055014978,3,0
2025-10-07,Technology,-0.005393741968420389,3,0
2025-10-08,Technology,-0.001328609073458294,3,0
2025-10-09,Technology,-0.003676654655268933,3,0
2025-10-10,Technology,0.011048631109050966,3,0
2025-10-13,Technology,-0.016940639005389335,3,0
2025-10-14,Technology,-0.014412369700945837,3,0
2025-10-15,Technology,-0.02215735330840729,3,0
2025-10-16,Technology,-0.004014227426501556,3,0
2025-10-17,Technology,-0.010947711696685366,3,0
2025-10-20,Technology,0.00898475604465776,3,0
2025-10-21,Technology,0.04581747604133102,3,0
2025-10-22,Technology,0.007176999897349916,3,0
2025-10-23,Technology,-0.021006952654591477,3,0
2025-10-24,Technology,0.03651892351604843,3,0
2025-10-27,Technology,0.008387691883362006,3,0
2025-10-28,Technology,0.013143120797284302,3,0
2025-10-29,Technology,-0.0026970964199897196,3,0
2025-10-30,Technology,0.041114524299083355,3,0
2025-10-31,Technology,0.0263669607769302,3,0
2025-11-03,Technology,-0.018008142159098295,3,0
2025-11-04,Technology,-0.01461680167862837,3,0
2025-11-05,Technology,-0.007217202255771493,3,0
2025-11-06,Technology,-0.0006458506038832246,3,0
2025-11-07,Technology,0.010214460717425378,3,0
2025-11-10,Technology,-0.02447969796685941,3,0
2025-11-11,Technology,-0.010731915437194353,3,0
2025-11-12,Technology,0.028282954268676736,3,0
2025-11-13,Technology,0.0070320010234479575,3,0
2025-11-14,Technology,-0.0026381680699725982,3,0
2025-11-17,Technology,0.005225582465912944,3,0
2025-11-18,Technology,-0.0032496028644121897,3,0
2025-11-19,Technology,-0.021233756921762326,3,0
2025-11-20,Technology,-0.005157407256813795,3,0
2025-11-21,Technology,-0.002635254305244028,3,0
2025-11-24,Technology,0.0019668274594973147,3,0
2025-11-25,Technology,-0.022388856264264494,3,0
2025-11-26,Technology,0.009143481493626574,3,0
2025-11-27,Technology,-0.0031974956172406235,3,0
2025-11-28,Technology,-0.012163123626062347,3,0
2025-12-01,Technology,0.0031046238855875208,3,0
2025-12-02,Technology,-0.008895703458618379,3,0
2025-12-03,Technology,0.011891132483149583,3,0
2025-12-04,Technology,0.0008967369436052586,3,0
2025-12-05,Technology,-0.009921089918372336,3,0
2025-12-08,Technology,-0.009175834674200986,3,0
2025-12-09,Technology,-0.0002546054942652957,3,0
2025-12-10,Technology,-0.006778565111705344,3,0
2025-12-11,Technology,0.002754862527561445,3,0
2025-12-12,Technology,-0.022751065359869482,3,0
2025-12-15,Technology,-0.007195633087301386,3,0
2025-12-16,Technology,0.013539415124468546,3,0
2025-12-17,Technology,0.0078048634920782805,3,0
2025-12-18,Technology,-0.011784400657934771,3,0
2025-12-19,Technology,-0.003719341104824562,3,0
2025-12-22,Technology,0.005017123016235692,3,0
2025-12-23,Technology,-0.002736669421291027,3,0
2025-12-24,Technology,-0.007092503482123165,3,0
2025-12-25,Technology,-0.009326763098551035,3,0
2025-12-26,Technology,-0.0017762475346931872,3,0
2025-12-29,Technology,0.013681363484851458,3,0
2025-12-30,Technology,0.0169711897176279,3,0
2025-12-31,Technology,0.0013613807276459111,3,0
2026-01-05,Technology,-0.0074370795001692525,3,0
2026-01-06,Technology,-0.005847090080519128,3,0
2026-01-07,Technology,0.05646966318255431,3,0
2026-01-08,Technology,0.0009860364235378949,3,0
2026-01-09,Technology,0.06754705182477945,3,0
2026-01-12,Technology,0.041550684550700545,3,0
2026-01-13,Technology,0.008078588654991928,3,0
2026-01-14,Technology,0.057182947138882424,3,0
2026-01-15,Technology,0.03559594713811202,3,0
2026-01-16,Technology,0.032047816893229074,3,0
2026-01-19,Technology,0.011073845755721049,3,0
2026-01-20,Technology,0.016102448486954635,3,0
2026-01-21,Technology,0.0013717094390518862,3,0
2026-01-22,Technology,-0.03193396876108989,3,0
2026-01-23,Technology,-0.04722204807828297,3,0
2026-01-26,Technology,0.005002373725312388,3,0
2026-01-27,Technology,0.022567335323795696,3,0
2026-01-28,Technology,-0.0003598245996614402,3,0
2026-01-29,Technology,0.006196847800100584,3,0
2026-01-30,Technology,-0.0018750432557424663,3,0
2026-02-02,Technology,0.026596763008784958,3,0
2026-02-03,Technology,0.013217902127544886,3,0
2026-02-04,Technology,-0.016012226856529293,3,0
2026-02-05,Technology,-0.04754286527062165,3,0
2026-02-06,Technology,-0.030851321164840573,3,0
2026-02-09,Technology,0.00013425077470445115,3,0
2026-02-10,Technology,-0.033076402167115417,3,0
2026-02-11,Technology,0.008324738619468327,3,0
2026-02-12,Technology,0.004168250800409871,3,0
2026-02-13,Technology,-0.017585416592980924,3,0
2026-02-23,Technology,0.04338273744649294,3,0
2026-02-24,Technology,-0.015565738524681202,3,0
2026-02-25,Technology,-0.014001393467295823,3,0
2026-02-26,Technology,-0.005157253160289439,3,0
2026-02-27,Technology,0.004713802592048529,3,0
2026-03-02,Technology,-0.04978380487546789,3,0
2026-03-03,Technology,-0.020588828716663638,3,0
2026-03-04,Technology,-0.027730147818664414,3,0
2026-03-05,Technology,-0.0018879480113660845,3,0
2026-03-06,Technology,-0.03389888865394889,3,0
2026-03-09,Technology,-0.08844316879238856,3,0
2026-03-10,Technology,0.0391776273811603,3,0
2026-03-11,Technology,0.023649132309093046,3,0
2026-03-12,Technology,-0.031526998673531925,3,0
2026-03-13,Technology,-0.014479854286814345,3,0
2026-03-16,Technology,0.01615056817173044,3,0
2026-03-17,Technology,0.01752388325697596,3,0
2026-03-18,Technology,-0.007678640157592194,3,0
2026-03-19,Technology,-0.016823838087202152,3,0
2026-03-20,Technology,-0.004005335012177517,3,0
2026-03-23,Technology,-0.038219554111071696,3,0
2026-03-24,Technology,0.021054917401736928,3,0
2026-03-25,Technology,0.026640966826828594,3,0
2026-03-26,Technology,0.021881135689689524,3,0
2026-03-27,Technology,0.004841594583582465,3,0
2026-03-30,Technology,-0.0217268526496948,3,0
2026-03-31,Technology,-0.003021465492843952,3,0
2026-04-01,Technology,0.026208909988457856,3,0
2026-04-02,Technology,-0.013124393881248789,3,0
2026-04-03,Technology,-0.016818835125698373,3,0
2026-04-06,Technology,-0.008986681456029988,3,0
2026-04-07,Technology,0.003490315517729418,3,0
2026-04-08,Technology,0.05207536637682223,3,0
2026-04-09,Technology,-0.017159472950738646,3,0
2026-04-10,Technology,0.0036460587702487426,3,0
2026-04-13,Technology,-0.005477043695146085,3,0
2026-04-14,Technology,0.01820484315080047,3,0
2026-04-15,Technology,-0.017695226942364767,3,0
2026-04-16,Technology,-0.017336686388874572,3,0
2026-04-17,Technology,0.0158175353547092,3,0
2026-04-20,Technology,0.003033222518223503,3,0
2026-04-21,Technology,-0.013034841580828127,3,0
2026-04-22,Technology,-0.005194507065318803,3,0
2026-04-23,Technology,-0.004699723842469046,3,0
2026-04-24,Technology,-0.006875620510056783,3,0
2026-04-28,Technology,-0.0033600605405202564,3,0
2026-04-29,Technology,0.002313178669662593,3,0
2026-05-04,Technology,-0.007694742101051773,3,0
2026-05-05,Technology,-0.004605721258545821,3,0
2026-05-06,Technology,-0.005240084513864596,3,0
2026-05-07,Technology,0.0006230541060246267,3,0
2026-05-08,Technology,-0.011393518870517835,3,0
2026-05-11,Technology,-0.024726661574412463,3,0
2026-05-12,Technology,0.0054308704046953276,3,0
2026-05-13,Technology,0.024661359807461054,3,0
2026-05-14,Technology,0.022381929321992382,3,0
2026-05-15,Technology,-0.012383804421932284,3,0
2026-05-18,Technology,0.045563390008041216,3,0
2026-05-19,Technology,0.011915603496545598,3,0
2026-05-20,Technology,0.006609462266253067,3,0
2026-05-21,Technology,-0.018618950006691153,3,0
2026-05-22,Technology,-0.00935908704588754,3,0
2026-05-25,Technology,-0.011730313964832003,3,0
2026-05-26,Technology,0.005192926283599834,3,0
2026-05-27,Technology,0.00461265180659387,3,0
2026-05-28,Technology,-0.019870375836284853,3,0
2026-05-29,Technology,-0.006799742591001061,3,0
2026-06-01,Technology,0.006792749661093778,3,0
2026-06-02,Technology,0.02401825310353149,3,0
2026-06-03,Technology,0.01671247442859884,3,0
2026-06-04,Technology,-0.0011705940876612548,3,0
2026-06-05,Technology,-0.016758978767005606,3,0
2026-06-08,Technology,-0.02799953613259465,3,0
2026-06-09,Technology,0.01026757563146615,3,0
2026-06-10,Technology,-0.0019795225185247345,3,0
2026-06-11,Technology,-0.012514190039767207,3,0
2026-06-12,Technology,0.0014511293305626838,3,0
2026-06-15,Technology,0.0071161742039106786,3,0
2026-06-16,Technology,0.0022263434421423423,3,0
2026-06-17,Technology,0.0036931583914160773,3,0
2026-06-18,Technology,-0.009475021074510185,3,0
2026-06-19,Technology,-0.0019503156067190996,3,0
2026-06-22,Technology,-0.010839713015533362,3,0
2026-06-23,Technology,-0.006083057396638318,3,0
2026-06-24,Technology,-0.004477368991587609,3,0
2026-06-25,Technology,0.00032661343562593686,3,0
2026-06-26,Technology,-0.0012287512610444178,3,0
2026-06-29,Technology,-0.003261638707308815,3,0
2026-06-30,Technology,0.0016544356274283596,3,0
2026-07-01,Technology,0.025334542001208698,3,0
2026-07-02,Technology,-0.005638127088068508,3,0
2026-07-03,Technology,-0.006382597764611142,3,0
2026-07-06,Technology,-0.004814129724670657,3,0
2026-07-07,Technology,-8.732913539274041e-05,3,0
2026-07-08,Technology,-0.0014562147963399867,3,0
2026-07-09,Technology,-0.0037605728565936283,3,0
2026-07-10,Technology,-0.011031234127492554,3,0
2026-07-13,Technology,-0.014687042291276375,3,0
2026-07-14,Technology,-0.005864186903302852,3,0
2026-07-15,Technology,-0.023052869803441938,3,0
2026-07-16,Technology,0.0035578902947446998,3,0
2026-07-17,Technology,-0.002327958210311065,3,0
2026-07-20,Technology,-0.026784338272900683,3,0
2026-07-21,Technology,-0.021724420164397202,3,0
2026-07-22,Technology,-0.007545743255938005,3,0
2026-07-23,Technology,0.013121037888839782,3,0
2026-07-24,Technology,-0.01395641408787851,3,0
2026-07-27,Technology,-0.028485311634704396,3,0
2024-01-03,ConsumerStaples,0.005842130578972722,3,0
2024-01-04,ConsumerStaples,-0.0017000383736182438,3,0
2024-01-05,ConsumerStaples,-0.004556756283869053,3,0
2024-01-08,ConsumerStaples,-0.008281013429596565,3,0
2024-01-09,ConsumerStaples,-0.0056995678916869075,3,0
2024-01-10,ConsumerStaples,-0.006695043089204322,3,0
2024-01-11,ConsumerStaples,0.004743259287205981,3,0
2024-01-12,ConsumerStaples,-0.01165706500651805,3,0
2024-01-15,ConsumerStaples,-0.0007038136494112631,3,0
2024-01-16,ConsumerStaples,0.009622539627867669,3,0
2024-01-17,ConsumerStaples,-0.0054364127468698635,3,0
2024-01-18,ConsumerStaples,0.0025611913386686482,3,0
2024-01-19,ConsumerStaples,0.01498231117681518,3,0
2024-01-22,ConsumerStaples,-0.0018136995399801181,3,0
2024-01-23,ConsumerStaples,-0.007120235797036134,3,0
2024-01-24,ConsumerStaples,-0.00839937462936006,3,0
2024-01-25,ConsumerStaples,-0.00723964480878551,3,0
2024-01-26,ConsumerStaples,-0.013065636131860034,3,0
2024-01-29,ConsumerStaples,0.0025094147666032316,3,0
2024-01-30,ConsumerStaples,-0.0019626099392187437,3,0
2024-01-31,ConsumerStaples,-0.013359537067165602,3,0
2024-02-01,ConsumerStaples,0.013253020982401479,3,0
2024-02-02,ConsumerStaples,-0.0018802500094280417,3,0
2024-02-05,ConsumerStaples,0.00043455949046985093,3,0
2024-02-06,ConsumerStaples,-0.0007488756792232524,3,0
2024-02-07,ConsumerStaples,0.0034153564625084933,3,0
2024-02-15,ConsumerStaples,0.0034921939194740848,3,0
2024-02-16,ConsumerStaples,0.016211062786275526,3,0
2024-02-19,ConsumerStaples,0.022116124265267767,3,0
2024-02-20,ConsumerStaples,0.0016847056370614306,3,0
2024-02-21,ConsumerStaples,-0.007649532486102932,3,0
2024-02-22,ConsumerStaples,0.0012594087895774209,3,0
2024-02-23,ConsumerStaples,-0.015337500555661002,3,0
2024-02-26,ConsumerStaples,-0.0023606193154203834,3,0
2024-02-27,ConsumerStaples,0.00741317925125214,3,0
2024-02-28,ConsumerStaples,0.012677141072891418,3,0
2024-02-29,ConsumerStaples,0.01391603705198415,3,0
2024-03-01,ConsumerStaples,-0.0012172311424333653,3,0
2024-03-04,ConsumerStaples,0.0019782125939064774,3,0
2024-03-05,ConsumerStaples,0.031185965723949344,3,0
2024-03-06,ConsumerStaples,0.013348691475863409,3,0
2024-03-07,ConsumerStaples,0.014029315857682226,3,0
2024-03-08,ConsumerStaples,-0.02200703723913559,3,0
2024-03-11,ConsumerStaples,-0.006729696238628735,3,0
2024-03-12,ConsumerStaples,0.0026248485420832988,3,0
2024-03-13,ConsumerStaples,0.015959935704260724,3,0
2024-03-14,ConsumerStaples,-0.014734687900951818,3,0
2024-03-15,ConsumerStaples,-0.009470282471934524,3,0
2024-03-18,ConsumerStaples,-0.014340955231109676,3,0
2024-03-19,ConsumerStaples,-0.0015386189270419903,3,0
2024-03-20,ConsumerStaples,0.000545170542487261,3,0
2024-03-21,ConsumerStaples,0.006830317442029887,3,0
2024-03-22,ConsumerStaples,-0.0002681794182752458,3,0
2024-03-25,ConsumerStaples,-0.016876494759231513,3,0
2024-03-26,ConsumerStaples,-0.005281500280832185,3,0
2024-03-27,ConsumerStaples,0.009853885605137705,3,0
2024-03-28,ConsumerStaples,0.0009318233559406641,3,0
2024-03-29,ConsumerStaples,-0.011317837445399936,3,0
2024-04-01,ConsumerStaples,-0.005971639812807683,3,0
2024-04-02,ConsumerStaples,0.004136586201500887,3,0
2024-04-03,ConsumerStaples,-0.01024413901801069,3,0
2024-04-04,ConsumerStaples,0.010494681634086364,3,0
2024-04-05,ConsumerStaples,-0.01067695200035331,3,0
2024-04-08,ConsumerStaples,-0.009139744644100426,3,0
2024-04-09,ConsumerStaples,0.005557111528204632,3,0
2024-04-10,ConsumerStaples,-0.0036515015440038434,3,0
2024-04-11,ConsumerStaples,-0.0036362287557095327,3,0
2024-04-12,ConsumerStaples,0.004575056413061625,3,0
2024-04-15,ConsumerStaples,-0.038172340747390475,3,0
2024-04-16,ConsumerStaples,-0.009754596681761226,3,0
2024-04-17,ConsumerStaples,-0.0003467653380534452,3,0
2024-04-19,ConsumerStaples,-0.010731834484066153,3,0
2024-04-22,ConsumerStaples,0.0054219818104761135,3,0
2024-04-23,ConsumerStaples,-0.014840850492089755,3,0
2024-04-24,ConsumerStaples,0.017777895807208715,3,0
2024-04-25,ConsumerStaples,0.014573851496418211,3,0
2024-04-26,ConsumerStaples,-0.0028414706332791084,3,0
2024-05-02,ConsumerStaples,0.019462155224376925,3,0
2024-05-03,ConsumerStaples,0.010464399528651006,3,0
2024-05-06,ConsumerStaples,0.008961532354890759,3,0
2024-05-07,ConsumerStaples,0.015684188990219283,3,0
2024-05-08,ConsumerStaples,0.011619234944245327,3,0
2024-05-09,ConsumerStaples,-0.017902121254347647,3,0
2024-05-10,ConsumerStaples,-0.0033269749617638547,3,0
2024-05-13,ConsumerStaples,-0.007565382866345931,3,0
2024-05-14,ConsumerStaples,0.003789522887000888,3,0
2024-05-15,ConsumerStaples,0.012981890425310949,3,0
2024-05-16,ConsumerStaples,0.0013610423769312059,3,0
2024-05-17,ConsumerStaples,0.01679830082716849,3,0
2024-05-20,ConsumerStaples,-0.0008176366314078809,3,0
2024-05-21,ConsumerStaples,-0.002450161001399239,3,0
2024-05-22,ConsumerStaples,-0.013220061310875905,3,0
2024-05-23,ConsumerStaples,0.026225011431906847,3,0
2024-05-24,ConsumerStaples,-0.023490959557717888,3,0
2024-05-27,ConsumerStaples,0.0033966077377415673,3,0
2024-05-28,ConsumerStaples,0.026877698395969245,3,0
2024-05-29,ConsumerStaples,-0.007437252807698506,3,0
2024-05-30,ConsumerStaples,0.00011910848021338498,3,0
2024-05-31,ConsumerStaples,-0.00974396750053419,3,0
2024-06-03,ConsumerStaples,0.014670570243091449,3,0
2024-06-04,ConsumerStaples,0.009872061752025263,3,0
2024-06-05,ConsumerStaples,0.03795002266046521,3,0
2024-06-06,ConsumerStaples,-0.006789114460536871,3,0
2024-06-07,ConsumerStaples,0.013024124292607242,3,0
2024-06-10,ConsumerStaples,-0.006066116830632073,3,0
2024-06-11,ConsumerStaples,-0.009562713723738958,3,0
2024-06-12,ConsumerStaples,0.008325861649915852,3,0
2024-06-13,ConsumerStaples,-0.004065434708666567,3,0
2024-06-14,ConsumerStaples,-0.017196318290222872,3,0
2024-06-17,ConsumerStaples,-0.00763054626974724,3,0
2024-06-18,ConsumerStaples,-0.0004717259272362477,3,0
2024-06-19,ConsumerStaples,-0.014095459842857982,3,0
2024-06-20,ConsumerStaples,0.0049683926877380396,3,0
2024-06-21,ConsumerStaples,-0.0014277281968751259,3,0
2024-06-24,ConsumerStaples,-0.013471659842272055,3,0
2024-06-25,ConsumerStaples,-0.003986036821857719,3,0
2024-06-26,ConsumerStaples,-0.004299795419105894,3,0
2024-06-27,ConsumerStaples,0.006027439643526478,3,0
2024-06-28,ConsumerStaples,-0.0013573869361044322,3,0
2024-07-01,ConsumerStaples,0.013302520051824565,3,0
2024-07-02,ConsumerStaples,0.0040079451596573,3,0
2024-07-03,ConsumerStaples,0.0024902975009311787,3,0
2024-07-04,ConsumerStaples,-0.0003961010496958591,3,0
2024-07-05,ConsumerStaples,-0.00203393573062316,3,0
2024-07-08,ConsumerStaples,-0.009443102917520966,3,0
2024-07-09,ConsumerStaples,0.006213884031854522,3,0
2024-07-10,ConsumerStaples,-0.007429042289334016,3,0
2024-07-11,ConsumerStaples,-0.007388228136763579,3,0
2024-07-12,ConsumerStaples,-0.0061651626425118415,3,0
2024-07-15,ConsumerStaples,-0.0030954249205518147,3,0
2024-07-16,ConsumerStaples,-0.0027074480467470887,3,0
2024-07-17,ConsumerStaples,-0.022740822051470617,3,0
2024-07-18,ConsumerStaples,0.00019485133714310562,3,0
2024-07-19,ConsumerStaples,0.0014910976097408286,3,0
2024-07-22,ConsumerStaples,0.009221293609508407,3,0
2024-07-23,ConsumerStaples,-0.009028419374475627,3,0
2024-07-24,ConsumerStaples,0.00025226465032135437,3,0
2024-07-25,ConsumerStaples,-0.006046389642604104,3,0
2024-07-26,ConsumerStaples,0.0213314702443906,3,0
2024-07-29,ConsumerStaples,0.006470927277818912,3,0
2024-07-30,ConsumerStaples,0.00456537411307123,3,0
2024-07-31,ConsumerStaples,0.0205968743238113,3,0
2024-08-01,ConsumerStaples,-0.018783030409667705,3,0
2024-08-02,ConsumerStaples,0.008115989890000655,3,0
2024-08-05,ConsumerStaples,-0.036403902509078545,3,0
2024-08-06,ConsumerStaples,0.03702852904160695,3,0
2024-08-07,ConsumerStaples,0.0016078192271408165,3,0
2024-08-08,ConsumerStaples,0.0012411105177578448,3,0
2024-08-09,ConsumerStaples,0.010936707769277318,3,0
2024-08-12,ConsumerStaples,0.0011004911080336743,3,0
2024-08-13,ConsumerStaples,0.003765956171729775,3,0
2024-08-14,ConsumerStaples,0.01707166220587686,3,0
2024-08-15,ConsumerStaples,-0.007430025760172598,3,0
2024-08-16,ConsumerStaples,0.013795368652511483,3,0
2024-08-19,ConsumerStaples,0.02096100549386204,3,0
2024-08-20,ConsumerStaples,-0.0014568807952081524,3,0
2024-08-21,ConsumerStaples,-0.005148218248563745,3,0
2024-08-22,ConsumerStaples,-0.005041143595894322,3,0
2024-08-23,ConsumerStaples,0.002062487460613919,3,0
2024-08-26,ConsumerStaples,-0.015068987438315603,3,0
2024-08-27,ConsumerStaples,0.004856943569589915,3,0
2024-08-28,ConsumerStaples,0.005452423213763454,3,0
2024-08-29,ConsumerStaples,-0.0026550939159049047,3,0
2024-08-30,ConsumerStaples,0.0005996712418261015,3,0
2024-09-04,ConsumerStaples,-0.005169252220759517,3,0
2024-09-05,ConsumerStaples,-0.004668890803058841,3,0
2024-09-06,ConsumerStaples,0.009927081573791333,3,0
2024-09-09,ConsumerStaples,-0.008234136236362488,3,0
2024-09-10,ConsumerStaples,-0.005780589569954013,3,0
2024-09-11,ConsumerStaples,-0.0011885912666657061,3,0
2024-09-12,ConsumerStaples,0.00041731872717787333,3,0
2024-09-13,ConsumerStaples,-0.007802978464134432,3,0
2024-09-16,ConsumerStaples,-0.012151899912352363,3,0
2024-09-17,ConsumerStaples,0.01842816394612834,3,0
2024-09-18,ConsumerStaples,-0.0032958761290722283,3,0
2024-09-19,ConsumerStaples,0.002388263391334059,3,0
2024-09-20,ConsumerStaples,0.003988520796531669,3,0
2024-09-23,ConsumerStaples,-0.00042867256188180064,3,0
2024-09-24,ConsumerStaples,0.0016315551437547555,3,0
2024-09-25,ConsumerStaples,-0.0007299077059270317,3,0
2024-09-26,ConsumerStaples,0.0119577468489754,3,0
2024-09-27,ConsumerStaples,0.0028000719115437813,3,0
2024-09-30,ConsumerStaples,-0.00910748541751801,3,0
2024-10-01,ConsumerStaples,0.003963011889035621,3,0
2024-10-02,ConsumerStaples,-0.007776871084264207,3,0
2024-10-03,ConsumerStaples,0.00036026800353354077,3,0
2024-10-04,ConsumerStaples,-0.011459446702296964,3,0
2024-10-07,ConsumerStaples,-0.009727017858762732,3,0
2024-10-08,ConsumerStaples,0.004912866890588341,3,0
2024-10-09,ConsumerStaples,0.006537496438168626,3,0
2024-10-10,ConsumerStaples,0.02022549348658531,3,0
2024-10-11,ConsumerStaples,0.003389303482587036,3,0
2024-10-14,ConsumerStaples,-0.007463476164196255,3,0
2024-10-15,ConsumerStaples,-0.0004855477203945154,3,0
2024-10-16,ConsumerStaples,0.005929804628519182,3,0
2024-10-17,ConsumerStaples,0.000141112161100021,3,0
2024-10-18,ConsumerStaples,-0.0028692685111441074,3,0
2024-10-21,ConsumerStaples,-0.0059989636794734276,3,0
2024-10-22,ConsumerStaples,-0.008919761190787781,3,0
2024-10-23,ConsumerStaples,0.0021123785382340574,3,0
2024-10-24,ConsumerStaples,0.0010270387370128569,3,0
2024-10-25,ConsumerStaples,-0.009841330873416432,3,0
2024-10-28,ConsumerStaples,-0.0009043214572993877,3,0
2024-10-29,ConsumerStaples,-0.0012002209568705198,3,0
2024-10-30,ConsumerStaples,-0.004227740384821284,3,0
2024-10-31,ConsumerStaples,-0.007366423513749905,3,0
2024-11-01,ConsumerStaples,-0.01005038964239513,3,0
2024-11-04,ConsumerStaples,-0.005668727950130181,3,0
2024-11-05,ConsumerStaples,-0.000971369278226164,3,0
2024-11-06,ConsumerStaples,0.008359574588331956,3,0
2024-11-07,ConsumerStaples,-0.004694944151184617,3,0
2024-11-08,ConsumerStaples,-0.00798421563662773,3,0
2024-11-11,ConsumerStaples,0.003637845831192236,3,0
2024-11-12,ConsumerStaples,0.001728641458662657,3,0
2024-11-13,ConsumerStaples,0.003970066777570169,3,0
2024-11-14,ConsumerStaples,-0.011417002254485387,3,0
2024-11-15,ConsumerStaples,-0.013937041697920685,3,0
2024-11-18,ConsumerStaples,-0.004014139887615416,3,0
2024-11-19,ConsumerStaples,-0.005459242935581421,3,0
2024-11-20,ConsumerStaples,0.007584717929260298,3,0
2024-11-21,ConsumerStaples,0.005165682967091338,3,0
2024-11-22,ConsumerStaples,0.0012109781555471228,3,0
2024-11-25,ConsumerStaples,0.006255693364165094,3,0
2024-11-26,ConsumerStaples,0.00846840773899952,3,0
2024-11-27,ConsumerStaples,-0.0009867084566718882,3,0
2024-11-28,ConsumerStaples,-0.005447718808784141,3,0
2024-11-29,ConsumerStaples,0.007794446233922263,3,0
2024-12-02,ConsumerStaples,-0.002642041516899988,3,0
2024-12-03,ConsumerStaples,-0.0026310619994528808,3,0
2024-12-04,ConsumerStaples,0.0012226164829369408,3,0
2024-12-05,ConsumerStaples,0.013218749508474644,3,0
2024-12-06,ConsumerStaples,-0.0012113460379674275,3,0
2024-12-09,ConsumerStaples,-0.002102295064188612,3,0
2024-12-10,ConsumerStaples,0.00025404958133571726,3,0
2024-12-11,ConsumerStaples,-0.001368418897895703,3,0
2024-12-12,ConsumerStaples,-0.001240154668119849,3,0
2024-12-13,ConsumerStaples,-0.007251500024437492,3,0
2024-12-16,ConsumerStaples,0.003559223854143978,3,0
2024-12-17,ConsumerStaples,-0.0024939346347593316,3,0
2024-12-18,ConsumerStaples,0.002944848634264622,3,0
2024-12-19,ConsumerStaples,-0.011671748465763984,3,0
2024-12-20,ConsumerStaples,0.0028805598399635293,3,0
2024-12-23,ConsumerStaples,0.0010661940936368408,3,0
2024-12-24,ConsumerStaples,-0.0009997365048447133,3,0
2024-12-25,ConsumerStaples,0.004105154576712493,3,0
2024-12-26,ConsumerStaples,0.0002651504953967339,3,0
2024-12-27,ConsumerStaples,0.00012420168660254305,3,0
2024-12-30,ConsumerStaples,-0.0022061627909748895,3,0
2024-12-31,ConsumerStaples,-0.0035605614480018013,3,0
2025-01-02,ConsumerStaples,0.002878282959040024,3,0
2025-01-03,ConsumerStaples,-0.009299622445339698,3,0
2025-01-06,ConsumerStaples,-0.02308557601515619,3,0
2025-01-07,ConsumerStaples,-0.005602838637887427,3,0
2025-01-08,ConsumerStaples,0.004491017964071882,3,0
2025-01-09,ConsumerStaples,-0.0020444011586667754,3,0
2025-01-10,ConsumerStaples,-0.011632203718720313,3,0
2025-01-13,ConsumerStaples,0.0011050528530579529,3,0
2025-01-14,ConsumerStaples,-0.0031142616328789416,3,0
2025-01-15,ConsumerStaples,0.01458480881053307,3,0
2025-01-16,ConsumerStaples,-0.0024849611588595075,3,0
2025-01-17,ConsumerStaples,-0.0051630485179828085,3,0
2025-01-20,ConsumerStaples,0.0017936756571319916,3,0
2025-01-21,ConsumerStaples,-0.0025376344649188733,3,0
2025-01-22,ConsumerStaples,-0.0030031956091520393,3,0
2025-01-23,ConsumerStaples,0.005000135754023545,3,0
2025-01-24,ConsumerStaples,0.013103680419024507,3,0
2025-02-03,ConsumerStaples,-0.015917787145631596,3,0
2025-02-04,ConsumerStaples,0.00133742616217473,3,0
2025-02-05,ConsumerStaples,0.004368449711132039,3,0
2025-02-06,ConsumerStaples,-0.007366925359040895,3,0
2025-02-07,ConsumerStaples,0.00014423641053729064,3,0
2025-02-10,ConsumerStaples,0.003042246754139666,3,0
2025-02-11,ConsumerStaples,-0.005485366221430921,3,0
2025-02-12,ConsumerStaples,0.006797039220550749,3,0
2025-02-13,ConsumerStaples,-0.003416000975415131,3,0
2025-02-14,ConsumerStaples,-0.006736611930268828,3,0
2025-02-17,ConsumerStaples,-0.013214126690035929,3,0
2025-02-18,ConsumerStaples,0.002329863696700777,3,0
2025-02-19,ConsumerStaples,0.009898199448808986,3,0
2025-02-20,ConsumerStaples,0.0015729485911801788,3,0
2025-02-21,ConsumerStaples,0.004572090893025016,3,0
2025-02-24,ConsumerStaples,0.0168562567456505,3,0
2025-02-25,ConsumerStaples,-0.000734410306939918,3,0
2025-02-26,ConsumerStaples,-0.0006885593083228633,3,0
2025-02-27,ConsumerStaples,-0.004301738851049675,3,0
2025-02-28,ConsumerStaples,-0.007940676177350689,3,0
2025-03-03,ConsumerStaples,0.00823985270524378,3,0
2025-03-04,ConsumerStaples,0.008856427349509902,3,0
2025-03-05,ConsumerStaples,-0.009792849875681076,3,0
2025-03-06,ConsumerStaples,0.003320112214171833,3,0
2025-03-07,ConsumerStaples,-0.0033251368436160167,3,0
2025-03-10,ConsumerStaples,-0.0002553466027601277,3,0
2025-03-11,ConsumerStaples,-0.001831285560609408,3,0
2025-03-12,ConsumerStaples,-0.002693503369915473,3,0
2025-03-13,ConsumerStaples,0.00716850948867324,3,0
2025-03-14,ConsumerStaples,0.007109901844155904,3,0
2025-03-17,ConsumerStaples,0.0020545564219531798,3,0
2025-03-18,ConsumerStaples,-0.010142905919701054,3,0
2025-03-19,ConsumerStaples,-0.008295167917313218,3,0
2025-03-20,ConsumerStaples,-0.004431323744144937,3,0
2025-03-21,ConsumerStaples,-0.007125068739419056,3,0
2025-03-24,ConsumerStaples,0.0008490165303789802,3,0
2025-03-25,ConsumerStaples,-0.0022952761735525185,3,0
2025-03-26,ConsumerStaples,-0.002067128443643059,3,0
2025-03-27,ConsumerStaples,0.004819725397953241,3,0
2025-03-28,ConsumerStaples,-0.010373663578607917,3,0
2025-03-31,ConsumerStaples,-0.009361536473411572,3,0
2025-04-01,ConsumerStaples,0.0011364917076787477,3,0
2025-04-02,ConsumerStaples,-0.002963693589698243,3,0
2025-04-03,ConsumerStaples,-0.06855940353699141,3,0
2025-04-04,ConsumerStaples,-0.02484564572871199,3,0
2025-04-08,ConsumerStaples,-0.05161867016345845,3,0
2025-04-09,ConsumerStaples,-0.026312955606524396,3,0
2025-04-10,ConsumerStaples,0.06933906628202458,3,0
2025-04-11,ConsumerStaples,0.04487334059845501,3,0
2025-04-14,ConsumerStaples,0.016882489676679935,3,0
2025-04-15,ConsumerStaples,-0.017248485559183162,3,0
2025-04-16,ConsumerStaples,-0.02126567340668739,3,0
2025-04-17,ConsumerStaples,0.0010506196385372535,3,0
2025-04-18,ConsumerStaples,0.010186418808397324,3,0
2025-04-21,ConsumerStaples,-0.0006265646363041721,3,0
2025-04-22,ConsumerStaples,-0.00423400230925719,3,0
2025-04-23,ConsumerStaples,0.02186118427644268,3,0
2025-04-24,ConsumerStaples,0.005187281033069461,3,0
2025-04-25,ConsumerStaples,0.025578146362537007,3,0
2025-04-28,ConsumerStaples,0.00949949198002594,3,0
2025-04-29,ConsumerStaples,-0.019550116038386706,3,0
2025-05-05,ConsumerStaples,-0.0053993333124340665,3,0
2025-05-06,ConsumerStaples,-0.003052290606200825,3,0
2025-05-07,ConsumerStaples,-0.0027535165205851975,3,0
2025-05-08,ConsumerStaples,0.016063397211395047,3,0
2025-05-09,ConsumerStaples,0.003817454994944014,3,0
2025-05-12,ConsumerStaples,0.004083671734027276,3,0
2025-05-13,ConsumerStaples,-0.0014548248900620637,3,0
2025-05-14,ConsumerStaples,0.0010131560282341152,3,0
2025-05-15,ConsumerStaples,0.011640288594334303,3,0
2025-05-16,ConsumerStaples,-0.003823036955065251,3,0
2025-05-19,ConsumerStaples,-0.0090887355315404,3,0
2025-05-20,ConsumerStaples,0.0037889857118080794,3,0
2025-05-21,ConsumerStaples,0.00048344985870048723,3,0
2025-05-22,ConsumerStaples,6.19018188357338e-05,3,0
2025-05-23,ConsumerStaples,-0.0036712102277513723,3,0
2025-05-26,ConsumerStaples,0.0055757658248470525,3,0
2025-05-27,ConsumerStaples,-0.0007666621234836782,3,0
2025-05-28,ConsumerStaples,-0.001691793520686972,3,0
2025-05-29,ConsumerStaples,-0.0046804621807304825,3,0
2025-05-30,ConsumerStaples,-0.011914164241952093,3,0
2025-06-02,ConsumerStaples,0.0014281534081618252,3,0
2025-06-03,ConsumerStaples,0.014325424972533826,3,0
2025-06-04,ConsumerStaples,0.01668530248585161,3,0
2025-06-05,ConsumerStaples,0.0013112796593300151,3,0
2025-06-06,ConsumerStaples,-0.013002350850295516,3,0
2025-06-09,ConsumerStaples,-0.005971316818774497,3,0
2025-06-10,ConsumerStaples,0.0036401456058242263,3,0
2025-06-11,ConsumerStaples,0.0004724111489740797,3,0
2025-06-12,ConsumerStaples,0.01241343069896302,3,0
2025-06-13,ConsumerStaples,-0.006802457455251247,3,0
2025-06-16,ConsumerStaples,0.01502610912960023,3,0
2025-06-17,ConsumerStaples,0.007596837781497408,3,0
2025-06-18,ConsumerStaples,-0.006150282273013841,3,0
2025-06-19,ConsumerStaples,0.0002805985564606391,3,0
2025-06-20,ConsumerStaples,0.003253788506683971,3,0
2025-06-23,ConsumerStaples,-0.0033863476244005244,3,0
2025-06-24,ConsumerStaples,0.011688558139684094,3,0
2025-06-25,ConsumerStaples,0.011978193636738096,3,0
2025-06-26,ConsumerStaples,0.00703544278694701,3,0
2025-06-27,ConsumerStaples,0.031122979404413293,3,0
2025-06-30,ConsumerStaples,-0.0029774165874121663,3,0
2025-07-01,ConsumerStaples,-0.013044138667933858,3,0
2025-07-02,ConsumerStaples,7.110307756304686e-05,3,0
2025-07-03,ConsumerStaples,-0.005338210172653087,3,0
2025-07-04,ConsumerStaples,0.003254471847330557,3,0
2025-07-07,ConsumerStaples,0.0014548222769848647,3,0
2025-07-08,ConsumerStaples,0.013135242520569745,3,0
2025-07-09,ConsumerStaples,0.013374706376252524,3,0
2025-07-10,ConsumerStaples,0.005219856490013737,3,0
2025-07-11,ConsumerStaples,-0.0008292742879730808,3,0
2025-07-14,ConsumerStaples,-0.003467043282727363,3,0
2025-07-15,ConsumerStaples,-0.004327633981710284,3,0
2025-07-16,ConsumerStaples,0.0019477846134725585,3,0
2025-07-17,ConsumerStaples,0.008084564147118481,3,0
2025-07-18,ConsumerStaples,0.011861225223241512,3,0
2025-07-21,ConsumerStaples,-0.011281062312872403,3,0
2025-07-22,ConsumerStaples,0.0025970338397625823,3,0
2025-07-23,ConsumerStaples,0.012204544010262533,3,0
2025-07-24,ConsumerStaples,0.007988680061733477,3,0
2025-07-25,ConsumerStaples,-0.0028978677283551337,3,0
2025-07-28,ConsumerStaples,0.00983079758681312,3,0
2025-07-29,ConsumerStaples,-0.036949059413654006,3,0
2025-07-30,ConsumerStaples,0.003915393040937724,3,0
2025-07-31,ConsumerStaples,-0.010913081034882643,3,0
2025-08-01,ConsumerStaples,-0.004420703365226486,3,0
2025-08-04,ConsumerStaples,0.009673717174898103,3,0
2025-08-05,ConsumerStaples,-0.0026319194906512613,3,0
2025-08-06,ConsumerStaples,0.014960039328855293,3,0
2025-08-07,ConsumerStaples,-0.001952448343403912,3,0
2025-08-08,ConsumerStaples,0.0026746871344833036,3,0
2025-08-11,ConsumerStaples,0.029296404520367265,3,0
2025-08-12,ConsumerStaples,0.008793875695077169,3,0
2025-08-13,ConsumerStaples,0.003005340289146378,3,0
2025-08-14,ConsumerStaples,-0.0013276767580913489,3,0
2025-08-15,ConsumerStaples,-0.013236116712217805,3,0
2025-08-18,ConsumerStaples,-0.0009328367493869338,3,0
2025-08-19,ConsumerStaples,0.003301525402114184,3,0
2025-08-20,ConsumerStaples,-0.009854898356769374,3,0
2025-08-21,ConsumerStaples,0.0010146581996910802,3,0
2025-08-22,ConsumerStaples,-0.026512483360915124,3,0
2025-08-25,ConsumerStaples,-0.007690405330590473,3,0
2025-08-26,ConsumerStaples,0.014629205247701949,3,0
2025-08-27,ConsumerStaples,0.009745379407199032,3,0
2025-08-28,ConsumerStaples,0.010393918340354302,3,0
2025-08-29,ConsumerStaples,-0.0042413689205350975,3,0
2025-09-03,ConsumerStaples,0.005141296811552694,3,0
2025-09-04,ConsumerStaples,0.014269122134731896,3,0
2025-09-05,ConsumerStaples,-0.01043978046319157,3,0
2025-09-08,ConsumerStaples,-0.013215590689853266,3,0
2025-09-09,ConsumerStaples,-0.005229448110082672,3,0
2025-09-10,ConsumerStaples,-0.0031246782151810315,3,0
2025-09-11,ConsumerStaples,0.013001854195611395,3,0
2025-09-12,ConsumerStaples,0.028892279186155074,3,0
2025-09-15,ConsumerStaples,0.009549186008612357,3,0
2025-09-16,ConsumerStaples,0.009864509569531332,3,0
2025-09-17,ConsumerStaples,-0.01134127202389971,3,0
2025-09-18,ConsumerStaples,-0.01201361374958739,3,0
2025-09-19,ConsumerStaples,-0.014445005482254395,3,0
2025-09-22,ConsumerStaples,-0.013391829450614382,3,0
2025-09-23,ConsumerStaples,0.001875733923231963,3,0
2025-09-24,ConsumerStaples,0.008359098388690903,3,0
2025-09-25,ConsumerStaples,-0.007355945481577364,3,0
2025-09-26,ConsumerStaples,-0.0036086835620033155,3,0
2025-09-29,ConsumerStaples,-0.0070530048984477345,3,0
2025-09-30,ConsumerStaples,-0.007088847731300474,3,0
2025-10-01,ConsumerStaples,0.013655154577876619,3,0
2025-10-02,ConsumerStaples,-0.0033061632496147095,3,0
2025-10-03,ConsumerStaples,-0.0044566583031691405,3,0
2025-10-06,ConsumerStaples,0.022845293903697828,3,0
2025-10-07,ConsumerStaples,-0.008433163158254228,3,0
2025-10-08,ConsumerStaples,0.01088500203142162,3,0
2025-10-09,ConsumerStaples,-0.0031687349538545018,3,0
2025-10-10,ConsumerStaples,0.0032051401512910305,3,0
2025-10-13,ConsumerStaples,0.01281453305445727,3,0
2025-10-14,ConsumerStaples,-0.01640322316813092,3,0
2025-10-15,ConsumerStaples,-0.0005609991698161121,3,0
2025-10-16,ConsumerStaples,0.025139761395039928,3,0
2025-10-17,ConsumerStaples,-0.013421227263258931,3,0
2025-10-20,ConsumerStaples,-0.05386579529862775,3,0
2025-10-21,ConsumerStaples,-0.003401513291563537,3,0
2025-10-22,ConsumerStaples,0.005774419991163311,3,0
2025-10-23,ConsumerStaples,0.0032070792745396703,3,0
2025-10-24,ConsumerStaples,0.011289540192318722,3,0
2025-10-27,ConsumerStaples,-0.00746988463132503,3,0
2025-10-28,ConsumerStaples,0.004478641435165705,3,0
2025-10-29,ConsumerStaples,0.003661251986566564,3,0
2025-10-30,ConsumerStaples,-0.002293718455841661,3,0
2025-10-31,ConsumerStaples,0.005219586317913638,3,0
2025-11-03,ConsumerStaples,-0.009285474008671931,3,0
2025-11-04,ConsumerStaples,0.012611722136603923,3,0
2025-11-05,ConsumerStaples,0.004543175833651343,3,0
2025-11-06,ConsumerStaples,-0.006194924184310964,3,0
2025-11-07,ConsumerStaples,-0.011151614436799276,3,0
2025-11-10,ConsumerStaples,-0.007617420580355379,3,0
2025-11-11,ConsumerStaples,0.0265797146781388,3,0
2025-11-12,ConsumerStaples,0.010387195783162792,3,0
2025-11-13,ConsumerStaples,0.013509993936341816,3,0
2025-11-14,ConsumerStaples,-0.0009425230972779733,3,0
2025-11-17,ConsumerStaples,0.004644429536027468,3,0
2025-11-18,ConsumerStaples,-0.010779185691016916,3,0
2025-11-19,ConsumerStaples,-0.0011654311939635804,3,0
2025-11-20,ConsumerStaples,-0.0019733148558895852,3,0
2025-11-21,ConsumerStaples,-0.01118082147980115,3,0
2025-11-24,ConsumerStaples,0.014587369078606286,3,0
2025-11-25,ConsumerStaples,-0.008090253637258979,3,0
2025-11-26,ConsumerStaples,0.013190683662799666,3,0
2025-11-27,ConsumerStaples,-0.005447084929526687,3,0
2025-11-28,ConsumerStaples,0.006101478630819075,3,0
2025-12-01,ConsumerStaples,0.029435560577280178,3,0
2025-12-02,ConsumerStaples,0.02280499138508015,3,0
2025-12-03,ConsumerStaples,0.0032328589591119616,3,0
2025-12-04,ConsumerStaples,-0.015504960249079583,3,0
2025-12-05,ConsumerStaples,-0.014329669563398354,3,0
2025-12-08,ConsumerStaples,0.02201685636882918,3,0
2025-12-09,ConsumerStaples,-0.008456060166337561,3,0
2025-12-10,ConsumerStaples,-0.008086110602564256,3,0
2025-12-11,ConsumerStaples,-0.007155453338460571,3,0
2025-12-12,ConsumerStaples,-0.03306130363847456,3,0
2025-12-15,ConsumerStaples,0.013216859820995111,3,0
2025-12-16,ConsumerStaples,0.024346598951939507,3,0
2025-12-17,ConsumerStaples,-0.019291817539969225,3,0
2025-12-18,ConsumerStaples,0.0059473747481044725,3,0
2025-12-19,ConsumerStaples,0.0053239230659779535,3,0
2025-12-22,ConsumerStaples,-0.003961533362466185,3,0
2025-12-23,ConsumerStaples,-0.0033510944721636404,3,0
2025-12-24,ConsumerStaples,-0.010219566516839196,3,0
2025-12-25,ConsumerStaples,-0.004685915786393768,3,0
2025-12-26,ConsumerStaples,0.0005196885917982582,3,0
2025-12-29,ConsumerStaples,0.004417063005148473,3,0
2025-12-30,ConsumerStaples,0.010057718019578887,3,0
2025-12-31,ConsumerStaples,-0.006791488354671841,3,0
2026-01-05,ConsumerStaples,-0.011929702460647914,3,0
2026-01-06,ConsumerStaples,-0.000149246134502512,3,0
2026-01-07,ConsumerStaples,0.013277413735258259,3,0
2026-01-08,ConsumerStaples,0.00526402011096642,3,0
2026-01-09,ConsumerStaples,-0.009548991569216033,3,0
2026-01-12,ConsumerStaples,0.018759871113410636,3,0
2026-01-13,ConsumerStaples,0.028848191449871496,3,0
2026-01-14,ConsumerStaples,0.051873395712598004,3,0
2026-01-15,ConsumerStaples,0.011719500547347198,3,0
2026-01-16,ConsumerStaples,-0.006212870996847346,3,0
2026-01-19,ConsumerStaples,-0.009004951477128357,3,0
2026-01-20,ConsumerStaples,0.020210888827874213,3,0
2026-01-21,ConsumerStaples,-0.02532222795719404,3,0
2026-01-22,ConsumerStaples,0.002840213505704995,3,0
2026-01-23,ConsumerStaples,-0.029701453152411905,3,0
2026-01-26,ConsumerStaples,-0.004129620118057138,3,0
2026-01-27,ConsumerStaples,-0.0012161510172505146,3,0
2026-01-28,ConsumerStaples,0.008132295395631503,3,0
2026-01-29,ConsumerStaples,0.045261349019555475,3,0
2026-01-30,ConsumerStaples,-0.0054194225889366105,3,0
2026-02-02,ConsumerStaples,0.008666072241262368,3,0
2026-02-03,ConsumerStaples,0.010096722605951625,3,0
2026-02-04,ConsumerStaples,-0.005059588129087948,3,0
2026-02-05,ConsumerStaples,-0.03705170462593529,3,0
2026-02-06,ConsumerStaples,-0.0140198193034586,3,0
2026-02-09,ConsumerStaples,0.00717759664404416,3,0
2026-02-10,ConsumerStaples,-0.01912024709737925,3,0
2026-02-11,ConsumerStaples,0.01104371121148584,3,0
2026-02-12,ConsumerStaples,0.00018628105975819023,3,0
2026-02-13,ConsumerStaples,0.00039556347295940003,3,0
2026-02-23,ConsumerStaples,0.012783827233667111,3,0
2026-02-24,ConsumerStaples,0.004912004771634597,3,0
2026-02-25,ConsumerStaples,0.010264466262810931,3,0
2026-02-26,ConsumerStaples,-0.008118417339406917,3,0
2026-02-27,ConsumerStaples,-0.02186917663073688,3,0
2026-03-02,ConsumerStaples,-0.018619649667645843,3,0
2026-03-03,ConsumerStaples,-0.03045011326843224,3,0
2026-03-04,ConsumerStaples,0.0035441563377709797,3,0
2026-03-05,ConsumerStaples,-0.014305749567509149,3,0
2026-03-06,ConsumerStaples,-0.01346693775264396,3,0
2026-03-09,ConsumerStaples,-0.06916913385895514,3,0
2026-03-10,ConsumerStaples,0.04147847886439404,3,0
2026-03-11,ConsumerStaples,0.028133341776087617,3,0
2026-03-12,ConsumerStaples,-0.014732928175761698,3,0
2026-03-13,ConsumerStaples,0.016703173785937775,3,0
2026-03-16,ConsumerStaples,-0.007927466299907482,3,0
2026-03-17,ConsumerStaples,0.00587776564490287,3,0
2026-03-18,ConsumerStaples,0.0013730425408474318,3,0
2026-03-19,ConsumerStaples,-0.004045654563380944,3,0
2026-03-20,ConsumerStaples,-0.03675223435781616,3,0
2026-03-23,ConsumerStaples,0.004427547616140577,3,0
2026-03-24,ConsumerStaples,0.025422799879157337,3,0
2026-03-25,ConsumerStaples,0.007392374136005057,3,0
2026-03-26,ConsumerStaples,-0.0183340542547417,3,0
2026-03-27,ConsumerStaples,0.01130412000900686,3,0
2026-03-30,ConsumerStaples,0.0019514251382870922,3,0
2026-03-31,ConsumerStaples,0.00368387970598294,3,0
2026-04-01,ConsumerStaples,0.012124281219918709,3,0
2026-04-02,ConsumerStaples,-0.008466470317040323,3,0
2026-04-03,ConsumerStaples,-0.00861819802539284,3,0
2026-04-06,ConsumerStaples,0.007258967844165761,3,0
2026-04-07,ConsumerStaples,-0.0029477159551909438,3,0
2026-04-08,ConsumerStaples,0.030502517406503154,3,0
2026-04-09,ConsumerStaples,-0.005204655411693644,3,0
2026-04-10,ConsumerStaples,0.010576985783226744,3,0
2026-04-13,ConsumerStaples,-0.006820811405964171,3,0
2026-04-14,ConsumerStaples,-0.0038784299883227367,3,0
2026-04-15,ConsumerStaples,0.0019442229808516915,3,0
2026-04-16,ConsumerStaples,-0.0005579889619192387,3,0
2026-04-17,ConsumerStaples,0.005715650322107931,3,0
2026-04-20,ConsumerStaples,0.0023247978436657193,3,0
2026-04-21,ConsumerStaples,-0.0053460364079481,3,0
2026-04-22,ConsumerStaples,0.00032346928387786783,3,0
2026-04-23,ConsumerStaples,0.020990286652472896,3,0
2026-04-24,ConsumerStaples,-0.01578194169804148,3,0
2026-04-28,ConsumerStaples,0.010436534732679359,3,0
2026-04-29,ConsumerStaples,-0.011088061171472282,3,0
2026-05-04,ConsumerStaples,-0.0010526315789473422,3,0
2026-05-05,ConsumerStaples,-0.0019059955481911157,3,0
2026-05-06,ConsumerStaples,0.015343825149293,3,0
2026-05-07,ConsumerStaples,0.003034895966754917,3,0
2026-05-08,ConsumerStaples,-0.009396916208362879,3,0
2026-05-11,ConsumerStaples,-0.0031314670042845716,3,0
2026-05-12,ConsumerStaples,-0.006124923923436183,3,0
2026-05-13,ConsumerStaples,-0.0024543222729282257,3,0
2026-05-14,ConsumerStaples,0.008537280212107682,3,0
2026-05-15,ConsumerStaples,0.0025891630609556162,3,0
2026-05-18,ConsumerStaples,-0.0014161457615817403,3,0
2026-05-19,ConsumerStaples,-0.003180647218326856,3,0
2026-05-20,ConsumerStaples,-0.013277075515140976,3,0
2026-05-21,ConsumerStaples,0.004159493599654063,3,0
2026-05-22,ConsumerStaples,0.002620183947556143,3,0
2026-05-25,ConsumerStaples,0.0016784641520843913,3,0
2026-05-26,ConsumerStaples,-0.005734817426922056,3,0
2026-05-27,ConsumerStaples,3.058782326648135e-05,3,0
2026-05-28,ConsumerStaples,-0.00708445807652236,3,0
2026-05-29,ConsumerStaples,-0.004188962788730599,3,0
2026-06-01,ConsumerStaples,0.0012515603475162413,3,0
2026-06-02,ConsumerStaples,-0.010959850819200848,3,0
2026-06-03,ConsumerStaples,0.010494516414746377,3,0
2026-06-04,ConsumerStaples,-0.0010646860133117404,3,0
2026-06-05,ConsumerStaples,-0.005170256615445272,3,0
2026-06-08,ConsumerStaples,-0.018365567229263895,3,0
2026-06-09,ConsumerStaples,0.010318059027338991,3,0
2026-06-10,ConsumerStaples,0.003950688340709292,3,0
2026-06-11,ConsumerStaples,0.004883225543329576,3,0
2026-06-12,ConsumerStaples,-0.000635424550091875,3,0
2026-06-15,ConsumerStaples,0.008438744101250154,3,0
2026-06-16,ConsumerStaples,0.004472866714826977,3,0
2026-06-17,ConsumerStaples,-0.004902210005180356,3,0
2026-06-18,ConsumerStaples,-0.0048288583510524745,3,0
2026-06-19,ConsumerStaples,-0.001913010434950772,3,0
2026-06-22,ConsumerStaples,-0.004244186271956107,3,0
2026-06-23,ConsumerStaples,-0.0038824542902985426,3,0
2026-06-24,ConsumerStaples,-0.0005894488653109079,3,0
2026-06-25,ConsumerStaples,0.00557880055788007,3,0
2026-06-26,ConsumerStaples,-0.0006660690025188654,3,0
2026-06-29,ConsumerStaples,-0.002707397644125864,3,0
2026-06-30,ConsumerStaples,-0.004252079619726697,3,0
2026-07-01,ConsumerStaples,0.003251445591960852,3,0
2026-07-02,ConsumerStaples,0.0030753676936092398,3,0
2026-07-03,ConsumerStaples,-0.011167131936520192,3,0
2026-07-06,ConsumerStaples,-0.008825831708279034,3,0
2026-07-07,ConsumerStaples,-0.009482033454610924,3,0
2026-07-08,ConsumerStaples,0.005220664975964591,3,0
2026-07-09,ConsumerStaples,-0.000836199132072372,3,0
2026-07-10,ConsumerStaples,0.004902203472712603,3,0
2026-07-13,ConsumerStaples,-0.01849723883921676,3,0
2026-07-14,ConsumerStaples,0.010759534067456297,3,0
2026-07-15,ConsumerStaples,-0.006100721890195615,3,0
2026-07-16,ConsumerStaples,0.0021715526601520097,3,0
2026-07-17,ConsumerStaples,0.020562766408048477,3,0
2026-07-20,ConsumerStaples,-0.015668205050803536,3,0
2026-07-21,ConsumerStaples,-0.0021695621824820246,3,0
2026-07-22,ConsumerStaples,-0.0014952829701457466,3,0
2026-07-23,ConsumerStaples,-0.006455569317341296,3,0
2026-07-24,ConsumerStaples,0.0022767813320572206,3,0
2026-07-27,ConsumerStaples,-0.004942463686096965,3,0
2024-01-03,ConsumerDiscretionary,0.028795213726202046,3,0
2024-01-04,ConsumerDiscretionary,-0.01075571107248278,3,0
2024-01-05,ConsumerDiscretionary,0.00395162256555015,3,0
2024-01-08,ConsumerDiscretionary,0.005164116252560598,3,0
2024-01-09,ConsumerDiscretionary,-0.004406204496742598,3,0
2024-01-10,ConsumerDiscretionary,-0.005826861288296829,3,0
2024-01-11,ConsumerDiscretionary,0.00019641228133437938,3,0
2024-01-12,ConsumerDiscretionary,-0.008398725409446528,3,0
2024-01-15,ConsumerDiscretionary,0.005987979030911454,3,0
2024-01-16,ConsumerDiscretionary,0.025724811704325168,3,0
2024-01-17,ConsumerDiscretionary,0.0070135731723199495,3,0
2024-01-18,ConsumerDiscretionary,0.011520375492215962,3,0
2024-01-19,ConsumerDiscretionary,-0.0014730380698623573,3,0
2024-01-22,ConsumerDiscretionary,-0.0023174830974066842,3,0
2024-01-23,ConsumerDiscretionary,-0.001747504257733919,3,0
2024-01-24,ConsumerDiscretionary,-0.014958380541594152,3,0
2024-01-25,ConsumerDiscretionary,0.01520910822660504,3,0
2024-01-26,ConsumerDiscretionary,-0.005318519876362744,3,0
2024-01-29,ConsumerDiscretionary,0.003925126407522295,3,0
2024-01-30,ConsumerDiscretionary,0.009981704267625346,3,0
2024-01-31,ConsumerDiscretionary,-0.008034379110205806,3,0
2024-02-01,ConsumerDiscretionary,0.014481252687883769,3,0
2024-02-02,ConsumerDiscretionary,0.01193602411077177,3,0
2024-02-05,ConsumerDiscretionary,-0.0021171366214306118,3,0
2024-02-06,ConsumerDiscretionary,0.00022541716569994077,3,0
2024-02-07,ConsumerDiscretionary,-0.004486377704743361,3,0
2024-02-15,ConsumerDiscretionary,0.004849631499307616,3,0
2024-02-16,ConsumerDiscretionary,-0.00046989972079218106,3,0
2024-02-19,ConsumerDiscretionary,-0.0019151816604103071,3,0
2024-02-20,ConsumerDiscretionary,-0.006344674438892898,3,0
2024-02-21,ConsumerDiscretionary,-0.004864794802521925,3,0
2024-02-22,ConsumerDiscretionary,-0.003691467057324297,3,0
2024-02-23,ConsumerDiscretionary,-0.02518485291227146,3,0
2024-02-26,ConsumerDiscretionary,0.007168341850504485,3,0
2024-02-27,ConsumerDiscretionary,0.012541272687257207,3,0
2024-02-28,ConsumerDiscretionary,0.004576545574764094,3,0
2024-02-29,ConsumerDiscretionary,0.009759430306361653,3,0
2024-03-01,ConsumerDiscretionary,0.04283326701825193,3,0
2024-03-04,ConsumerDiscretionary,0.004222672801635315,3,0
2024-03-05,ConsumerDiscretionary,0.023606158371073233,3,0
2024-03-06,ConsumerDiscretionary,-0.02330390974929264,3,0
2024-03-07,ConsumerDiscretionary,0.009030072641530143,3,0
2024-03-08,ConsumerDiscretionary,0.004674620908198627,3,0
2024-03-11,ConsumerDiscretionary,-0.0062979907105947435,3,0
2024-03-12,ConsumerDiscretionary,0.025562563216702177,3,0
2024-03-13,ConsumerDiscretionary,0.0343550215287057,3,0
2024-03-14,ConsumerDiscretionary,-0.00985408131842854,3,0
2024-03-15,ConsumerDiscretionary,0.012700631584997494,3,0
2024-03-18,ConsumerDiscretionary,-0.03642291925915705,3,0
2024-03-19,ConsumerDiscretionary,-0.010247367797330598,3,0
2024-03-20,ConsumerDiscretionary,0.03241869130483921,3,0
2024-03-21,ConsumerDiscretionary,0.007741358202439486,3,0
2024-03-22,ConsumerDiscretionary,0.006951725692037576,3,0
2024-03-25,ConsumerDiscretionary,-0.024787665171635147,3,0
2024-03-26,ConsumerDiscretionary,0.008797085720976114,3,0
2024-03-27,ConsumerDiscretionary,0.01697051447897513,3,0
2024-03-28,ConsumerDiscretionary,0.00363292427728464,3,0
2024-03-29,ConsumerDiscretionary,0.006315303620962369,3,0
2024-04-01,ConsumerDiscretionary,-5.943121044382771e-05,3,0
2024-04-02,ConsumerDiscretionary,0.01021926483433607,3,0
2024-04-03,ConsumerDiscretionary,-0.02466646617075367,3,0
2024-04-04,ConsumerDiscretionary,0.006093288658318263,3,0
2024-04-05,ConsumerDiscretionary,-0.010296661929901382,3,0
2024-04-08,ConsumerDiscretionary,-0.02496359044089491,3,0
2024-04-09,ConsumerDiscretionary,0.03107099946753659,3,0
2024-04-10,ConsumerDiscretionary,0.004638887994543632,3,0
2024-04-11,ConsumerDiscretionary,0.004246648008467043,3,0
2024-04-12,ConsumerDiscretionary,0.012695836680368666,3,0
2024-04-15,ConsumerDiscretionary,-0.05791079798433255,3,0
2024-04-16,ConsumerDiscretionary,-0.0032135811856120653,3,0
2024-04-17,ConsumerDiscretionary,-0.03437459660892491,3,0
2024-04-19,ConsumerDiscretionary,-0.02422482853986267,3,0
2024-04-22,ConsumerDiscretionary,0.02836676099854592,3,0
2024-04-23,ConsumerDiscretionary,-0.0038225565776344914,3,0
2024-04-24,ConsumerDiscretionary,0.045596426933844615,3,0
2024-04-25,ConsumerDiscretionary,0.007001515829278104,3,0
2024-04-26,ConsumerDiscretionary,0.01353253738201706,3,0
2024-05-02,ConsumerDiscretionary,0.00983754575588347,3,0
2024-05-03,ConsumerDiscretionary,0.0003441948796728915,3,0
2024-05-06,ConsumerDiscretionary,0.024800194617996207,3,0
2024-05-07,ConsumerDiscretionary,0.013513396194143082,3,0
2024-05-08,ConsumerDiscretionary,-0.000328762485435193,3,0
2024-05-09,ConsumerDiscretionary,-0.0059440816287189184,3,0
2024-05-10,ConsumerDiscretionary,-0.0014187974514939066,3,0
2024-05-13,ConsumerDiscretionary,-0.008815425499349586,3,0
2024-05-14,ConsumerDiscretionary,0.014784152685460702,3,0
2024-05-15,ConsumerDiscretionary,0.009813352438710213,3,0
2024-05-16,ConsumerDiscretionary,-0.003200280090996784,3,0
2024-05-17,ConsumerDiscretionary,0.0167276445213768,3,0
2024-05-20,ConsumerDiscretionary,-0.0034777153852830756,3,0
2024-05-21,ConsumerDiscretionary,0.009015652018770156,3,0
2024-05-22,ConsumerDiscretionary,-0.002054093748173965,3,0
2024-05-23,ConsumerDiscretionary,0.0060452726895906155,3,0
2024-05-24,ConsumerDiscretionary,-0.023663762535185245,3,0
2024-05-27,ConsumerDiscretionary,-0.005765614749928871,3,0
2024-05-28,ConsumerDiscretionary,0.01932122973212976,3,0
2024-05-29,ConsumerDiscretionary,-0.015709203305990755,3,0
2024-05-30,ConsumerDiscretionary,0.012843604735869948,3,0
2024-05-31,ConsumerDiscretionary,0.013472927652437757,3,0
2024-06-03,ConsumerDiscretionary,-0.0009971675018528952,3,0
2024-06-04,ConsumerDiscretionary,0.0022417053406910137,3,0
2024-06-05,ConsumerDiscretionary,-0.014930591694551687,3,0
2024-06-06,ConsumerDiscretionary,0.0020586793107787806,3,0
2024-06-07,ConsumerDiscretionary,0.0038763926155256,3,0
2024-06-10,ConsumerDiscretionary,0.004266583374615163,3,0
2024-06-11,ConsumerDiscretionary,-0.005224862123103284,3,0
2024-06-12,ConsumerDiscretionary,0.023905329627215883,3,0
2024-06-13,ConsumerDiscretionary,0.00197594932208441,3,0
2024-06-14,ConsumerDiscretionary,-0.022595779250451604,3,0
2024-06-17,ConsumerDiscretionary,-0.010370126996053294,3,0
2024-06-18,ConsumerDiscretionary,0.0036305653558502313,3,0
2024-06-19,ConsumerDiscretionary,0.00881835844319423,3,0
2024-06-20,ConsumerDiscretionary,0.006593955954184623,3,0
2024-06-21,ConsumerDiscretionary,0.004393264431806061,3,0
2024-06-24,ConsumerDiscretionary,-0.024846533131502868,3,0
2024-06-25,ConsumerDiscretionary,-0.0011007895746125336,3,0
2024-06-26,ConsumerDiscretionary,0.006165087054608165,3,0
2024-06-27,ConsumerDiscretionary,0.0016431139686765572,3,0
2024-06-28,ConsumerDiscretionary,-0.005923270561208708,3,0
2024-07-01,ConsumerDiscretionary,0.022280322696879778,3,0
2024-07-02,ConsumerDiscretionary,0.007159280570739002,3,0
2024-07-03,ConsumerDiscretionary,-0.0012370654025023835,3,0
2024-07-04,ConsumerDiscretionary,-0.0040900000585054235,3,0
2024-07-05,ConsumerDiscretionary,0.009192445470826168,3,0
2024-07-08,ConsumerDiscretionary,0.01164595467411981,3,0
2024-07-09,ConsumerDiscretionary,0.011496098145403014,3,0
2024-07-10,ConsumerDiscretionary,-0.01699674491897163,3,0
2024-07-11,ConsumerDiscretionary,-0.0014266995256352333,3,0
2024-07-12,ConsumerDiscretionary,0.0030644991277598934,3,0
2024-07-15,ConsumerDiscretionary,-0.003046970596298104,3,0
2024-07-16,ConsumerDiscretionary,-0.007225654393444063,3,0
2024-07-17,ConsumerDiscretionary,-0.007211551675542956,3,0
2024-07-18,ConsumerDiscretionary,0.01601810483159949,3,0
2024-07-19,ConsumerDiscretionary,0.009177862936666373,3,0
2024-07-22,ConsumerDiscretionary,-0.008239398620834818,3,0
2024-07-23,ConsumerDiscretionary,-0.038796860638566945,3,0
2024-07-24,ConsumerDiscretionary,-0.02051956472577776,3,0
2024-07-25,ConsumerDiscretionary,0.004000228474686396,3,0
2024-07-26,ConsumerDiscretionary,0.008265902521019072,3,0
2024-07-29,ConsumerDiscretionary,0.008159720838701201,3,0
2024-07-30,ConsumerDiscretionary,0.002413824497197107,3,0
2024-07-31,ConsumerDiscretionary,0.002609324071389437,3,0
2024-08-01,ConsumerDiscretionary,-0.027692706143529772,3,0
2024-08-02,ConsumerDiscretionary,0.021527857811412348,3,0
2024-08-05,ConsumerDiscretionary,-0.03988721387880101,3,0
2024-08-06,ConsumerDiscretionary,0.015678760567940264,3,0
2024-08-07,ConsumerDiscretionary,-0.0009514539906768279,3,0
2024-08-08,ConsumerDiscretionary,-0.0036795974842335952,3,0
2024-08-09,ConsumerDiscretionary,0.036608582247263044,3,0
2024-08-12,ConsumerDiscretionary,0.013350254284218691,3,0
2024-08-13,ConsumerDiscretionary,0.0018574893297059376,3,0
2024-08-14,ConsumerDiscretionary,-0.0016622388713572651,3,0
2024-08-15,ConsumerDiscretionary,-0.005224134906820906,3,0
2024-08-16,ConsumerDiscretionary,0.029524623301750468,3,0
2024-08-19,ConsumerDiscretionary,0.024242157855347706,3,0
2024-08-20,ConsumerDiscretionary,0.013882840513515996,3,0
2024-08-21,ConsumerDiscretionary,0.00810955486197836,3,0
2024-08-22,ConsumerDiscretionary,0.00377118992979845,3,0
2024-08-23,ConsumerDiscretionary,-0.0017587937157376166,3,0
2024-08-26,ConsumerDiscretionary,-0.02619720689022938,3,0
2024-08-27,ConsumerDiscretionary,0.001327207759060774,3,0
2024-08-28,ConsumerDiscretionary,-0.006462819794491814,3,0
2024-08-29,ConsumerDiscretionary,-0.0034232544340476734,3,0
2024-08-30,ConsumerDiscretionary,0.013423153778222563,3,0
2024-09-04,ConsumerDiscretionary,-0.009851897891585285,3,0
2024-09-05,ConsumerDiscretionary,-0.0077660332068386255,3,0
2024-09-06,ConsumerDiscretionary,0.0009130257311381248,3,0
2024-09-09,ConsumerDiscretionary,-4.0412337368659713e-05,3,0
2024-09-10,ConsumerDiscretionary,-0.0007630504368096128,3,0
2024-09-11,ConsumerDiscretionary,-0.003536297118260645,3,0
2024-09-12,ConsumerDiscretionary,-0.006268239306302085,3,0
2024-09-13,ConsumerDiscretionary,0.00038928071900209044,3,0
2024-09-16,ConsumerDiscretionary,-0.007230065186412338,3,0
2024-09-17,ConsumerDiscretionary,0.010316878584029077,3,0
2024-09-18,ConsumerDiscretionary,0.010163695962907079,3,0
2024-09-19,ConsumerDiscretionary,-0.0026409158963180226,3,0
2024-09-20,ConsumerDiscretionary,0.0014842222014050572,3,0
2024-09-23,ConsumerDiscretionary,-0.003147783651407369,3,0
2024-09-24,ConsumerDiscretionary,0.005751745240009691,3,0
2024-09-25,ConsumerDiscretionary,0.006311886352101744,3,0
2024-09-26,ConsumerDiscretionary,-0.007010075892150376,3,0
2024-09-27,ConsumerDiscretionary,-0.0077472907710813095,3,0
2024-09-30,ConsumerDiscretionary,-0.0008836743109097064,3,0
2024-10-01,ConsumerDiscretionary,0.0011563009148980452,3,0
2024-10-02,ConsumerDiscretionary,-0.00421968991046906,3,0
2024-10-03,ConsumerDiscretionary,-0.01100645819951355,3,0
2024-10-04,ConsumerDiscretionary,-0.0071299374008464795,3,0
2024-10-07,ConsumerDiscretionary,-0.002694762080383365,3,0
2024-10-08,ConsumerDiscretionary,-0.013456865190749253,3,0
2024-10-09,ConsumerDiscretionary,-0.0020201959198534367,3,0
2024-10-10,ConsumerDiscretionary,0.0065960866906839,3,0
2024-10-11,ConsumerDiscretionary,-0.0003775594817875261,3,0
2024-10-14,ConsumerDiscretionary,-0.008188022615948457,3,0
2024-10-15,ConsumerDiscretionary,-0.0008216120042575659,3,0
2024-10-16,ConsumerDiscretionary,0.01447496580014048,3,0
2024-10-17,ConsumerDiscretionary,0.0032950504228990893,3,0
2024-10-18,ConsumerDiscretionary,-0.005585757596447231,3,0
2024-10-21,ConsumerDiscretionary,-0.0005190345264004895,3,0
2024-10-22,ConsumerDiscretionary,-0.014523130398915951,3,0
2024-10-23,ConsumerDiscretionary,-0.0031228803546448822,3,0
2024-10-24,ConsumerDiscretionary,-0.005450263064869583,3,0
2024-10-25,ConsumerDiscretionary,-0.0019008948176808167,3,0
2024-10-28,ConsumerDiscretionary,0.004808735693695517,3,0
2024-10-29,ConsumerDiscretionary,0.016298839968456564,3,0
2024-10-30,ConsumerDiscretionary,-0.009862249152284805,3,0
2024-10-31,ConsumerDiscretionary,0.0005321057373823083,3,0
2024-11-01,ConsumerDiscretionary,-0.018065486826234173,3,0
2024-11-04,ConsumerDiscretionary,-0.0021237262340978447,3,0
2024-11-05,ConsumerDiscretionary,0.003146161080478197,3,0
2024-11-06,ConsumerDiscretionary,0.01709342961396665,3,0
2024-11-07,ConsumerDiscretionary,-0.007225760801542506,3,0
2024-11-08,ConsumerDiscretionary,-0.003522041080804487,3,0
2024-11-11,ConsumerDiscretionary,-0.01289719736887307,3,0
2024-11-12,ConsumerDiscretionary,-0.015175038961005879,3,0
2024-11-13,ConsumerDiscretionary,0.00960847334845416,3,0
2024-11-14,ConsumerDiscretionary,-0.00910060374598017,3,0
2024-11-15,ConsumerDiscretionary,-0.021936375117082463,3,0
2024-11-18,ConsumerDiscretionary,-0.00950189742594132,3,0
2024-11-19,ConsumerDiscretionary,-0.008169024719909249,3,0
2024-11-20,ConsumerDiscretionary,0.003615360109191094,3,0
2024-11-21,ConsumerDiscretionary,0.01919657953603367,3,0
2024-11-22,ConsumerDiscretionary,-0.0022291883646800383,3,0
2024-11-25,ConsumerDiscretionary,-0.005686569660478351,3,0
2024-11-26,ConsumerDiscretionary,0.006191332474064004,3,0
2024-11-27,ConsumerDiscretionary,0.006292258689287289,3,0
2024-11-28,ConsumerDiscretionary,-0.0037990478362222766,3,0
2024-11-29,ConsumerDiscretionary,0.02011137770203549,3,0
2024-12-02,ConsumerDiscretionary,0.0014633113757290446,3,0
2024-12-03,ConsumerDiscretionary,-0.009809721085426881,3,0
2024-12-04,ConsumerDiscretionary,-0.004155792151202838,3,0
2024-12-05,ConsumerDiscretionary,0.02843643240602356,3,0
2024-12-06,ConsumerDiscretionary,-0.0003610517364380043,3,0
2024-12-09,ConsumerDiscretionary,-0.0005357161666236232,3,0
2024-12-10,ConsumerDiscretionary,-0.0017197062439101203,3,0
2024-12-11,ConsumerDiscretionary,-0.007353301111332071,3,0
2024-12-12,ConsumerDiscretionary,-0.003914851969659868,3,0
2024-12-13,ConsumerDiscretionary,0.0014293524135732631,3,0
2024-12-16,ConsumerDiscretionary,0.000832631352107834,3,0
2024-12-17,ConsumerDiscretionary,0.0005580144214002066,3,0
2024-12-18,ConsumerDiscretionary,-0.0015077726112423528,3,0
2024-12-19,ConsumerDiscretionary,-0.007385552558284103,3,0
2024-12-20,ConsumerDiscretionary,0.005113286454996572,3,0
2024-12-23,ConsumerDiscretionary,0.004780217070193604,3,0
2024-12-24,ConsumerDiscretionary,0.00017656659163878263,3,0
2024-12-25,ConsumerDiscretionary,0.005818415770345882,3,0
2024-12-26,ConsumerDiscretionary,-0.006918661278609406,3,0
2024-12-27,ConsumerDiscretionary,-0.0014159025996260215,3,0
2024-12-30,ConsumerDiscretionary,-0.004556834282140487,3,0
2024-12-31,ConsumerDiscretionary,-0.0019531639951909283,3,0
2025-01-02,ConsumerDiscretionary,0.006979889124806293,3,0
2025-01-03,ConsumerDiscretionary,-0.02431959831828549,3,0
2025-01-06,ConsumerDiscretionary,-0.019978538855537648,3,0
2025-01-07,ConsumerDiscretionary,-0.015556897031610672,3,0
2025-01-08,ConsumerDiscretionary,0.011540181476728787,3,0
2025-01-09,ConsumerDiscretionary,-0.006212506284409132,3,0
2025-01-10,ConsumerDiscretionary,-0.009308659848325629,3,0
2025-01-13,ConsumerDiscretionary,0.001956203171887568,3,0
2025-01-14,ConsumerDiscretionary,0.0024478691426802848,3,0
2025-01-15,ConsumerDiscretionary,-0.005010264497775567,3,0
2025-01-16,ConsumerDiscretionary,0.006247503997987606,3,0
2025-01-17,ConsumerDiscretionary,0.0032231406910361304,3,0
2025-01-20,ConsumerDiscretionary,0.007361188421942111,3,0
2025-01-21,ConsumerDiscretionary,-0.00675097317674019,3,0
2025-01-22,ConsumerDiscretionary,-0.00409886861793729,3,0
2025-01-23,ConsumerDiscretionary,0.017712386832623217,3,0
2025-01-24,ConsumerDiscretionary,0.010754237477774412,3,0
2025-02-03,ConsumerDiscretionary,0.0002099543284937259,3,0
2025-02-04,ConsumerDiscretionary,0.0043143022194644205,3,0
2025-02-05,ConsumerDiscretionary,-0.001527008437270716,3,0
2025-02-06,ConsumerDiscretionary,0.0073929457798849185,3,0
2025-02-07,ConsumerDiscretionary,-0.007628699107266379,3,0
2025-02-10,ConsumerDiscretionary,-0.023936731497950208,3,0
2025-02-11,ConsumerDiscretionary,-0.011300774276512363,3,0
2025-02-12,ConsumerDiscretionary,0.0031187405822809358,3,0
2025-02-13,ConsumerDiscretionary,-0.009930927335160766,3,0
2025-02-14,ConsumerDiscretionary,0.005401295702372577,3,0
2025-02-17,ConsumerDiscretionary,-0.008656669824430993,3,0
2025-02-18,ConsumerDiscretionary,-0.002873671268941521,3,0
2025-02-19,ConsumerDiscretionary,0.021733275589905936,3,0
2025-02-20,ConsumerDiscretionary,0.0017527224346421215,3,0
2025-02-21,ConsumerDiscretionary,0.008939324478157928,3,0
2025-02-24,ConsumerDiscretionary,0.006626801719905373,3,0
2025-02-25,ConsumerDiscretionary,5.664581033548721e-05,3,0
2025-02-26,ConsumerDiscretionary,0.004781461137076226,3,0
2025-02-27,ConsumerDiscretionary,-0.002360887802007383,3,0
2025-02-28,ConsumerDiscretionary,1.0507677315918507e-05,3,0
2025-03-03,ConsumerDiscretionary,0.004153205857292619,3,0
2025-03-04,ConsumerDiscretionary,0.002991639652682602,3,0
2025-03-05,ConsumerDiscretionary,-0.01001707340236276,3,0
2025-03-06,ConsumerDiscretionary,0.0324843104037306,3,0
2025-03-07,ConsumerDiscretionary,-0.0013175270100538317,3,0
2025-03-10,ConsumerDiscretionary,-0.0012580373765156787,3,0
2025-03-11,ConsumerDiscretionary,0.011531527755340276,3,0
2025-03-12,ConsumerDiscretionary,-0.012937896561620624,3,0
2025-03-13,ConsumerDiscretionary,-0.017779048711694705,3,0
2025-03-14,ConsumerDiscretionary,-0.008716758745415776,3,0
2025-03-17,ConsumerDiscretionary,0.006206940247148962,3,0
2025-03-18,ConsumerDiscretionary,-0.0032344528887086796,3,0
2025-03-19,ConsumerDiscretionary,-0.01902223763065003,3,0
2025-03-20,ConsumerDiscretionary,0.00627749649900063,3,0
2025-03-21,ConsumerDiscretionary,0.0030246969117955214,3,0
2025-03-24,ConsumerDiscretionary,-0.002388288834620019,3,0
2025-03-25,ConsumerDiscretionary,-0.0027179068187368114,3,0
2025-03-26,ConsumerDiscretionary,-0.006674368275158808,3,0
2025-03-27,ConsumerDiscretionary,-0.01013938503626007,3,0
2025-03-28,ConsumerDiscretionary,-0.020668021884338066,3,0
2025-03-31,ConsumerDiscretionary,-0.0027685656322627983,3,0
2025-04-01,ConsumerDiscretionary,-0.0008819089417153592,3,0
2025-04-02,ConsumerDiscretionary,0.0028574591106362845,3,0
2025-04-03,ConsumerDiscretionary,-0.06938116316463254,3,0
2025-04-04,ConsumerDiscretionary,-0.05314961567915233,3,0
2025-04-08,ConsumerDiscretionary,-0.06913399241478817,3,0
2025-04-09,ConsumerDiscretionary,-0.0660862468431818,3,0
2025-04-10,ConsumerDiscretionary,0.06917404583731816,3,0
2025-04-11,ConsumerDiscretionary,0.06944689523469878,3,0
2025-04-14,ConsumerDiscretionary,0.048751965608894755,3,0
2025-04-15,ConsumerDiscretionary,-0.016675595127906246,3,0
2025-04-16,ConsumerDiscretionary,-0.028275426634166934,3,0
2025-04-17,ConsumerDiscretionary,0.006911487496849296,3,0
2025-04-18,ConsumerDiscretionary,0.010929209977313762,3,0
2025-04-21,ConsumerDiscretionary,-0.02504267215228606,3,0
2025-04-22,ConsumerDiscretionary,-0.002284303308651444,3,0
2025-04-23,ConsumerDiscretionary,0.028661770693996298,3,0
2025-04-24,ConsumerDiscretionary,0.016256268777936178,3,0
2025-04-25,ConsumerDiscretionary,0.0002826900776986552,3,0
2025-04-28,ConsumerDiscretionary,0.006587980781812108,3,0
2025-04-29,ConsumerDiscretionary,-0.0012159674219907417,3,0
2025-05-05,ConsumerDiscretionary,0.0026928353266664575,3,0
2025-05-06,ConsumerDiscretionary,0.013000189164732223,3,0
2025-05-07,ConsumerDiscretionary,-0.008311472699441916,3,0
2025-05-08,ConsumerDiscretionary,0.015720948540954256,3,0
2025-05-09,ConsumerDiscretionary,0.00789652448339658,3,0
2025-05-12,ConsumerDiscretionary,0.00987753375764766,3,0
2025-05-13,ConsumerDiscretionary,0.035065593010959205,3,0
2025-05-14,ConsumerDiscretionary,0.02592482179286219,3,0
2025-05-15,ConsumerDiscretionary,-0.006523460000747439,3,0
2025-05-16,ConsumerDiscretionary,-0.02291676945911954,3,0
2025-05-19,ConsumerDiscretionary,-0.0043850806776163,3,0
2025-05-20,ConsumerDiscretionary,0.011073098628411252,3,0
2025-05-21,ConsumerDiscretionary,-0.01101739877071258,3,0
2025-05-22,ConsumerDiscretionary,-0.006916293393672353,3,0
2025-05-23,ConsumerDiscretionary,-0.006762321513020808,3,0
2025-05-26,ConsumerDiscretionary,0.013056038311275072,3,0
2025-05-27,ConsumerDiscretionary,0.010466375014196857,3,0
2025-05-28,ConsumerDiscretionary,-0.006566236739476576,3,0
2025-05-29,ConsumerDiscretionary,0.020299144469934083,3,0
2025-05-30,ConsumerDiscretionary,-0.026364733944687413,3,0
2025-06-02,ConsumerDiscretionary,-0.0166913141395623,3,0
2025-06-03,ConsumerDiscretionary,0.014980817918806196,3,0
2025-06-04,ConsumerDiscretionary,0.009527913081388709,3,0
2025-06-05,ConsumerDiscretionary,-0.004885653770752452,3,0
2025-06-06,ConsumerDiscretionary,-0.027806178991158264,3,0
2025-06-09,ConsumerDiscretionary,0.005115845013031972,3,0
2025-06-10,ConsumerDiscretionary,0.03522780079537421,3,0
2025-06-11,ConsumerDiscretionary,0.01701655133565209,3,0
2025-06-12,ConsumerDiscretionary,0.031538729279437794,3,0
2025-06-13,ConsumerDiscretionary,-0.0028426924837418413,3,0
2025-06-16,ConsumerDiscretionary,0.024207104627162284,3,0
2025-06-17,ConsumerDiscretionary,0.001392077162659137,3,0
2025-06-18,ConsumerDiscretionary,-0.00811515127089013,3,0
2025-06-19,ConsumerDiscretionary,0.0259072346060724,3,0
2025-06-20,ConsumerDiscretionary,0.0026358382413699997,3,0
2025-06-23,ConsumerDiscretionary,-0.002843694867553981,3,0
2025-06-24,ConsumerDiscretionary,-0.0017313770867311007,3,0
2025-06-25,ConsumerDiscretionary,0.005013248952458064,3,0
2025-06-26,ConsumerDiscretionary,0.01875727941240161,3,0
2025-06-27,ConsumerDiscretionary,0.0022021557302174997,3,0
2025-06-30,ConsumerDiscretionary,-0.002598542403363324,3,0
2025-07-01,ConsumerDiscretionary,-0.005427538381081158,3,0
2025-07-02,ConsumerDiscretionary,0.006402545933537951,3,0
2025-07-03,ConsumerDiscretionary,-0.005634294344923463,3,0
2025-07-04,ConsumerDiscretionary,0.005800460739385412,3,0
2025-07-07,ConsumerDiscretionary,0.002162201930102451,3,0
2025-07-08,ConsumerDiscretionary,0.003397140364925999,3,0
2025-07-09,ConsumerDiscretionary,0.004909719576230505,3,0
2025-07-10,ConsumerDiscretionary,0.0031886622459644798,3,0
2025-07-11,ConsumerDiscretionary,-0.001962809465795893,3,0
2025-07-14,ConsumerDiscretionary,0.02751625028545875,3,0
2025-07-15,ConsumerDiscretionary,-0.006425954360228636,3,0
2025-07-16,ConsumerDiscretionary,0.009871526656524429,3,0
2025-07-17,ConsumerDiscretionary,-0.0017876219891155658,3,0
2025-07-18,ConsumerDiscretionary,0.01632936114489129,3,0
2025-07-21,ConsumerDiscretionary,-0.012265057993178527,3,0
2025-07-22,ConsumerDiscretionary,0.008650722727084595,3,0
2025-07-23,ConsumerDiscretionary,0.011997328205286465,3,0
2025-07-24,ConsumerDiscretionary,-0.006899985773225185,3,0
2025-07-25,ConsumerDiscretionary,0.0005064947501137359,3,0
2025-07-28,ConsumerDiscretionary,-0.0007010115627435661,3,0
2025-07-29,ConsumerDiscretionary,-0.04706455127145389,3,0
2025-07-30,ConsumerDiscretionary,0.005355657166634405,3,0
2025-07-31,ConsumerDiscretionary,-0.01669679810008336,3,0
2025-08-01,ConsumerDiscretionary,0.02943387284687482,3,0
2025-08-04,ConsumerDiscretionary,0.0051581141925354235,3,0
2025-08-05,ConsumerDiscretionary,0.0001013338680923015,3,0
2025-08-06,ConsumerDiscretionary,0.04092609097478831,3,0
2025-08-07,ConsumerDiscretionary,-0.001338550067166877,3,0
2025-08-08,ConsumerDiscretionary,-0.00886182553321139,3,0
2025-08-11,ConsumerDiscretionary,0.014113545511567663,3,0
2025-08-12,ConsumerDiscretionary,0.010309335248113912,3,0
2025-08-13,ConsumerDiscretionary,-0.014773531646138779,3,0
2025-08-14,ConsumerDiscretionary,0.002869955620308229,3,0
2025-08-15,ConsumerDiscretionary,-0.02016308445278303,3,0
2025-08-18,ConsumerDiscretionary,-0.012873349329490358,3,0
2025-08-19,ConsumerDiscretionary,-0.007343391290560756,3,0
2025-08-20,ConsumerDiscretionary,-0.005619262343889431,3,0
2025-08-21,ConsumerDiscretionary,-0.0030875023967493385,3,0
2025-08-22,ConsumerDiscretionary,-0.0024546630452622806,3,0
2025-08-25,ConsumerDiscretionary,-0.02412539340366863,3,0
2025-08-26,ConsumerDiscretionary,0.043364833161101624,3,0
2025-08-27,ConsumerDiscretionary,0.002492167736317811,3,0
2025-08-28,ConsumerDiscretionary,0.01577998790649593,3,0
2025-08-29,ConsumerDiscretionary,0.002207512467094571,3,0
2025-09-03,ConsumerDiscretionary,0.0024826390587505687,3,0
2025-09-04,ConsumerDiscretionary,0.022129362688704763,3,0
2025-09-05,ConsumerDiscretionary,-0.022050732508037647,3,0
2025-09-08,ConsumerDiscretionary,-0.027565313141008,3,0
2025-09-09,ConsumerDiscretionary,0.01615598399270568,3,0
2025-09-10,ConsumerDiscretionary,0.006570647488744363,3,0
2025-09-11,ConsumerDiscretionary,0.02354605321473624,3,0
2025-09-12,ConsumerDiscretionary,0.018892803744633275,3,0
2025-09-15,ConsumerDiscretionary,0.0049998700709477095,3,0
2025-09-16,ConsumerDiscretionary,0.004223775732290898,3,0
2025-09-17,ConsumerDiscretionary,-0.018198708145687654,3,0
2025-09-18,ConsumerDiscretionary,-0.005112092261548444,3,0
2025-09-19,ConsumerDiscretionary,-0.00033713075244072116,3,0
2025-09-22,ConsumerDiscretionary,-0.022388863309474056,3,0
2025-09-23,ConsumerDiscretionary,0.006891180853543011,3,0
2025-09-24,ConsumerDiscretionary,0.013200047420560246,3,0
2025-09-25,ConsumerDiscretionary,-0.010385175634453328,3,0
2025-09-26,ConsumerDiscretionary,-0.012143363093418088,3,0
2025-09-29,ConsumerDiscretionary,-0.012590288655105327,3,0
2025-09-30,ConsumerDiscretionary,0.002980240830851688,3,0
2025-10-01,ConsumerDiscretionary,0.004861603323752073,3,0
2025-10-02,ConsumerDiscretionary,-0.010179073947487108,3,0
2025-10-03,ConsumerDiscretionary,-0.007795065612544912,3,0
2025-10-06,ConsumerDiscretionary,0.022060253580763467,3,0
2025-10-07,ConsumerDiscretionary,-0.0010850007003088136,3,0
2025-10-08,ConsumerDiscretionary,0.010037838919159362,3,0
2025-10-09,ConsumerDiscretionary,0.004039560023356259,3,0
2025-10-10,ConsumerDiscretionary,0.0037145782214991208,3,0
2025-10-13,ConsumerDiscretionary,-0.004906188862347394,3,0
2025-10-14,ConsumerDiscretionary,0.003620038319400276,3,0
2025-10-15,ConsumerDiscretionary,0.009431836002573246,3,0
2025-10-16,ConsumerDiscretionary,0.027186123906560944,3,0
2025-10-17,ConsumerDiscretionary,-0.012089614705616758,3,0
2025-10-20,ConsumerDiscretionary,-0.06038783936334976,3,0
2025-10-21,ConsumerDiscretionary,0.021935502814258195,3,0
2025-10-22,ConsumerDiscretionary,0.022014424105066082,3,0
2025-10-23,ConsumerDiscretionary,0.022232144894631805,3,0
2025-10-24,ConsumerDiscretionary,0.014811786076202408,3,0
2025-10-27,ConsumerDiscretionary,-0.028197440591709737,3,0
2025-10-28,ConsumerDiscretionary,0.026705220341975533,3,0
2025-10-29,ConsumerDiscretionary,-0.0003140326789989138,3,0
2025-10-30,ConsumerDiscretionary,0.0031552848266319287,3,0
2025-10-31,ConsumerDiscretionary,-0.01171564727952723,3,0
2025-11-03,ConsumerDiscretionary,-0.010377952002705379,3,0
2025-11-04,ConsumerDiscretionary,-0.003340850516507343,3,0
2025-11-05,ConsumerDiscretionary,-0.007506168280687064,3,0
2025-11-06,ConsumerDiscretionary,-0.013072086248603343,3,0
2025-11-07,ConsumerDiscretionary,-0.0275806837226716,3,0
2025-11-10,ConsumerDiscretionary,0.001088261870937579,3,0
2025-11-11,ConsumerDiscretionary,0.019744323613739123,3,0
2025-11-12,ConsumerDiscretionary,0.01891285029179583,3,0
2025-11-13,ConsumerDiscretionary,-0.005639838884758867,3,0
2025-11-14,ConsumerDiscretionary,0.00888422183035035,3,0
2025-11-17,ConsumerDiscretionary,0.026301219552102923,3,0
2025-11-18,ConsumerDiscretionary,0.017756040010068735,3,0
2025-11-19,ConsumerDiscretionary,-0.012852873945136381,3,0
2025-11-20,ConsumerDiscretionary,-0.0043536091479845496,3,0
2025-11-21,ConsumerDiscretionary,-0.002992491003305712,3,0
2025-11-24,ConsumerDiscretionary,-0.008803059639263014,3,0
2025-11-25,ConsumerDiscretionary,-0.00643311928700215,3,0
2025-11-26,ConsumerDiscretionary,0.005709636425848282,3,0
2025-11-27,ConsumerDiscretionary,0.015974449589890694,3,0
2025-11-28,ConsumerDiscretionary,-0.0008534090159494356,3,0
2025-12-01,ConsumerDiscretionary,0.0018773748057715107,3,0
2025-12-02,ConsumerDiscretionary,-0.003836817790306165,3,0
2025-12-03,ConsumerDiscretionary,0.03122425748217894,3,0
2025-12-04,ConsumerDiscretionary,-0.004841809269540291,3,0
2025-12-05,ConsumerDiscretionary,-0.0013820079907319964,3,0
2025-12-08,ConsumerDiscretionary,-0.01684964620863494,3,0
2025-12-09,ConsumerDiscretionary,-0.014658250684256968,3,0
2025-12-10,ConsumerDiscretionary,-0.004356600399622231,3,0
2025-12-11,ConsumerDiscretionary,-0.006352310268398109,3,0
2025-12-12,ConsumerDiscretionary,-0.025176995577366783,3,0
2025-12-15,ConsumerDiscretionary,-0.006086739903394478,3,0
2025-12-16,ConsumerDiscretionary,0.0403940165239168,3,0
2025-12-17,ConsumerDiscretionary,-0.0032873717145915546,3,0
2025-12-18,ConsumerDiscretionary,0.0011640498495112395,3,0
2025-12-19,ConsumerDiscretionary,0.005059899687142229,3,0
2025-12-22,ConsumerDiscretionary,0.016355802616034126,3,0
2025-12-23,ConsumerDiscretionary,0.002297136551685286,3,0
2025-12-24,ConsumerDiscretionary,0.012128674075649807,3,0
2025-12-25,ConsumerDiscretionary,-0.012327522845038316,3,0
2025-12-26,ConsumerDiscretionary,0.0009663027620423111,3,0
2025-12-29,ConsumerDiscretionary,0.009758286074050678,3,0
2025-12-30,ConsumerDiscretionary,0.003972818243777858,3,0
2025-12-31,ConsumerDiscretionary,-0.004699579305131911,3,0
2026-01-05,ConsumerDiscretionary,0.024403194442972714,3,0
2026-01-06,ConsumerDiscretionary,0.010017810442619698,3,0
2026-01-07,ConsumerDiscretionary,0.022856158567055102,3,0
2026-01-08,ConsumerDiscretionary,-0.017605130836062004,3,0
2026-01-09,ConsumerDiscretionary,0.0007501598351921471,3,0
2026-01-12,ConsumerDiscretionary,0.019940925776006663,3,0
2026-01-13,ConsumerDiscretionary,-0.0043680947864050594,3,0
2026-01-14,ConsumerDiscretionary,-0.003778176015443946,3,0
2026-01-15,ConsumerDiscretionary,-0.0160368779767532,3,0
2026-01-16,ConsumerDiscretionary,0.05551363417978602,3,0
2026-01-19,ConsumerDiscretionary,0.02011247331641275,3,0
2026-01-20,ConsumerDiscretionary,-0.00403303200907527,3,0
2026-01-21,ConsumerDiscretionary,-0.015766385579504605,3,0
2026-01-22,ConsumerDiscretionary,-0.00038629682868377796,3,0
2026-01-23,ConsumerDiscretionary,0.0089863389470111,3,0
2026-01-26,ConsumerDiscretionary,-0.0045411889105782715,3,0
2026-01-27,ConsumerDiscretionary,0.008474369356420652,3,0
2026-01-28,ConsumerDiscretionary,0.00027781446261846793,3,0
2026-01-29,ConsumerDiscretionary,0.06117088021738182,3,0
2026-01-30,ConsumerDiscretionary,0.027828860556834496,3,0
2026-02-02,ConsumerDiscretionary,0.0028938080720089334,3,0
2026-02-03,ConsumerDiscretionary,0.020119175073325685,3,0
2026-02-04,ConsumerDiscretionary,0.0002595628415300218,3,0
2026-02-05,ConsumerDiscretionary,-0.03041953793345527,3,0
2026-02-06,ConsumerDiscretionary,-0.027606232620289977,3,0
2026-02-09,ConsumerDiscretionary,0.007547442501537975,3,0
2026-02-10,ConsumerDiscretionary,-0.02328623757195188,3,0
2026-02-11,ConsumerDiscretionary,0.03129066886025381,3,0
2026-02-12,ConsumerDiscretionary,0.01237714072476733,3,0
2026-02-13,ConsumerDiscretionary,0.0031858366951081907,3,0
2026-02-23,ConsumerDiscretionary,0.005620520622041954,3,0
2026-02-24,ConsumerDiscretionary,0.004792761183477046,3,0
2026-02-25,ConsumerDiscretionary,0.0007665186985003439,3,0
2026-02-26,ConsumerDiscretionary,0.007970454833329402,3,0
2026-02-27,ConsumerDiscretionary,-0.007763280433506603,3,0
2026-03-02,ConsumerDiscretionary,-0.020273407897275275,3,0
2026-03-03,ConsumerDiscretionary,-0.032190676480897275,3,0
2026-03-04,ConsumerDiscretionary,-0.0003934383906345114,3,0
2026-03-05,ConsumerDiscretionary,-0.0269957302215366,3,0
2026-03-06,ConsumerDiscretionary,-0.023146028278097714,3,0
2026-03-09,ConsumerDiscretionary,-0.06940876608278779,3,0
2026-03-10,ConsumerDiscretionary,0.04448766170934896,3,0
2026-03-11,ConsumerDiscretionary,0.06204498560620664,3,0
2026-03-12,ConsumerDiscretionary,-0.018579238554828608,3,0
2026-03-13,ConsumerDiscretionary,-0.020545202516338994,3,0
2026-03-16,ConsumerDiscretionary,-0.0029645981243174115,3,0
2026-03-17,ConsumerDiscretionary,0.014016149028489133,3,0
2026-03-18,ConsumerDiscretionary,-0.005171053279055833,3,0
2026-03-19,ConsumerDiscretionary,-0.006966161794970782,3,0
2026-03-20,ConsumerDiscretionary,-0.024461626662952818,3,0
2026-03-23,ConsumerDiscretionary,-0.05713137310630819,3,0
2026-03-24,ConsumerDiscretionary,0.028959285390542933,3,0
2026-03-25,ConsumerDiscretionary,0.031934354097264604,3,0
2026-03-26,ConsumerDiscretionary,-0.0072970010179312554,3,0
2026-03-27,ConsumerDiscretionary,0.02659731999547373,3,0
2026-03-30,ConsumerDiscretionary,-0.004424565478520511,3,0
2026-03-31,ConsumerDiscretionary,0.004125412541254129,3,0
2026-04-01,ConsumerDiscretionary,0.007963856285710058,3,0
2026-04-02,ConsumerDiscretionary,-0.0040333732246110214,3,0
2026-04-03,ConsumerDiscretionary,-0.025323980346491342,3,0
2026-04-06,ConsumerDiscretionary,-0.018625363164530413,3,0
2026-04-07,ConsumerDiscretionary,-0.021654704834577914,3,0
2026-04-08,ConsumerDiscretionary,0.061797834863801825,3,0
2026-04-09,ConsumerDiscretionary,0.007744253215810552,3,0
2026-04-10,ConsumerDiscretionary,-0.003731004114994274,3,0
2026-04-13,ConsumerDiscretionary,0.0018813140011565792,3,0
2026-04-14,ConsumerDiscretionary,-0.0003153017622350059,3,0
2026-04-15,ConsumerDiscretionary,-0.014412352345090676,3,0
2026-04-16,ConsumerDiscretionary,0.008630303225107014,3,0
2026-04-17,ConsumerDiscretionary,0.0349021567534192,3,0
2026-04-20,ConsumerDiscretionary,0.013932883905033592,3,0
2026-04-21,ConsumerDiscretionary,-0.019127539258751103,3,0
2026-04-22,ConsumerDiscretionary,-0.0017643492851437588,3,0
2026-04-23,ConsumerDiscretionary,-0.022121640949228305,3,0
2026-04-24,ConsumerDiscretionary,-0.012537095555215575,3,0
2026-04-28,ConsumerDiscretionary,-0.017179811017452213,3,0
2026-04-29,ConsumerDiscretionary,-0.0012442651099136375,3,0
2026-05-04,ConsumerDiscretionary,0.008917272007396004,3,0
2026-05-05,ConsumerDiscretionary,-0.0047850052971917245,3,0
2026-05-06,ConsumerDiscretionary,0.007684340182520548,3,0
2026-05-07,ConsumerDiscretionary,0.010729257561277405,3,0
2026-05-08,ConsumerDiscretionary,-0.0074004214153433985,3,0
2026-05-11,ConsumerDiscretionary,-0.022889406588419203,3,0
2026-05-12,ConsumerDiscretionary,0.009132440350711294,3,0
2026-05-13,ConsumerDiscretionary,0.0012939650449308449,3,0
2026-05-14,ConsumerDiscretionary,0.009563841137973483,3,0
2026-05-15,ConsumerDiscretionary,-0.019260980764082374,3,0
2026-05-18,ConsumerDiscretionary,-0.028217438248284155,3,0
2026-05-19,ConsumerDiscretionary,-0.0026235831657152784,3,0
2026-05-20,ConsumerDiscretionary,-0.008513232449531838,3,0
2026-05-21,ConsumerDiscretionary,0.014333931818930834,3,0
2026-05-22,ConsumerDiscretionary,-0.0029954804684669454,3,0
2026-05-25,ConsumerDiscretionary,-0.011065779218143371,3,0
2026-05-26,ConsumerDiscretionary,0.007477067758399958,3,0
2026-05-27,ConsumerDiscretionary,0.008891128558041084,3,0
2026-05-28,ConsumerDiscretionary,-0.007319906708629993,3,0
2026-05-29,ConsumerDiscretionary,-0.012521438284905706,3,0
2026-06-01,ConsumerDiscretionary,0.005296471389696762,3,0
2026-06-02,ConsumerDiscretionary,-0.014109574916390902,3,0
2026-06-03,ConsumerDiscretionary,0.013501924877240187,3,0
2026-06-04,ConsumerDiscretionary,-0.0053475836344554955,3,0
2026-06-05,ConsumerDiscretionary,0.0002265529269448082,3,0
2026-06-08,ConsumerDiscretionary,-0.013223434420262118,3,0
2026-06-09,ConsumerDiscretionary,-0.0018144467760616105,3,0
2026-06-10,ConsumerDiscretionary,0.002753271560096674,3,0
2026-06-11,ConsumerDiscretionary,-0.017652211014232793,3,0
2026-06-12,ConsumerDiscretionary,-0.004295882208681341,3,0
2026-06-15,ConsumerDiscretionary,0.04035771187241558,3,0
2026-06-16,ConsumerDiscretionary,0.025531317770123668,3,0
2026-06-17,ConsumerDiscretionary,0.003412754563746234,3,0
2026-06-18,ConsumerDiscretionary,-0.009622137940721975,3,0
2026-06-19,ConsumerDiscretionary,-0.013474171085981776,3,0
2026-06-22,ConsumerDiscretionary,-0.0059847335684826515,3,0
2026-06-23,ConsumerDiscretionary,-0.02153702212662371,3,0
2026-06-24,ConsumerDiscretionary,0.010707251551910138,3,0
2026-06-25,ConsumerDiscretionary,-0.005449091520184283,3,0
2026-06-26,ConsumerDiscretionary,-0.0029577324781653682,3,0
2026-06-29,ConsumerDiscretionary,0.010352260669551935,3,0
2026-06-30,ConsumerDiscretionary,-0.005266399350053723,3,0
2026-07-01,ConsumerDiscretionary,0.005692772646735215,3,0
2026-07-02,ConsumerDiscretionary,0.0017077836376628852,3,0
2026-07-03,ConsumerDiscretionary,-0.026174815476880425,3,0
2026-07-06,ConsumerDiscretionary,-0.03743647425047736,3,0
2026-07-07,ConsumerDiscretionary,-0.02191697191697195,3,0
2026-07-08,ConsumerDiscretionary,0.013888425441825522,3,0
2026-07-09,ConsumerDiscretionary,-0.01915925684526946,3,0
2026-07-10,ConsumerDiscretionary,-0.03373761022168668,3,0
2026-07-13,ConsumerDiscretionary,-0.02184902413670109,3,0
2026-07-14,ConsumerDiscretionary,0.030584923235641066,3,0
2026-07-15,ConsumerDiscretionary,-0.0359593686785851,3,0
2026-07-16,ConsumerDiscretionary,-0.01704948679811354,3,0
2026-07-17,ConsumerDiscretionary,0.011851756530691038,3,0
2026-07-20,ConsumerDiscretionary,-0.04207625672881069,3,0
2026-07-21,ConsumerDiscretionary,-0.016274627876722736,3,0
2026-07-22,ConsumerDiscretionary,-0.05721339131587907,3,0
2026-07-23,ConsumerDiscretionary,-0.015363930182761129,3,0
2026-07-24,ConsumerDiscretionary,-0.051504599986842904,3,0
2026-07-27,ConsumerDiscretionary,-0.0032155696886205787,3,0
2024-01-03,Energy,0.007403796168717077,3,0
2024-01-04,Energy,0.0040120364417794985,3,0
2024-01-05,Energy,-0.0005436417225789617,3,0
2024-01-08,Energy,-0.006118841232345296,3,0
2024-01-09,Energy,-0.017522507802946286,3,0
2024-01-10,Energy,0.0026686388869505695,3,0
2024-01-11,Energy,0.008602132472608734,3,0
2024-01-12,Energy,-0.009851931886327788,3,0
2024-01-15,Energy,0.004851382589588875,3,0
2024-01-16,Energy,0.002810053929799161,3,0
2024-01-17,Energy,-0.003086467751098665,3,0
2024-01-18,Energy,-0.0022723032204292246,3,0
2024-01-19,Energy,0.009521396844698252,3,0
2024-01-22,Energy,-0.0038971725498077405,3,0
2024-01-23,Energy,0.007991615694280344,3,0
2024-01-24,Energy,-0.0056249288963327775,3,0
2024-01-25,Energy,-0.005040029913418047,3,0
2024-01-26,Energy,0.0003618285811196979,3,0
2024-01-29,Energy,0.0074076377017858,3,0
2024-01-30,Energy,0.003981151021206626,3,0
2024-01-31,Energy,-0.010655780336005227,3,0
2024-02-01,Energy,0.00041286060793721546,3,0
2024-02-02,Energy,0.0018093000609902266,3,0
2024-02-05,Energy,0.004802960310846445,3,0
2024-02-06,Energy,0.009666161075357301,3,0
2024-02-07,Energy,0.0005158361704322711,3,0
2024-02-15,Energy,0.0034729838280765555,3,0
2024-02-16,Energy,0.0027651444323876597,3,0
2024-02-19,Energy,0.023806286898645723,3,0
2024-02-20,Energy,-0.004919985559374229,3,0
2024-02-21,Energy,-0.009462053175548749,3,0
2024-02-22,Energy,0.011133771227417247,3,0
2024-02-23,Energy,-0.024205907223527594,3,0
2024-02-26,Energy,-0.0027577738102780858,3,0
2024-02-27,Energy,0.018697202055676227,3,0
2024-02-28,Energy,0.029929777168576626,3,0
2024-02-29,Energy,-0.0046996226897336735,3,0
2024-03-01,Energy,0.010925141167032212,3,0
2024-03-04,Energy,-0.0016906199201753476,3,0
2024-03-05,Energy,0.007680049267811147,3,0
2024-03-06,Energy,0.0016832807230865443,3,0
2024-03-07,Energy,0.017092942490432694,3,0
2024-03-08,Energy,-0.018390809844548845,3,0
2024-03-11,Energy,-0.0229560079268815,3,0
2024-03-12,Energy,0.0067839808545483065,3,0
2024-03-13,Energy,0.023231887806735463,3,0
2024-03-14,Energy,0.02715466633992684,3,0
2024-03-15,Energy,0.007027183762113531,3,0
2024-03-18,Energy,-0.03446584634615346,3,0
2024-03-19,Energy,0.0087282219507,3,0
2024-03-20,Energy,0.013920290269162269,3,0
2024-03-21,Energy,0.010043957678027201,3,0
2024-03-22,Energy,-0.010194848933589499,3,0
2024-03-25,Energy,-0.007798065491454453,3,0
2024-03-26,Energy,0.0166536163903106,3,0
2024-03-27,Energy,-0.0037753243135858483,3,0
2024-03-28,Energy,-0.0069321102275326325,3,0
2024-03-29,Energy,-0.0010855596363973004,3,0
2024-04-01,Energy,0.00809183651380141,3,0
2024-04-02,Energy,0.03266396722419107,3,0
2024-04-03,Energy,-0.015091760100277574,3,0
2024-04-04,Energy,-0.00859254700040298,3,0
2024-04-05,Energy,-0.008878043193245219,3,0
2024-04-08,Energy,-0.005388707210042883,3,0
2024-04-09,Energy,0.004198799350898212,3,0
2024-04-10,Energy,-0.021890110593143053,3,0
2024-04-11,Energy,-0.0027989456732495643,3,0
2024-04-12,Energy,0.01783380816714149,3,0
2024-04-15,Energy,-0.04614058762420218,3,0
2024-04-16,Energy,0.0023955236152406467,3,0
2024-04-17,Energy,-0.025713067489197106,3,0
2024-04-19,Energy,-0.007132316356186719,3,0
2024-04-22,Energy,0.0033003300330032292,3,0
2024-04-23,Energy,-0.00579777031394942,3,0
2024-04-24,Energy,0.016945555194615453,3,0
2024-04-25,Energy,-0.007471701502264801,3,0
2024-04-26,Energy,0.001634775471677304,3,0
2024-05-02,Energy,0.0006992398658200264,3,0
2024-05-03,Energy,0.0058631620180201365,3,0
2024-05-06,Energy,0.018210774376771505,3,0
2024-05-07,Energy,0.02429294763860908,3,0
2024-05-08,Energy,0.02753085444484782,3,0
2024-05-09,Energy,-0.003070027555194773,3,0
2024-05-10,Energy,0.0013861360163211305,3,0
2024-05-13,Energy,-0.0038725837189682957,3,0
2024-05-14,Energy,-0.009581841475642191,3,0
2024-05-15,Energy,0.007541297172257488,3,0
2024-05-16,Energy,0.009064775196371574,3,0
2024-05-17,Energy,-0.003036162934640115,3,0
2024-05-20,Energy,-0.0006527722360591589,3,0
2024-05-21,Energy,0.004256048649407799,3,0
2024-05-22,Energy,-0.0027684388772363975,3,0
2024-05-23,Energy,0.04256493191016131,3,0
2024-05-24,Energy,-0.011208072844013706,3,0
2024-05-27,Energy,0.013552515210897287,3,0
2024-05-28,Energy,0.0073039991784587715,3,0
2024-05-29,Energy,-0.0037037054003839684,3,0
2024-05-30,Energy,-0.002101254989639941,3,0
2024-05-31,Energy,-0.010514662187419218,3,0
2024-06-03,Energy,0.012208871152255663,3,0
2024-06-04,Energy,0.0026943757210978006,3,0
2024-06-05,Energy,-0.005482323086414609,3,0
2024-06-06,Energy,0.00023331926203806752,3,0
2024-06-07,Energy,-0.004198023409680525,3,0
2024-06-10,Energy,0.004646063028446316,3,0
2024-06-11,Energy,0.013157377950591057,3,0
2024-06-12,Energy,0.0031829392108543666,3,0
2024-06-13,Energy,-0.010232091029609683,3,0
2024-06-14,Energy,-0.028808608955212422,3,0
2024-06-17,Energy,-0.012485407987139966,3,0
2024-06-18,Energy,0.014704640601972333,3,0
2024-06-19,Energy,0.005508955748702249,3,0
2024-06-20,Energy,-0.00359123744387931,3,0
2024-06-21,Energy,0.008781014540712043,3,0
2024-06-24,Energy,-0.0379245179484435,3,0
2024-06-25,Energy,0.004624375725190181,3,0
2024-06-26,Energy,0.010582275422047741,3,0
2024-06-27,Energy,-0.008692826387196373,3,0
2024-06-28,Energy,-0.013364578485584441,3,0
2024-07-01,Energy,0.010979882297146118,3,0
2024-07-02,Energy,0.01044742531793704,3,0
2024-07-03,Energy,0.006867617576386209,3,0
2024-07-04,Energy,0.015244989493044684,3,0
2024-07-05,Energy,0.002134154970696134,3,0
2024-07-08,Energy,0.024052518381404358,3,0
2024-07-09,Energy,0.0005462203908830343,3,0
2024-07-10,Energy,-0.0035493491890935536,3,0
2024-07-11,Energy,-0.002352012248524956,3,0
2024-07-12,Energy,-0.0038068549071172963,3,0
2024-07-15,Energy,0.01235608137126587,3,0
2024-07-16,Energy,-0.006818340175022734,3,0
2024-07-17,Energy,-0.02955109431574754,3,0
2024-07-18,Energy,0.021970071509603395,3,0
2024-07-19,Energy,-0.013612803699884416,3,0
2024-07-22,Energy,-0.016215741904181773,3,0
2024-07-23,Energy,-0.00528682856562727,3,0
2024-07-24,Energy,0.009994770058167216,3,0
2024-07-25,Energy,-0.0006595156904291022,3,0
2024-07-26,Energy,0.015208421494574687,3,0
2024-07-29,Energy,-0.0032989004711369376,3,0
2024-07-30,Energy,-0.008141835372101336,3,0
2024-07-31,Energy,0.0066870526023321926,3,0
2024-08-01,Energy,-0.006693528703519876,3,0
2024-08-02,Energy,0.016811695588570874,3,0
2024-08-05,Energy,-0.04735074217768357,3,0
2024-08-06,Energy,0.019476882953457064,3,0
2024-08-07,Energy,0.017296255093490826,3,0
2024-08-08,Energy,0.002784324922498286,3,0
2024-08-09,Energy,0.008608877171153773,3,0
2024-08-12,Energy,0.012622791970638092,3,0
2024-08-13,Energy,-0.005327868250286157,3,0
2024-08-14,Energy,0.0040253248209037125,3,0
2024-08-15,Energy,-0.008508619336772272,3,0
2024-08-16,Energy,0.026776227386184903,3,0
2024-08-19,Energy,0.008895460389816182,3,0
2024-08-20,Energy,-0.0033822485616059605,3,0
2024-08-21,Energy,0.001912562135110522,3,0
2024-08-22,Energy,-0.0030648925563801685,3,0
2024-08-23,Energy,0.0020106521223249483,3,0
2024-08-26,Energy,-0.008668645913162151,3,0
2024-08-27,Energy,-0.0012802641012148823,3,0
2024-08-28,Energy,0.005529546644839067,3,0
2024-08-29,Energy,-0.009127960966438678,3,0
2024-08-30,Energy,-9.450573182893478e-05,3,0
2024-09-04,Energy,-0.01747032109895663,3,0
2024-09-05,Energy,-0.014905451347593393,3,0
2024-09-06,Energy,0.014282990304727461,3,0
2024-09-09,Energy,0.0011898332851318545,3,0
2024-09-10,Energy,-0.004412507729406638,3,0
2024-09-11,Energy,-0.009496524600461909,3,0
2024-09-12,Energy,-0.0029332129963898965,3,0
2024-09-13,Energy,-0.009985634350081707,3,0
2024-09-16,Energy,-0.021152329371300183,3,0
2024-09-17,Energy,0.0004389815627744061,3,0
2024-09-18,Energy,0.004539212035216862,3,0
2024-09-19,Energy,0.005959362445916883,3,0
2024-09-20,Energy,0.020223044359755898,3,0
2024-09-23,Energy,-0.008475021288313752,3,0
2024-09-24,Energy,0.011585591249234195,3,0
2024-09-25,Energy,0.0025480438063142743,3,0
2024-09-26,Energy,0.0035902104203734777,3,0
2024-09-27,Energy,-0.012348670716505214,3,0
2024-09-30,Energy,0.000733946144301445,3,0
2024-10-01,Energy,-0.004410683268842604,3,0
2024-10-02,Energy,0.004552510999636865,3,0
2024-10-03,Energy,-0.009419097118908685,3,0
2024-10-04,Energy,0.014415455593451476,3,0
2024-10-07,Energy,9.922807836711585e-05,3,0
2024-10-08,Energy,-0.002361879647545232,3,0
2024-10-09,Energy,-0.005670777831656555,3,0
2024-10-10,Energy,-0.000555144065727801,3,0
2024-10-11,Energy,0.003275101961566218,3,0
2024-10-14,Energy,-0.008574013154811322,3,0
2024-10-15,Energy,-0.01902298915058942,3,0
2024-10-16,Energy,-0.014862266567871743,3,0
2024-10-17,Energy,0.004143574943056912,3,0
2024-10-18,Energy,-0.002099586549435576,3,0
2024-10-21,Energy,-0.011572879705134875,3,0
2024-10-22,Energy,-0.0033105195010017705,3,0
2024-10-23,Energy,0.005896214832709227,3,0
2024-10-24,Energy,-0.003206740852787826,3,0
2024-10-25,Energy,-0.005392872852658807,3,0
2024-10-28,Energy,0.004695476379741881,3,0
2024-10-29,Energy,-0.0010307967545879853,3,0
2024-10-30,Energy,-0.006835151004224678,3,0
2024-10-31,Energy,-0.0022479352492977465,3,0
2024-11-01,Energy,-0.004182746057523223,3,0
2024-11-04,Energy,-0.014166803788329388,3,0
2024-11-05,Energy,-0.0009374784726873253,3,0
2024-11-06,Energy,0.005790152452709751,3,0
2024-11-07,Energy,0.003221403221403222,3,0
2024-11-08,Energy,-0.0025569351953878363,3,0
2024-11-11,Energy,-0.008125794381340165,3,0
2024-11-12,Energy,-0.015275433251827267,3,0
2024-11-13,Energy,-0.011024546523801582,3,0
2024-11-14,Energy,-0.010554141612390175,3,0
2024-11-15,Energy,-0.0066375799277672565,3,0
2024-11-18,Energy,-0.0011947128244434262,3,0
2024-11-19,Energy,-0.004170967534064318,3,0
2024-11-20,Energy,0.0023789165288117995,3,0
2024-11-21,Energy,0.01271026678264442,3,0
2024-11-22,Energy,0.00503981675822307,3,0
2024-11-25,Energy,0.007403396807756701,3,0
2024-11-26,Energy,-0.00026956026030577895,3,0
2024-11-27,Energy,-0.00774835430739577,3,0
2024-11-28,Energy,0.009118306470237,3,0
2024-11-29,Energy,0.0028769660810864886,3,0
2024-12-02,Energy,-0.006109674900646696,3,0
2024-12-03,Energy,-0.0046728191296625905,3,0
2024-12-04,Energy,0.0005139805540987918,3,0
2024-12-05,Energy,0.013563372106195848,3,0
2024-12-06,Energy,0.0028793801047657386,3,0
2024-12-09,Energy,-0.0005867450277501721,3,0
2024-12-10,Energy,-0.0030624944717115485,3,0
2024-12-11,Energy,-0.0065904609743469384,3,0
2024-12-12,Energy,-0.0025755689091342036,3,0
2024-12-13,Energy,-0.011127370511820778,3,0
2024-12-16,Energy,0.002647647273273749,3,0
2024-12-17,Energy,-0.004967351164006521,3,0
2024-12-18,Energy,0.015847934672358937,3,0
2024-12-19,Energy,0.0014955646880971951,3,0
2024-12-20,Energy,-0.0070888913146233135,3,0
2024-12-23,Energy,-0.005291750111371211,3,0
2024-12-24,Energy,-0.00546582743168685,3,0
2024-12-25,Energy,0.007099104120675677,3,0
2024-12-26,Energy,0.0006045878025946841,3,0
2024-12-27,Energy,0.0011577518817839454,3,0
2024-12-30,Energy,-0.009472206167491707,3,0
2024-12-31,Energy,-0.010971621359986602,3,0
2025-01-02,Energy,0.006517707722656289,3,0
2025-01-03,Energy,0.0028787664291713977,3,0
2025-01-06,Energy,-0.011000294252248207,3,0
2025-01-07,Energy,-0.018065931887195224,3,0
2025-01-08,Energy,0.004020794223601909,3,0
2025-01-09,Energy,0.005641223783875882,3,0
2025-01-10,Energy,-0.009216843290095275,3,0
2025-01-13,Energy,0.014462909811654767,3,0
2025-01-14,Energy,0.004767194604177072,3,0
2025-01-15,Energy,0.0016036658617369544,3,0
2025-01-16,Energy,0.002508071564643203,3,0
2025-01-17,Energy,0.010626282633175407,3,0
2025-01-20,Energy,0.00549788241293651,3,0
2025-01-21,Energy,-0.002253525437440692,3,0
2025-01-22,Energy,-0.012439528331524915,3,0
2025-01-23,Energy,0.010778790614289916,3,0
2025-01-24,Energy,0.004294281554779992,3,0
2025-02-03,Energy,-0.00846108718129801,3,0
2025-02-04,Energy,0.008790135163359988,3,0
2025-02-05,Energy,0.0034310892266305646,3,0
2025-02-06,Energy,0.00045062705670665765,3,0
2025-02-07,Energy,-0.0033352620555306225,3,0
2025-02-10,Energy,0.0009741008184991721,3,0
2025-02-11,Energy,0.0029898371641386237,3,0
2025-02-12,Energy,0.004582990221736694,3,0
2025-02-13,Energy,0.003971001159956707,3,0
2025-02-14,Energy,0.018483957197115153,3,0
2025-02-17,Energy,-0.00048067879491161164,3,0
2025-02-18,Energy,0.006034916349161608,3,0
2025-02-19,Energy,0.009525844172586654,3,0
2025-02-20,Energy,-0.0024226910423886063,3,0
2025-02-21,Energy,-0.004660433608657755,3,0
2025-02-24,Energy,0.006314672056588644,3,0
2025-02-25,Energy,0.002839395106848238,3,0
2025-02-26,Energy,-0.006518957625213928,3,0
2025-02-27,Energy,-3.166924084307965e-06,3,0
2025-02-28,Energy,0.0071999746731757535,3,0
2025-03-03,Energy,0.00583063419577412,3,0
2025-03-04,Energy,0.001447966774893487,3,0
2025-03-05,Energy,-0.01580768159316237,3,0
2025-03-06,Energy,-0.003320623193213431,3,0
2025-03-07,Energy,-0.008592177609034893,3,0
2025-03-10,Energy,0.003365808882901463,3,0
2025-03-11,Energy,-0.0025228196047152687,3,0
2025-03-12,Energy,8.840043368000632e-05,3,0
2025-03-13,Energy,-0.010212840321338032,3,0
2025-03-14,Energy,-0.011593089965722983,3,0
2025-03-17,Energy,0.002874330170103893,3,0
2025-03-18,Energy,0.01203069458364836,3,0
2025-03-19,Energy,-0.006643623878488196,3,0
2025-03-20,Energy,-0.0019021613277960814,3,0
2025-03-21,Energy,-0.0043363791234319144,3,0
2025-03-24,Energy,-0.00923856270297633,3,0
2025-03-25,Energy,-0.0016736134346190996,3,0
2025-03-26,Energy,0.004651696398225269,3,0
2025-03-27,Energy,-0.005373574827908271,3,0
2025-03-28,Energy,-0.015832054257377586,3,0
2025-03-31,Energy,-0.009411727465174305,3,0
2025-04-01,Energy,0.012873139224678734,3,0
2025-04-02,Energy,-0.004300201985959966,3,0
2025-04-03,Energy,-0.0687251752846781,3,0
2025-04-04,Energy,-0.0581276817573384,3,0
2025-04-08,Energy,-0.06867863540924612,3,0
2025-04-09,Energy,-0.06935574898383219,3,0
2025-04-10,Energy,0.0689654293995244,3,0
2025-04-11,Energy,0.04976641985159288,3,0
2025-04-14,Energy,0.018029145521497775,3,0
2025-04-15,Energy,-0.04046927766649688,3,0
2025-04-16,Energy,-0.0035847369486838865,3,0
2025-04-17,Energy,0.00952193098685424,3,0
2025-04-18,Energy,0.006109624520997281,3,0
2025-04-21,Energy,-0.006575949300453798,3,0
2025-04-22,Energy,-0.027242211394159794,3,0
2025-04-23,Energy,0.015322861248555864,3,0
2025-04-24,Energy,0.007810202661804248,3,0
2025-04-25,Energy,0.010830178042487796,3,0
2025-04-28,Energy,-0.0050309591161695755,3,0
2025-04-29,Energy,-0.004334076544335559,3,0
2025-05-05,Energy,0.0016418379198369637,3,0
2025-05-06,Energy,0.016428435801844426,3,0
2025-05-07,Energy,0.0045527488914689496,3,0
2025-05-08,Energy,0.030623758041338656,3,0
2025-05-09,Energy,-0.00956248451442517,3,0
2025-05-12,Energy,0.019210297017717037,3,0
2025-05-13,Energy,-0.002013872218024848,3,0
2025-05-14,Energy,0.00266237464235645,3,0
2025-05-15,Energy,0.0006720497913966043,3,0
2025-05-16,Energy,-0.003448337118858428,3,0
2025-05-19,Energy,-0.016535403175369095,3,0
2025-05-20,Energy,-0.003954874814804721,3,0
2025-05-21,Energy,0.0018887794649026606,3,0
2025-05-22,Energy,-0.005246537044097055,3,0
2025-05-23,Energy,0.004771716657055817,3,0
2025-05-26,Energy,0.013520131249013781,3,0
2025-05-27,Energy,0.010240099162694824,3,0
2025-05-28,Energy,0.012963644228826418,3,0
2025-05-29,Energy,-0.011244806184255274,3,0
2025-05-30,Energy,-0.006815123215822154,3,0
2025-06-02,Energy,0.027873918090048244,3,0
2025-06-03,Energy,0.0010094459064374783,3,0
2025-06-04,Energy,0.0040724798438965815,3,0
2025-06-05,Energy,-0.004713428084423728,3,0
2025-06-06,Energy,0.009619865712265807,3,0
2025-06-09,Energy,-0.008142469067591715,3,0
2025-06-10,Energy,-0.007537138757521711,3,0
2025-06-11,Energy,-0.006740629556769721,3,0
2025-06-12,Energy,0.01016869564072668,3,0
2025-06-13,Energy,0.05049550961076251,3,0
2025-06-16,Energy,0.06911894749844512,3,0
2025-06-17,Energy,-0.016770925071930714,3,0
2025-06-18,Energy,0.008090764770069056,3,0
2025-06-19,Energy,0.008146824326113503,3,0
2025-06-20,Energy,-0.01807945060709811,3,0
2025-06-23,Energy,0.03436158732836869,3,0
2025-06-24,Energy,-0.053315553199595876,3,0
2025-06-25,Energy,-0.018987984841446703,3,0
2025-06-26,Energy,0.00015691911066036587,3,0
2025-06-27,Energy,-0.0035934504696999436,3,0
2025-06-30,Energy,0.0028740885679172656,3,0
2025-07-01,Energy,-0.015132764503383448,3,0
2025-07-02,Energy,0.00045167118337855844,3,0
2025-07-03,Energy,0.0020306393629176966,3,0
2025-07-04,Energy,0.007556840177819287,3,0
2025-07-07,Energy,-0.0033491686982744704,3,0
2025-07-08,Energy,0.013502266735586485,3,0
2025-07-09,Energy,0.0036439204904691693,3,0
2025-07-10,Energy,0.010953043229633641,3,0
2025-07-11,Energy,-0.009138896752295178,3,0
2025-07-14,Energy,0.0014178372526496563,3,0
2025-07-15,Energy,-0.005883347470047077,3,0
2025-07-16,Energy,-0.001963643257615888,3,0
2025-07-17,Energy,0.00018146759537455517,3,0
2025-07-18,Energy,0.011263573605706068,3,0
2025-07-21,Energy,-0.008791079610784625,3,0
2025-07-22,Energy,0.0007332699887306152,3,0
2025-07-23,Energy,0.01298267366459934,3,0
2025-07-24,Energy,0.013510334617285421,3,0
2025-07-25,Energy,-0.004305907516906515,3,0
2025-07-28,Energy,0.004455534786358147,3,0
2025-07-29,Energy,-0.020235143592849242,3,0
2025-07-30,Energy,-0.0031523889631695687,3,0
2025-07-31,Energy,-0.0013979570387018248,3,0
2025-08-01,Energy,-0.002239663436374458,3,0
2025-08-04,Energy,0.006234336624568404,3,0
2025-08-05,Energy,-0.0031469260382218645,3,0
2025-08-06,Energy,0.023792021096814924,3,0
2025-08-07,Energy,-0.00408618819676169,3,0
2025-08-08,Energy,0.03849367514340004,3,0
2025-08-11,Energy,-0.0012230666514542559,3,0
2025-08-12,Energy,0.005283611400878667,3,0
2025-08-13,Energy,-0.010399063097857394,3,0
2025-08-14,Energy,-4.3132593022798815e-05,3,0
2025-08-15,Energy,0.0030415754062970515,3,0
2025-08-18,Energy,0.005520325067084109,3,0
2025-08-19,Energy,-0.0028276316973916047,3,0
2025-08-20,Energy,-0.03028805632128695,3,0
2025-08-21,Energy,-0.0014076282999323138,3,0
2025-08-22,Energy,-0.023930686065365785,3,0
2025-08-25,Energy,-0.00525464164514892,3,0
2025-08-26,Energy,0.018931447245993754,3,0
2025-08-27,Energy,-0.002394852517875227,3,0
2025-08-28,Energy,-0.0004889099842602107,3,0
2025-08-29,Energy,-0.009285362643545366,3,0
2025-09-03,Energy,0.015105979354594309,3,0
2025-09-04,Energy,0.009725415176826532,3,0
2025-09-05,Energy,0.0005102297366457176,3,0
2025-09-08,Energy,-0.022818829768928645,3,0
2025-09-09,Energy,-0.003900529891907256,3,0
2025-09-10,Energy,0.006674087879032897,3,0
2025-09-11,Energy,0.002323332266666959,3,0
2025-09-12,Energy,0.020231012425416584,3,0
2025-09-15,Energy,0.0046616372391653504,3,0
2025-09-16,Energy,-0.0007723289368858725,3,0
2025-09-17,Energy,0.0032948849458552068,3,0
2025-09-18,Energy,-0.01684523049156735,3,0
2025-09-19,Energy,-0.008695525428596492,3,0
2025-09-22,Energy,-0.018700653664123285,3,0
2025-09-23,Energy,0.0046727175318282965,3,0
2025-09-24,Energy,0.006191708241904219,3,0
2025-09-25,Energy,0.005850504834000736,3,0
2025-09-26,Energy,-0.009724446057907085,3,0
2025-09-29,Energy,-0.00047892720306511966,3,0
2025-09-30,Energy,-0.01274499800237002,3,0
2025-10-01,Energy,-0.003925590301356863,3,0
2025-10-02,Energy,-0.0077190521100317655,3,0
2025-10-03,Energy,-0.0166144715753902,3,0
2025-10-06,Energy,0.020488822262406742,3,0
2025-10-07,Energy,-0.007352187533598305,3,0
2025-10-08,Energy,0.0052497705540311594,3,0
2025-10-09,Energy,0.009291362337798445,3,0
2025-10-10,Energy,-0.004308468255337372,3,0
2025-10-13,Energy,-0.009370011395273862,3,0
2025-10-14,Energy,-0.012452451819653562,3,0
2025-10-15,Energy,-0.009378901373283455,3,0
2025-10-16,Energy,-0.0016949152542372614,3,0
2025-10-17,Energy,-0.010194861171718231,3,0
2025-10-20,Energy,-0.03591029812766611,3,0
2025-10-21,Energy,0.01491221434899311,3,0
2025-10-22,Energy,0.02854756036025563,3,0
2025-10-23,Energy,0.009578795933727754,3,0
2025-10-24,Energy,0.00020235558713566082,3,0
2025-10-27,Energy,-0.004792579125015591,3,0
2025-10-28,Energy,0.004623987867218071,3,0
2025-10-29,Energy,0.010487399940224776,3,0
2025-10-30,Energy,-0.005550763615186545,3,0
2025-10-31,Energy,0.03369186318143802,3,0
2025-11-03,Energy,0.004757011352020187,3,0
2025-11-04,Energy,0.004911821040673077,3,0
2025-11-05,Energy,0.0431999936686979,3,0
2025-11-06,Energy,-0.0028291871869814043,3,0
2025-11-07,Energy,-0.0029000953826310663,3,0
2025-11-10,Energy,-0.009989401165871733,3,0
2025-11-11,Energy,-0.00472229126575822,3,0
2025-11-12,Energy,0.0066461939492259425,3,0
2025-11-13,Energy,0.03299850708755514,3,0
2025-11-14,Energy,0.006489841318476001,3,0
2025-11-17,Energy,0.002993938275023922,3,0
2025-11-18,Energy,-0.011490525364804993,3,0
2025-11-19,Energy,-0.0008975222518249707,3,0
2025-11-20,Energy,-0.003417750061003718,3,0
2025-11-21,Energy,-0.00927769236404504,3,0
2025-11-24,Energy,-0.005828362689279036,3,0
2025-11-25,Energy,-0.005187562355224662,3,0
2025-11-26,Energy,0.015905690277253564,3,0
2025-11-27,Energy,0.0036626384946092014,3,0
2025-11-28,Energy,0.011445288310054869,3,0
2025-12-01,Energy,0.0071733100384939,3,0
2025-12-02,Energy,0.012572919654429823,3,0
2025-12-03,Energy,-0.0148845620987725,3,0
2025-12-04,Energy,0.012361998210878614,3,0
2025-12-05,Energy,-0.01665914918734568,3,0
2025-12-08,Energy,0.020717578798126857,3,0
2025-12-09,Energy,-0.03492049198646371,3,0
2025-12-10,Energy,-0.0036833150495692766,3,0
2025-12-11,Energy,-0.005974143652008952,3,0
2025-12-12,Energy,-0.028570068322278746,3,0
2025-12-15,Energy,0.014814992629798462,3,0
2025-12-16,Energy,0.039483951894914604,3,0
2025-12-17,Energy,0.010013123390068582,3,0
2025-12-18,Energy,0.004798862211790267,3,0
2025-12-19,Energy,0.010322713276627407,3,0
2025-12-22,Energy,0.014702563550414919,3,0
2025-12-23,Energy,-0.002549913929815517,3,0
2025-12-24,Energy,0.0023018439779071884,3,0
2025-12-25,Energy,0.0008040557974983153,3,0
2025-12-26,Energy,0.02172244380688008,3,0
2025-12-29,Energy,0.04468999772133871,3,0
2025-12-30,Energy,-0.008322500444016279,3,0
2025-12-31,Energy,-0.016494770429048455,3,0
2026-01-05,Energy,0.041291851237664844,3,0
2026-01-06,Energy,0.05148746322350295,3,0
2026-01-07,Energy,0.05068224921857974,3,0
2026-01-08,Energy,0.016527561944181885,3,0
2026-01-09,Energy,0.022183495244333013,3,0
2026-01-12,Energy,-0.017437890410526385,3,0
2026-01-13,Energy,0.06913009744858141,3,0
2026-01-14,Energy,0.026613990230685298,3,0
2026-01-15,Energy,0.002915982394586014,3,0
2026-01-16,Energy,-0.010792133384327385,3,0
2026-01-19,Energy,0.04773594088158547,3,0
2026-01-20,Energy,0.007176297535633092,3,0
2026-01-21,Energy,0.03274583374245562,3,0
2026-01-22,Energy,-0.037713068806389506,3,0
2026-01-23,Energy,-0.04113392070084151,3,0
2026-01-26,Energy,0.035381783114552236,3,0
2026-01-27,Energy,0.0691406212987266,3,0
2026-01-28,Energy,0.010526242667222796,3,0
2026-01-29,Energy,-0.015651461504153974,3,0
2026-01-30,Energy,0.018626655790642488,3,0
2026-02-02,Energy,0.027159872321710982,3,0
2026-02-03,Energy,0.000841337985945915,3,0
2026-02-04,Energy,0.0016393655240392417,3,0
2026-02-05,Energy,-0.024884587880242948,3,0
2026-02-06,Energy,-0.00035948307244271227,3,0
2026-02-09,Energy,0.015470363342077409,3,0
2026-02-10,Energy,-0.06153591409425133,3,0
2026-02-11,Energy,-0.026104641060933353,3,0
2026-02-12,Energy,0.0036715761573446284,3,0
2026-02-13,Energy,0.012662191626892083,3,0
2026-02-23,Energy,0.06934253833542632,3,0
2026-02-24,Energy,0.022682180974661792,3,0
2026-02-25,Energy,-0.0033836733007401865,3,0
2026-02-26,Energy,-0.007698833707135977,3,0
2026-02-27,Energy,0.01842347788748655,3,0
2026-03-02,Energy,0.06958395573451163,3,0
2026-03-03,Energy,0.06919674894469192,3,0
2026-03-04,Energy,0.037889545581039075,3,0
2026-03-05,Energy,-0.0666085595552111,3,0
2026-03-06,Energy,-0.03467943194314271,3,0
2026-03-09,Energy,-0.06840258651617703,3,0
2026-03-10,Energy,-0.04601569175688943,3,0
2026-03-11,Energy,0.04385359429856058,3,0
2026-03-12,Energy,-0.0328345068265374,3,0
2026-03-13,Energy,-0.056493129881892555,3,0
2026-03-16,Energy,-0.04923174552825249,3,0
2026-03-17,Energy,-0.03561451248954339,3,0
2026-03-18,Energy,0.06398097198800017,3,0
2026-03-19,Energy,-0.03264107097444372,3,0
2026-03-20,Energy,-0.06939749102029402,3,0
2026-03-23,Energy,-0.019628923129696923,3,0
2026-03-24,Energy,-0.01671382828893801,3,0
2026-03-25,Energy,0.03245416089920172,3,0
2026-03-26,Energy,-0.02066863131387142,3,0
2026-03-27,Energy,0.03720540454498641,3,0
2026-03-30,Energy,-0.007782549844707794,3,0
2026-03-31,Energy,-0.03127423587869641,3,0
2026-04-01,Energy,0.009712369704403404,3,0
2026-04-02,Energy,-0.011230983272350245,3,0
2026-04-03,Energy,-0.005651105690043605,3,0
2026-04-06,Energy,-0.02821753144409156,3,0
2026-04-07,Energy,-0.008698227232743494,3,0
2026-04-08,Energy,0.0348657053143658,3,0
2026-04-09,Energy,-0.020060716695398922,3,0
2026-04-10,Energy,0.03915891273849548,3,0
2026-04-13,Energy,-0.0016757273200986116,3,0
2026-04-14,Energy,-0.018608335338597515,3,0
2026-04-15,Energy,-0.007342178968725614,3,0
2026-04-16,Energy,-0.008721519851866607,3,0
2026-04-17,Energy,0.01853312134197867,3,0
2026-04-20,Energy,-0.012428478066113505,3,0
2026-04-21,Energy,-0.006506239088776418,3,0
2026-04-22,Energy,-0.011669469662707285,3,0
2026-04-23,Energy,-0.003039951329689705,3,0
2026-04-24,Energy,0.004631543873342229,3,0
2026-04-28,Energy,-0.05291623508787624,3,0
2026-04-29,Energy,0.014984450049408071,3,0
2026-05-04,Energy,0.027563785831337857,3,0
2026-05-05,Energy,0.023110112490288232,3,0
2026-05-06,Energy,-0.0007463047583670482,3,0
2026-05-07,Energy,-0.033824116874964304,3,0
2026-05-08,Energy,-0.014862032631985525,3,0
2026-05-11,Energy,-0.006222462262986395,3,0
2026-05-12,Energy,0.027516842617030097,3,0
2026-05-13,Energy,0.067068924005661,3,0
2026-05-14,Energy,-0.003196349040704205,3,0
2026-05-15,Energy,0.047301116359924476,3,0
2026-05-18,Energy,0.057526933963221984,3,0
2026-05-19,Energy,-0.06986332830293822,3,0
2026-05-20,Energy,0.028016452499263655,3,0
2026-05-21,Energy,-0.022256874369586566,3,0
2026-05-22,Energy,-0.02915718123970919,3,0
2026-05-25,Energy,-0.04549012050566844,3,0
2026-05-26,Energy,0.006219932591281137,3,0
2026-05-27,Energy,-0.008623737373737339,3,0
2026-05-28,Energy,-0.0008422143832833573,3,0
2026-05-29,Energy,0.041914296151941054,3,0
2026-06-01,Energy,-0.02783748524835346,3,0
2026-06-02,Energy,-0.023807429077136438,3,0
2026-06-03,Energy,0.02045760750754481,3,0
2026-06-04,Energy,0.034092449862108465,3,0
2026-06-05,Energy,-0.00013032308062714085,3,0
2026-06-08,Energy,-0.009955547436365805,3,0
2026-06-09,Energy,-0.016100649125656008,3,0
2026-06-10,Energy,-0.0060479360159917395,3,0
2026-06-11,Energy,-0.0011102622091933763,3,0
2026-06-12,Energy,0.010517780404134758,3,0
2026-06-15,Energy,-0.03103554497927985,3,0
2026-06-16,Energy,0.00790550266605842,3,0
2026-06-17,Energy,-0.002128895871200872,3,0
2026-06-18,Energy,0.015551975986918412,3,0
2026-06-19,Energy,-0.005436440766514135,3,0
2026-06-22,Energy,0.01369503127456769,3,0
2026-06-23,Energy,-0.03190508425064712,3,0
2026-06-24,Energy,0.01317605276826613,3,0
2026-06-25,Energy,-0.016073554748889163,3,0
2026-06-26,Energy,-0.006177383271992539,3,0
2026-06-29,Energy,0.018199892364003805,3,0
2026-06-30,Energy,-0.0024378227141021633,3,0
2026-07-01,Energy,0.013710355319378328,3,0
2026-07-02,Energy,-0.012202670076641739,3,0
2026-07-03,Energy,-0.016487515815560627,3,0
2026-07-06,Energy,-0.029235063208063128,3,0
2026-07-07,Energy,0.008310874977541608,3,0
2026-07-08,Energy,0.007347563495397373,3,0
2026-07-09,Energy,0.024588427842495413,3,0
2026-07-10,Energy,-0.015812257917521094,3,0
2026-07-13,Energy,-0.01800364809290163,3,0
2026-07-14,Energy,0.048531124525407275,3,0
2026-07-15,Energy,-0.014802739001942252,3,0
2026-07-16,Energy,0.001994813022256866,3,0
2026-07-17,Energy,-0.01753014096994147,3,0
2026-07-20,Energy,-0.026346106767170346,3,0
2026-07-21,Energy,-0.053107725110253044,3,0
2026-07-22,Energy,-0.034644147796116055,3,0
2026-07-23,Energy,0.03808575537749115,3,0
2026-07-24,Energy,0.014997032961104809,3,0
2026-07-27,Energy,-0.02363072993133723,3,0
2024-01-03,IndustrialLogistics,0.016077775045997722,3,0
2024-01-04,IndustrialLogistics,-0.005319806990250031,3,0
2024-01-05,IndustrialLogistics,-0.003430202007714193,3,0
2024-01-08,IndustrialLogistics,-0.0007431390472468768,3,0
2024-01-09,IndustrialLogistics,0.00808103274697928,3,0
2024-01-10,IndustrialLogistics,0.0031795859596594664,3,0
2024-01-11,IndustrialLogistics,-0.004213753478116218,3,0
2024-01-12,IndustrialLogistics,-0.01361048603303631,3,0
2024-01-15,IndustrialLogistics,-0.006758330791278115,3,0
2024-01-16,IndustrialLogistics,0.001610035677004536,3,0
2024-01-17,IndustrialLogistics,0.012006497420088413,3,0
2024-01-18,IndustrialLogistics,-0.0049061077724862345,3,0
2024-01-19,IndustrialLogistics,0.003770989188234782,3,0
2024-01-22,IndustrialLogistics,-0.005542682607578842,3,0
2024-01-23,IndustrialLogistics,0.00936720359339227,3,0
2024-01-24,IndustrialLogistics,0.0020786875212624643,3,0
2024-01-25,IndustrialLogistics,0.011003674009612588,3,0
2024-01-26,IndustrialLogistics,0.012682567843246137,3,0
2024-01-29,IndustrialLogistics,-0.010604524418233416,3,0
2024-01-30,IndustrialLogistics,0.006975458390182025,3,0
2024-01-31,IndustrialLogistics,0.010254061209228227,3,0
2024-02-01,IndustrialLogistics,0.011824713609226581,3,0
2024-02-02,IndustrialLogistics,0.003201982033331441,3,0
2024-02-05,IndustrialLogistics,0.025333475354173185,3,0
2024-02-06,IndustrialLogistics,0.005263424323495247,3,0
2024-02-07,IndustrialLogistics,0.002824320067156161,3,0
2024-02-15,IndustrialLogistics,-0.004103017433327046,3,0
2024-02-16,IndustrialLogistics,0.022229686566810347,3,0
2024-02-19,IndustrialLogistics,-0.0005134335545876242,3,0
2024-02-20,IndustrialLogistics,0.008099942288631867,3,0
2024-02-21,IndustrialLogistics,0.003960661869771583,3,0
2024-02-22,IndustrialLogistics,-0.0034365047180029786,3,0
2024-02-23,IndustrialLogistics,-0.01951783154291346,3,0
2024-02-26,IndustrialLogistics,0.037064980517365474,3,0
2024-02-27,IndustrialLogistics,0.005749458874458879,3,0
2024-02-28,IndustrialLogistics,0.008491992330896961,3,0
2024-02-29,IndustrialLogistics,-0.0031043950008463974,3,0
2024-03-01,IndustrialLogistics,0.02969546765033256,3,0
2024-03-04,IndustrialLogistics,0.005271133104234253,3,0
2024-03-05,IndustrialLogistics,-0.0005224099209060936,3,0
2024-03-06,IndustrialLogistics,-0.013895509155020505,3,0
2024-03-07,IndustrialLogistics,0.0035402633394191105,3,0
2024-03-08,IndustrialLogistics,-0.005958654076500129,3,0
2024-03-11,IndustrialLogistics,-0.0041373374221996455,3,0
2024-03-12,IndustrialLogistics,0.024066947313284404,3,0
2024-03-13,IndustrialLogistics,0.026979604898396643,3,0
2024-03-14,IndustrialLogistics,0.004117187988659195,3,0
2024-03-15,IndustrialLogistics,-0.008701500754587385,3,0
2024-03-18,IndustrialLogistics,-0.03424213878888268,3,0
2024-03-19,IndustrialLogistics,-0.010039150634970628,3,0
2024-03-20,IndustrialLogistics,0.01955490052677485,3,0
2024-03-21,IndustrialLogistics,-0.00041585746116001854,3,0
2024-03-22,IndustrialLogistics,-0.003402345882825175,3,0
2024-03-25,IndustrialLogistics,-0.012999872101773299,3,0
2024-03-26,IndustrialLogistics,0.008153657882282358,3,0
2024-03-27,IndustrialLogistics,0.010094932753574093,3,0
2024-03-28,IndustrialLogistics,0.001952362358453789,3,0
2024-03-29,IndustrialLogistics,-0.006297423209986571,3,0
2024-04-01,IndustrialLogistics,-0.0027166498422351117,3,0
2024-04-02,IndustrialLogistics,0.0056520039387902106,3,0
2024-04-03,IndustrialLogistics,4.2727322758229214e-05,3,0
2024-04-04,IndustrialLogistics,-0.008665425657754708,3,0
2024-04-05,IndustrialLogistics,-0.011679600570680404,3,0
2024-04-08,IndustrialLogistics,-0.009078934015421813,3,0
2024-04-09,IndustrialLogistics,0.009241504162071923,3,0
2024-04-10,IndustrialLogistics,0.002850622617487586,3,0
2024-04-11,IndustrialLogistics,-0.003774667939908586,3,0
2024-04-12,IndustrialLogistics,0.01774084069787814,3,0
2024-04-15,IndustrialLogistics,-0.03669641197308312,3,0
2024-04-16,IndustrialLogistics,0.0019681104372218186,3,0
2024-04-17,IndustrialLogistics,0.0059774067399652004,3,0
2024-04-19,IndustrialLogistics,-0.00897356549537002,3,0
2024-04-22,IndustrialLogistics,0.011932061928146368,3,0
2024-04-23,IndustrialLogistics,-0.004137935696797361,3,0
2024-04-24,IndustrialLogistics,0.015427736329712283,3,0
2024-04-25,IndustrialLogistics,-0.004013378889625756,3,0
2024-04-26,IndustrialLogistics,0.02129935417779764,3,0
2024-05-02,IndustrialLogistics,0.021022017178004598,3,0
2024-05-03,IndustrialLogistics,0.01783310676398035,3,0
2024-05-06,IndustrialLogistics,0.02829973003254982,3,0
2024-05-07,IndustrialLogistics,0.00017578529837262527,3,0
2024-05-08,IndustrialLogistics,0.005005149588201603,3,0
2024-05-09,IndustrialLogistics,0.004110408990342318,3,0
2024-05-10,IndustrialLogistics,-0.0074770745200942,3,0
2024-05-13,IndustrialLogistics,-0.02413457134080199,3,0
2024-05-14,IndustrialLogistics,0.006387689593355265,3,0
2024-05-15,IndustrialLogistics,0.005585028955155742,3,0
2024-05-16,IndustrialLogistics,0.006040470113794383,3,0
2024-05-17,IndustrialLogistics,0.014858787616427152,3,0
2024-05-20,IndustrialLogistics,0.005475159946464303,3,0
2024-05-21,IndustrialLogistics,-0.00030395645175074204,3,0
2024-05-22,IndustrialLogistics,-0.010646829438941649,3,0
2024-05-23,IndustrialLogistics,0.008484433838048125,3,0
2024-05-24,IndustrialLogistics,-0.024598751998050467,3,0
2024-05-27,IndustrialLogistics,0.0025594975527632644,3,0
2024-05-28,IndustrialLogistics,0.014339323998609599,3,0
2024-05-29,IndustrialLogistics,0.003898549439265523,3,0
2024-05-30,IndustrialLogistics,-0.007227501862957657,3,0
2024-05-31,IndustrialLogistics,0.016708848452834973,3,0
2024-06-03,IndustrialLogistics,0.026275386329710642,3,0
2024-06-04,IndustrialLogistics,0.01771529595191823,3,0
2024-06-05,IndustrialLogistics,-0.015236892162986551,3,0
2024-06-06,IndustrialLogistics,0.006569601719909575,3,0
2024-06-07,IndustrialLogistics,0.015177316668428253,3,0
2024-06-10,IndustrialLogistics,0.053892961856814324,3,0
2024-06-11,IndustrialLogistics,0.0034655726862104683,3,0
2024-06-12,IndustrialLogistics,0.005843783227047076,3,0
2024-06-13,IndustrialLogistics,0.03228388895449582,3,0
2024-06-14,IndustrialLogistics,-0.030097476718798366,3,0
2024-06-17,IndustrialLogistics,0.024405202359725504,3,0
2024-06-18,IndustrialLogistics,-0.00778558033102561,3,0
2024-06-19,IndustrialLogistics,0.003053331985952701,3,0
2024-06-20,IndustrialLogistics,-0.0009019673072796497,3,0
2024-06-21,IndustrialLogistics,0.011710834553149732,3,0
2024-06-24,IndustrialLogistics,-0.040409405351255624,3,0
2024-06-25,IndustrialLogistics,0.022890742457948754,3,0
2024-06-26,IndustrialLogistics,0.015282815564381972,3,0
2024-06-27,IndustrialLogistics,-0.013223776361222295,3,0
2024-06-28,IndustrialLogistics,-0.004524731144988007,3,0
2024-07-01,IndustrialLogistics,-0.011943129322903276,3,0
2024-07-02,IndustrialLogistics,-0.0016787496177584904,3,0
2024-07-03,IndustrialLogistics,-0.008826538677717174,3,0
2024-07-04,IndustrialLogistics,0.013411620774867091,3,0
2024-07-05,IndustrialLogistics,0.022212118018050786,3,0
2024-07-08,IndustrialLogistics,0.007008141756863854,3,0
2024-07-09,IndustrialLogistics,-0.004647337673565177,3,0
2024-07-10,IndustrialLogistics,-0.01822429690748595,3,0
2024-07-11,IndustrialLogistics,-0.001738932332727409,3,0
2024-07-12,IndustrialLogistics,0.003198232000461062,3,0
2024-07-15,IndustrialLogistics,-0.006150248947039157,3,0
2024-07-16,IndustrialLogistics,-0.012909860042302287,3,0
2024-07-17,IndustrialLogistics,-0.02176442171577579,3,0
2024-07-18,IndustrialLogistics,-0.0013226895130911132,3,0
2024-07-19,IndustrialLogistics,-0.017745570716268772,3,0
2024-07-22,IndustrialLogistics,-0.013590923129168209,3,0
2024-07-23,IndustrialLogistics,-0.008434899157670372,3,0
2024-07-24,IndustrialLogistics,0.010082297946716778,3,0
2024-07-25,IndustrialLogistics,0.016499932913620025,3,0
2024-07-26,IndustrialLogistics,0.01612790904906188,3,0
2024-07-29,IndustrialLogistics,0.008868344428849243,3,0
2024-07-30,IndustrialLogistics,0.0014474482887426217,3,0
2024-07-31,IndustrialLogistics,-0.008696468425410017,3,0
2024-08-01,IndustrialLogistics,-0.036064205256598404,3,0
2024-08-02,IndustrialLogistics,0.012987373728062579,3,0
2024-08-05,IndustrialLogistics,-0.05812630189062066,3,0
2024-08-06,IndustrialLogistics,0.0004254207537056261,3,0
2024-08-07,IndustrialLogistics,0.0010040776011597252,3,0
2024-08-08,IndustrialLogistics,0.007269641102368348,3,0
2024-08-09,IndustrialLogistics,0.02831450569731908,3,0
2024-08-12,IndustrialLogistics,0.013402952897342871,3,0
2024-08-13,IndustrialLogistics,-0.006400811013682839,3,0
2024-08-14,IndustrialLogistics,-0.0019556996674169693,3,0
2024-08-15,IndustrialLogistics,-0.006042491194356625,3,0
2024-08-16,IndustrialLogistics,0.022771460210491073,3,0
2024-08-19,IndustrialLogistics,0.025371751036482443,3,0
2024-08-20,IndustrialLogistics,0.004580596299561535,3,0
2024-08-21,IndustrialLogistics,1.801457792804939e-05,3,0
2024-08-22,IndustrialLogistics,-0.0010872400629354795,3,0
2024-08-23,IndustrialLogistics,-0.0077568841932651456,3,0
2024-08-26,IndustrialLogistics,-0.011512156921686167,3,0
2024-08-27,IndustrialLogistics,-0.007359034577411716,3,0
2024-08-28,IndustrialLogistics,-0.0019327873521223227,3,0
2024-08-29,IndustrialLogistics,-0.0007942953435616055,3,0
2024-08-30,IndustrialLogistics,0.0035654724377519966,3,0
2024-09-04,IndustrialLogistics,-0.009267648050183838,3,0
2024-09-05,IndustrialLogistics,-0.009109393601166435,3,0
2024-09-06,IndustrialLogistics,-0.013120354706035267,3,0
2024-09-09,IndustrialLogistics,-0.006868115671495552,3,0
2024-09-10,IndustrialLogistics,0.0007465666167650135,3,0
2024-09-11,IndustrialLogistics,-0.0024885166070075884,3,0
2024-09-12,IndustrialLogistics,-0.00015929195123916737,3,0
2024-09-13,IndustrialLogistics,0.0005133998698400773,3,0
2024-09-16,IndustrialLogistics,-0.005546198887505738,3,0
2024-09-17,IndustrialLogistics,0.001858013874646125,3,0
2024-09-18,IndustrialLogistics,0.00751381193007609,3,0
2024-09-19,IndustrialLogistics,0.003516127866104668,3,0
2024-09-20,IndustrialLogistics,0.0085161478494337,3,0
2024-09-23,IndustrialLogistics,-0.000972024975194589,3,0
2024-09-24,IndustrialLogistics,0.0006168850785397787,3,0
2024-09-25,IndustrialLogistics,0.0020626595473390483,3,0
2024-09-26,IndustrialLogistics,0.0035319177766969614,3,0
2024-09-27,IndustrialLogistics,-0.005546390231686127,3,0
2024-09-30,IndustrialLogistics,-0.009914381771872241,3,0
2024-10-01,IndustrialLogistics,0.0023874486439349565,3,0
2024-10-02,IndustrialLogistics,-0.0013773465382579027,3,0
2024-10-03,IndustrialLogistics,-0.005165302604684989,3,0
2024-10-04,IndustrialLogistics,-0.011622188842102421,3,0
2024-10-07,IndustrialLogistics,0.0012341830403002445,3,0
2024-10-08,IndustrialLogistics,0.009345623591422178,3,0
2024-10-09,IndustrialLogistics,0.023213013421635138,3,0
2024-10-10,IndustrialLogistics,0.0005856250049773118,3,0
2024-10-11,IndustrialLogistics,0.02820964531519432,3,0
2024-10-14,IndustrialLogistics,-0.007257325326045579,3,0
2024-10-15,IndustrialLogistics,-0.004545735318873996,3,0
2024-10-16,IndustrialLogistics,0.004865918052570084,3,0
2024-10-17,IndustrialLogistics,-0.00693740624695945,3,0
2024-10-18,IndustrialLogistics,-0.009640949160687326,3,0
2024-10-21,IndustrialLogistics,-0.008837876404308257,3,0
2024-10-22,IndustrialLogistics,0.009042140930411077,3,0
2024-10-23,IndustrialLogistics,0.0037133068017188484,3,0
2024-10-24,IndustrialLogistics,0.0026596439060119583,3,0
2024-10-25,IndustrialLogistics,0.006314674674038863,3,0
2024-10-28,IndustrialLogistics,0.0015791473786577563,3,0
2024-10-29,IndustrialLogistics,0.022742223839942472,3,0
2024-10-30,IndustrialLogistics,0.0016978507010980692,3,0
2024-10-31,IndustrialLogistics,0.0033500934118141736,3,0
2024-11-01,IndustrialLogistics,-0.018084697091385087,3,0
2024-11-04,IndustrialLogistics,-0.0021082182778648186,3,0
2024-11-05,IndustrialLogistics,0.0028508402914173927,3,0
2024-11-06,IndustrialLogistics,0.009442230874988486,3,0
2024-11-07,IndustrialLogistics,0.02306048503224038,3,0
2024-11-08,IndustrialLogistics,0.0016647203720013086,3,0
2024-11-11,IndustrialLogistics,0.017395843023802815,3,0
2024-11-12,IndustrialLogistics,0.001356172150374794,3,0
2024-11-13,IndustrialLogistics,-0.006087470514554642,3,0
2024-11-14,IndustrialLogistics,0.008148921907736861,3,0
2024-11-15,IndustrialLogistics,-0.007977511509902224,3,0
2024-11-18,IndustrialLogistics,-0.002009543394865291,3,0
2024-11-19,IndustrialLogistics,-0.026830653162466467,3,0
2024-11-20,IndustrialLogistics,0.012110144733717262,3,0
2024-11-21,IndustrialLogistics,0.012164537252966548,3,0
2024-11-22,IndustrialLogistics,-0.005403334803459077,3,0
2024-11-25,IndustrialLogistics,0.0013809182231029338,3,0
2024-11-26,IndustrialLogistics,0.01128738438074047,3,0
2024-11-27,IndustrialLogistics,0.003032753972445438,3,0
2024-11-28,IndustrialLogistics,0.009114140457014974,3,0
2024-11-29,IndustrialLogistics,0.006577678535137983,3,0
2024-12-02,IndustrialLogistics,-0.0075701306221303,3,0
2024-12-03,IndustrialLogistics,-0.007342991870725661,3,0
2024-12-04,IndustrialLogistics,0.01865461451621475,3,0
2024-12-05,IndustrialLogistics,0.008032082039358604,3,0
2024-12-06,IndustrialLogistics,0.002985531513732783,3,0
2024-12-09,IndustrialLogistics,-8.328227015563794e-05,3,0
2024-12-10,IndustrialLogistics,-0.0036712438493949153,3,0
2024-12-11,IndustrialLogistics,-0.0003165691029936764,3,0
2024-12-12,IndustrialLogistics,-0.006025086080524396,3,0
2024-12-13,IndustrialLogistics,-0.003966582226252273,3,0
2024-12-16,IndustrialLogistics,-0.00011386238221603821,3,0
2024-12-17,IndustrialLogistics,-0.0009148412185683297,3,0
2024-12-18,IndustrialLogistics,-0.0020529558505218612,3,0
2024-12-19,IndustrialLogistics,-0.010599901034918072,3,0
2024-12-20,IndustrialLogistics,0.019526917857229226,3,0
2024-12-23,IndustrialLogistics,0.011045568957948726,3,0
2024-12-24,IndustrialLogistics,0.008252596896598593,3,0
2024-12-25,IndustrialLogistics,-0.004201165351903217,3,0
2024-12-26,IndustrialLogistics,-0.004621714249458157,3,0
2024-12-27,IndustrialLogistics,-0.0029654523322324433,3,0
2024-12-30,IndustrialLogistics,0.0020020946449079333,3,0
2024-12-31,IndustrialLogistics,-0.001440918720957159,3,0
2025-01-02,IndustrialLogistics,0.006662786774031611,3,0
2025-01-03,IndustrialLogistics,-0.015489367335813261,3,0
2025-01-06,IndustrialLogistics,-0.009979158489212861,3,0
2025-01-07,IndustrialLogistics,-0.006372267443378932,3,0
2025-01-08,IndustrialLogistics,0.01099949122483738,3,0
2025-01-09,IndustrialLogistics,-0.001064395955295357,3,0
2025-01-10,IndustrialLogistics,-0.01681293267853649,3,0
2025-01-13,IndustrialLogistics,0.0025228357731773934,3,0
2025-01-14,IndustrialLogistics,-0.013256561515574306,3,0
2025-01-15,IndustrialLogistics,0.00849329376956487,3,0
2025-01-16,IndustrialLogistics,0.008935055444755665,3,0
2025-01-17,IndustrialLogistics,0.017866391939300064,3,0
2025-01-20,IndustrialLogistics,-0.0037387866819658853,3,0
2025-01-21,IndustrialLogistics,-0.00594192881015269,3,0
2025-01-22,IndustrialLogistics,-0.016427065832624804,3,0
2025-01-23,IndustrialLogistics,0.013424673746055271,3,0
2025-01-24,IndustrialLogistics,0.004840170941505424,3,0
2025-02-03,IndustrialLogistics,0.007621631424555038,3,0
2025-02-04,IndustrialLogistics,0.005802840745512627,3,0
2025-02-05,IndustrialLogistics,0.01990701094015505,3,0
2025-02-06,IndustrialLogistics,-0.00011964794661134537,3,0
2025-02-07,IndustrialLogistics,-0.0029367890938864307,3,0
2025-02-10,IndustrialLogistics,-0.02915968537368885,3,0
2025-02-11,IndustrialLogistics,-0.009078084434509784,3,0
2025-02-12,IndustrialLogistics,-0.0016876163873370542,3,0
2025-02-13,IndustrialLogistics,0.013019600441918707,3,0
2025-02-14,IndustrialLogistics,-0.01182215339273703,3,0
2025-02-17,IndustrialLogistics,-0.022817049116419352,3,0
2025-02-18,IndustrialLogistics,-0.011511827121771642,3,0
2025-02-19,IndustrialLogistics,0.019845211490291465,3,0
2025-02-20,IndustrialLogistics,0.009793073771097468,3,0
2025-02-21,IndustrialLogistics,-0.005266772861869755,3,0
2025-02-24,IndustrialLogistics,-0.007297424702794301,3,0
2025-02-25,IndustrialLogistics,-0.00650417230484072,3,0
2025-02-26,IndustrialLogistics,0.0017298698496584681,3,0
2025-02-27,IndustrialLogistics,0.0008210512205402883,3,0
2025-02-28,IndustrialLogistics,-0.006665802371054556,3,0
2025-03-03,IndustrialLogistics,-0.006729064019229865,3,0
2025-03-04,IndustrialLogistics,0.007398089250590416,3,0
2025-03-05,IndustrialLogistics,-0.01889858499093322,3,0
2025-03-06,IndustrialLogistics,-0.0011804196404238503,3,0
2025-03-07,IndustrialLogistics,0.007509588856014604,3,0
2025-03-10,IndustrialLogistics,0.0008482955464371722,3,0
2025-03-11,IndustrialLogistics,-0.005526844991987079,3,0
2025-03-12,IndustrialLogistics,-0.008587608822430445,3,0
2025-03-13,IndustrialLogistics,-0.019128637769513752,3,0
2025-03-14,IndustrialLogistics,-0.021278142330378096,3,0
2025-03-17,IndustrialLogistics,0.0032217295601160525,3,0
2025-03-18,IndustrialLogistics,0.01044690340086433,3,0
2025-03-19,IndustrialLogistics,-0.012162140823048673,3,0
2025-03-20,IndustrialLogistics,0.009630508764229587,3,0
2025-03-21,IndustrialLogistics,0.0032613206093146476,3,0
2025-03-24,IndustrialLogistics,0.009092476503224015,3,0
2025-03-25,IndustrialLogistics,0.010302251931099978,3,0
2025-03-26,IndustrialLogistics,0.0009004346935626758,3,0
2025-03-27,IndustrialLogistics,0.0005313835731720618,3,0
2025-03-28,IndustrialLogistics,-0.004871911086222092,3,0
2025-03-31,IndustrialLogistics,-0.006544020597209377,3,0
2025-04-01,IndustrialLogistics,0.0014932964120092744,3,0
2025-04-02,IndustrialLogistics,-0.009015333118542376,3,0
2025-04-03,IndustrialLogistics,-0.09024119478690873,3,0
2025-04-04,IndustrialLogistics,-0.0010194404765021166,3,0
2025-04-08,IndustrialLogistics,-0.06838970987060544,3,0
2025-04-09,IndustrialLogistics,-0.022619005278313325,3,0
2025-04-10,IndustrialLogistics,0.08547823831037567,3,0
2025-04-11,IndustrialLogistics,0.01841304197104221,3,0
2025-04-14,IndustrialLogistics,0.01793391708757693,3,0
2025-04-15,IndustrialLogistics,0.018965332229739878,3,0
2025-04-16,IndustrialLogistics,-0.027918121995511098,3,0
2025-04-17,IndustrialLogistics,0.0222144547623343,3,0
2025-04-18,IndustrialLogistics,0.023341815887727362,3,0
2025-04-21,IndustrialLogistics,-0.013047076643821024,3,0
2025-04-22,IndustrialLogistics,0.009422520718970687,3,0
2025-04-23,IndustrialLogistics,-0.0017262767339233376,3,0
2025-04-24,IndustrialLogistics,0.012863999121605518,3,0
2025-04-25,IndustrialLogistics,0.02092098851778131,3,0
2025-04-28,IndustrialLogistics,0.014108437000204699,3,0
2025-04-29,IndustrialLogistics,0.03108712881999535,3,0
2025-05-05,IndustrialLogistics,0.016671054445200673,3,0
2025-05-06,IndustrialLogistics,-0.02131152065277168,3,0
2025-05-07,IndustrialLogistics,0.007886631269193681,3,0
2025-05-08,IndustrialLogistics,0.015980806500279183,3,0
2025-05-09,IndustrialLogistics,-0.0015920760467421264,3,0
2025-05-12,IndustrialLogistics,0.01937739346432273,3,0
2025-05-13,IndustrialLogistics,0.014996970996741688,3,0
2025-05-14,IndustrialLogistics,-0.008413016364074544,3,0
2025-05-15,IndustrialLogistics,-0.013397553798515224,3,0
2025-05-16,IndustrialLogistics,-0.002092063472746856,3,0
2025-05-19,IndustrialLogistics,-0.0014091744262666461,3,0
2025-05-20,IndustrialLogistics,0.03510083106039937,3,0
2025-05-21,IndustrialLogistics,0.027301057215708375,3,0
2025-05-22,IndustrialLogistics,-0.01158563244788761,3,0
2025-05-23,IndustrialLogistics,0.026163802198590085,3,0
2025-05-26,IndustrialLogistics,0.013278952112753095,3,0
2025-05-27,IndustrialLogistics,0.04492667803753773,3,0
2025-05-28,IndustrialLogistics,-0.013400321274596302,3,0
2025-05-29,IndustrialLogistics,-0.010626433585963343,3,0
2025-05-30,IndustrialLogistics,-0.012803003361256652,3,0
2025-06-02,IndustrialLogistics,-0.01915280958187619,3,0
2025-06-03,IndustrialLogistics,0.009741068653173998,3,0
2025-06-04,IndustrialLogistics,-0.010206549434492432,3,0
2025-06-05,IndustrialLogistics,-0.019024418962709788,3,0
2025-06-06,IndustrialLogistics,0.0028603156769353433,3,0
2025-06-09,IndustrialLogistics,-0.04289826189754845,3,0
2025-06-10,IndustrialLogistics,-0.0015233404877409429,3,0
2025-06-11,IndustrialLogistics,-0.010023370478304003,3,0
2025-06-12,IndustrialLogistics,0.01749447292687571,3,0
2025-06-13,IndustrialLogistics,-0.0044897759937708726,3,0
2025-06-16,IndustrialLogistics,0.012606909458497961,3,0
2025-06-17,IndustrialLogistics,-0.005722810932408932,3,0
2025-06-18,IndustrialLogistics,-0.00605694708003605,3,0
2025-06-19,IndustrialLogistics,-0.012653463177814387,3,0
2025-06-20,IndustrialLogistics,0.013458773779325398,3,0
2025-06-23,IndustrialLogistics,-0.007158769127978156,3,0
2025-06-24,IndustrialLogistics,0.004615510842362188,3,0
2025-06-25,IndustrialLogistics,-0.008704550057523056,3,0
2025-06-26,IndustrialLogistics,0.007175169211039075,3,0
2025-06-27,IndustrialLogistics,0.00047115534482999877,3,0
2025-06-30,IndustrialLogistics,0.026611852696597788,3,0
2025-07-01,IndustrialLogistics,-0.01821433889776895,3,0
2025-07-02,IndustrialLogistics,0.019030678006889845,3,0
2025-07-03,IndustrialLogistics,0.020524293793802755,3,0
2025-07-04,IndustrialLogistics,-0.004362088861318429,3,0
2025-07-07,IndustrialLogistics,-0.007610706263558679,3,0
2025-07-08,IndustrialLogistics,0.013539616456706796,3,0
2025-07-09,IndustrialLogistics,9.3819299182063e-05,3,0
2025-07-10,IndustrialLogistics,0.003410780241894895,3,0
2025-07-11,IndustrialLogistics,-0.008828239918144446,3,0
2025-07-14,IndustrialLogistics,-0.009878968583864944,3,0
2025-07-15,IndustrialLogistics,-0.009664447504050155,3,0
2025-07-16,IndustrialLogistics,-0.002551732881489096,3,0
2025-07-17,IndustrialLogistics,5.694120649316995e-05,3,0
2025-07-18,IndustrialLogistics,0.014032136252388675,3,0
2025-07-21,IndustrialLogistics,-0.00809842502712721,3,0
2025-07-22,IndustrialLogistics,0.016913290318645968,3,0
2025-07-23,IndustrialLogistics,0.007788856103546811,3,0
2025-07-24,IndustrialLogistics,0.002717296263339756,3,0
2025-07-25,IndustrialLogistics,0.01554622115590846,3,0
2025-07-28,IndustrialLogistics,0.013341868359656006,3,0
2025-07-29,IndustrialLogistics,-0.04260016935813841,3,0
2025-07-30,IndustrialLogistics,0.023743947354020706,3,0
2025-07-31,IndustrialLogistics,0.007444522992039866,3,0
2025-08-01,IndustrialLogistics,0.0228639172459086,3,0
2025-08-04,IndustrialLogistics,0.009922682189396292,3,0
2025-08-05,IndustrialLogistics,-0.008782840343352194,3,0
2025-08-06,IndustrialLogistics,0.011501665697820481,3,0
2025-08-07,IndustrialLogistics,0.03070642952871827,3,0
2025-08-08,IndustrialLogistics,-0.010369541641853627,3,0
2025-08-11,IndustrialLogistics,0.00091443661706155,3,0
2025-08-12,IndustrialLogistics,0.028950076491378225,3,0
2025-08-13,IndustrialLogistics,-0.002024545977741784,3,0
2025-08-14,IndustrialLogistics,-0.0035537622614978392,3,0
2025-08-15,IndustrialLogistics,-0.012412594121411824,3,0
2025-08-18,IndustrialLogistics,0.03142164708737364,3,0
2025-08-19,IndustrialLogistics,-0.006705388442965384,3,0
2025-08-20,IndustrialLogistics,-0.024220512279024813,3,0
2025-08-21,IndustrialLogistics,-0.0054459179908665405,3,0
2025-08-22,IndustrialLogistics,-0.029699185055389266,3,0
2025-08-25,IndustrialLogistics,-0.029595973495053534,3,0
2025-08-26,IndustrialLogistics,0.023940801678559165,3,0
2025-08-27,IndustrialLogistics,0.039833952712793184,3,0
2025-08-28,IndustrialLogistics,0.015551058044517285,3,0
2025-08-29,IndustrialLogistics,-0.009188793596951794,3,0
2025-09-03,IndustrialLogistics,-0.0005348793023133661,3,0
2025-09-04,IndustrialLogistics,0.007367127404118823,3,0
2025-09-05,IndustrialLogistics,-0.009648160040297856,3,0
2025-09-08,IndustrialLogistics,-0.013283198974446186,3,0
2025-09-09,IndustrialLogistics,0.006681960272388765,3,0
2025-09-10,IndustrialLogistics,0.005306718263595485,3,0
2025-09-11,IndustrialLogistics,-0.007594741585663682,3,0
2025-09-12,IndustrialLogistics,-0.0002686808180989801,3,0
2025-09-15,IndustrialLogistics,0.042478836453486636,3,0
2025-09-16,IndustrialLogistics,-0.005951367658754481,3,0
2025-09-17,IndustrialLogistics,-0.0006007418742919693,3,0
2025-09-18,IndustrialLogistics,-0.012960156112471552,3,0
2025-09-19,IndustrialLogistics,-0.006874861997692457,3,0
2025-09-22,IndustrialLogistics,-0.028235377141752133,3,0
2025-09-23,IndustrialLogistics,-0.005088355379165262,3,0
2025-09-24,IndustrialLogistics,0.011327146129320361,3,0
2025-09-25,IndustrialLogistics,0.01066950135269155,3,0
2025-09-26,IndustrialLogistics,-0.010754098142106372,3,0
2025-09-29,IndustrialLogistics,-0.006311363022254583,3,0
2025-09-30,IndustrialLogistics,-0.022583732970172615,3,0
2025-10-01,IndustrialLogistics,-0.009934639402202072,3,0
2025-10-02,IndustrialLogistics,-0.0042745747691540865,3,0
2025-10-03,IndustrialLogistics,0.0001320098389859433,3,0
2025-10-06,IndustrialLogistics,0.03335971573783462,3,0
2025-10-07,IndustrialLogistics,-0.015566161367971953,3,0
2025-10-08,IndustrialLogistics,0.0038611325081019388,3,0
2025-10-09,IndustrialLogistics,-0.0051680988340131835,3,0
2025-10-10,IndustrialLogistics,0.004098639454183132,3,0
2025-10-13,IndustrialLogistics,-0.01117269860792732,3,0
2025-10-14,IndustrialLogistics,0.0020823882070997537,3,0
2025-10-15,IndustrialLogistics,0.004894109572923726,3,0
2025-10-16,IndustrialLogistics,-0.007829283297019818,3,0
2025-10-17,IndustrialLogistics,-0.0012535532113901275,3,0
2025-10-20,IndustrialLogistics,-0.04887165677312203,3,0
2025-10-21,IndustrialLogistics,0.02633473473309267,3,0
2025-10-22,IndustrialLogistics,0.021042391322472803,3,0
2025-10-23,IndustrialLogistics,0.023946651957118908,3,0
2025-10-24,IndustrialLogistics,-0.00602989399485528,3,0
2025-10-27,IndustrialLogistics,-0.014012714726906461,3,0
2025-10-28,IndustrialLogistics,0.03260181605118532,3,0
2025-10-29,IndustrialLogistics,0.025268495685103032,3,0
2025-10-30,IndustrialLogistics,0.009995073329987836,3,0
2025-10-31,IndustrialLogistics,-0.015218647564571142,3,0
2025-11-03,IndustrialLogistics,0.007260348565579666,3,0
2025-11-04,IndustrialLogistics,-0.01203763887813969,3,0
2025-11-05,IndustrialLogistics,-0.006191707649901253,3,0
2025-11-06,IndustrialLogistics,0.013941216490093425,3,0
2025-11-07,IndustrialLogistics,-0.032102321671735844,3,0
2025-11-10,IndustrialLogistics,-0.015533564266674368,3,0
2025-11-11,IndustrialLogistics,0.0009161002814508379,3,0
2025-11-12,IndustrialLogistics,0.015511556048030561,3,0
2025-11-13,IndustrialLogistics,0.024779771854696115,3,0
2025-11-14,IndustrialLogistics,-0.004011208567323732,3,0
2025-11-17,IndustrialLogistics,0.007386834449423785,3,0
2025-11-18,IndustrialLogistics,0.0033820558189813963,3,0
2025-11-19,IndustrialLogistics,-0.003173412241152677,3,0
2025-11-20,IndustrialLogistics,-0.00836275278459205,3,0
2025-11-21,IndustrialLogistics,-0.005092485016242598,3,0
2025-11-24,IndustrialLogistics,-0.019588770600686794,3,0
2025-11-25,IndustrialLogistics,-0.014433169902134354,3,0
2025-11-26,IndustrialLogistics,0.014136819448889856,3,0
2025-11-27,IndustrialLogistics,-0.005489951657546954,3,0
2025-11-28,IndustrialLogistics,0.001987913584779233,3,0
2025-12-01,IndustrialLogistics,0.0005993280089205596,3,0
2025-12-02,IndustrialLogistics,0.001306033046314825,3,0
2025-12-03,IndustrialLogistics,0.007148274554417873,3,0
2025-12-04,IndustrialLogistics,-0.0020407937238503537,3,0
2025-12-05,IndustrialLogistics,-0.020670398607859315,3,0
2025-12-08,IndustrialLogistics,-0.01518313047592453,3,0
2025-12-09,IndustrialLogistics,-0.005237424477560186,3,0
2025-12-10,IndustrialLogistics,-0.003306065701209837,3,0
2025-12-11,IndustrialLogistics,-0.00016853493405285155,3,0
2025-12-12,IndustrialLogistics,-0.025037337248463392,3,0
2025-12-15,IndustrialLogistics,0.005654408004267308,3,0
2025-12-16,IndustrialLogistics,0.012974484249118548,3,0
2025-12-17,IndustrialLogistics,0.0006669071840121887,3,0
2025-12-18,IndustrialLogistics,-0.0035208232546432017,3,0
2025-12-19,IndustrialLogistics,-0.002936346961739685,3,0
2025-12-22,IndustrialLogistics,0.015927158390889023,3,0
2025-12-23,IndustrialLogistics,0.002019364430203822,3,0
2025-12-24,IndustrialLogistics,-0.000882164580557084,3,0
2025-12-25,IndustrialLogistics,-0.0007405115435150655,3,0
2025-12-26,IndustrialLogistics,-0.0161341978266053,3,0
2025-12-29,IndustrialLogistics,0.009301106779448584,3,0
2025-12-30,IndustrialLogistics,-0.0013271736062782462,3,0
2025-12-31,IndustrialLogistics,-0.009264759829384683,3,0
2026-01-05,IndustrialLogistics,-0.0025640954554550324,3,0
2026-01-06,IndustrialLogistics,-0.005107709471093365,3,0
2026-01-07,IndustrialLogistics,0.03513404898016629,3,0
2026-01-08,IndustrialLogistics,0.004199058399517693,3,0
2026-01-09,IndustrialLogistics,0.0069773082509168765,3,0
2026-01-12,IndustrialLogistics,0.016196853263827544,3,0
2026-01-13,IndustrialLogistics,-0.004534697514876822,3,0
2026-01-14,IndustrialLogistics,0.031535443392595584,3,0
2026-01-15,IndustrialLogistics,0.00872704752480328,3,0
2026-01-16,IndustrialLogistics,-0.004871364710161918,3,0
2026-01-19,IndustrialLogistics,-0.007718161951609459,3,0
2026-01-20,IndustrialLogistics,0.05631403070270635,3,0
2026-01-21,IndustrialLogistics,-0.006724153662062064,3,0
2026-01-22,IndustrialLogistics,-0.0034013431371753278,3,0
2026-01-23,IndustrialLogistics,-0.020023681974586777,3,0
2026-01-26,IndustrialLogistics,-0.06367010964163933,3,0
2026-01-27,IndustrialLogistics,-0.0014494952334524285,3,0
2026-01-28,IndustrialLogistics,0.005813553885630503,3,0
2026-01-29,IndustrialLogistics,0.010596867470170449,3,0
2026-01-30,IndustrialLogistics,0.018600150375328955,3,0
2026-02-02,IndustrialLogistics,0.0067466277337447185,3,0
2026-02-03,IndustrialLogistics,0.03968683504515876,3,0
2026-02-04,IndustrialLogistics,-0.0011257672536283774,3,0
2026-02-05,IndustrialLogistics,-0.027944819363735347,3,0
2026-02-06,IndustrialLogistics,-0.007329841467050735,3,0
2026-02-09,IndustrialLogistics,0.0008807433482183047,3,0
2026-02-10,IndustrialLogistics,-0.004411812631515688,3,0
2026-02-11,IndustrialLogistics,0.013369485492616517,3,0
2026-02-12,IndustrialLogistics,0.013032636230085104,3,0
2026-02-13,IndustrialLogistics,0.005807413412033465,3,0
2026-02-23,IndustrialLogistics,0.019394022414417345,3,0
2026-02-24,IndustrialLogistics,0.029170817879915305,3,0
2026-02-25,IndustrialLogistics,0.0064227645086138985,3,0
2026-02-26,IndustrialLogistics,-0.012043969427649293,3,0
2026-02-27,IndustrialLogistics,0.018069132373712327,3,0
2026-03-02,IndustrialLogistics,-0.003725631064391277,3,0
2026-03-03,IndustrialLogistics,0.020721637930436538,3,0
2026-03-04,IndustrialLogistics,-0.03095254833544721,3,0
2026-03-05,IndustrialLogistics,-0.018850898123055588,3,0
2026-03-06,IndustrialLogistics,-0.0026767502668103202,3,0
2026-03-09,IndustrialLogistics,-0.08805182118502737,3,0
2026-03-10,IndustrialLogistics,0.007155112872940757,3,0
2026-03-11,IndustrialLogistics,0.05818653734946574,3,0
2026-03-12,IndustrialLogistics,-0.013255842618554317,3,0
2026-03-13,IndustrialLogistics,-0.01502137721792037,3,0
2026-03-16,IndustrialLogistics,-0.015923120882220105,3,0
2026-03-17,IndustrialLogistics,0.012830453168080291,3,0
2026-03-18,IndustrialLogistics,0.01793067572466515,3,0
2026-03-19,IndustrialLogistics,-0.02986372492982788,3,0
2026-03-20,IndustrialLogistics,-0.02943889279343137,3,0
2026-03-23,IndustrialLogistics,-0.05755538341513311,3,0
2026-03-24,IndustrialLogistics,0.03589911834689552,3,0
2026-03-25,IndustrialLogistics,0.030984744142638892,3,0
2026-03-26,IndustrialLogistics,0.006858513772663777,3,0
2026-03-27,IndustrialLogistics,0.014556791293559579,3,0
2026-03-30,IndustrialLogistics,-0.0016439839539290624,3,0
2026-03-31,IndustrialLogistics,0.009930328757675966,3,0
2026-04-01,IndustrialLogistics,0.0023599554636790643,3,0
2026-04-02,IndustrialLogistics,-0.02999294235079745,3,0
2026-04-03,IndustrialLogistics,-0.01914370133803911,3,0
2026-04-06,IndustrialLogistics,0.009637175388452546,3,0
2026-04-07,IndustrialLogistics,-0.006681034678329811,3,0
2026-04-08,IndustrialLogistics,0.0339787851020951,3,0
2026-04-09,IndustrialLogistics,-0.012247022201937333,3,0
2026-04-10,IndustrialLogistics,-0.006046144017570383,3,0
2026-04-13,IndustrialLogistics,-0.001495342686582098,3,0
2026-04-14,IndustrialLogistics,0.007567063939716734,3,0
2026-04-15,IndustrialLogistics,-0.0019023109568869028,3,0
2026-04-16,IndustrialLogistics,-0.007844256743983443,3,0
2026-04-17,IndustrialLogistics,0.003547764794886906,3,0
2026-04-20,IndustrialLogistics,-0.004369045591089564,3,0
2026-04-21,IndustrialLogistics,-0.00813307266202079,3,0
2026-04-22,IndustrialLogistics,0.012485904974196846,3,0
2026-04-23,IndustrialLogistics,0.004995060169013891,3,0
2026-04-24,IndustrialLogistics,-0.0012317979510658716,3,0
2026-04-28,IndustrialLogistics,-0.009841767602107162,3,0
2026-04-29,IndustrialLogistics,5.5186234889204044e-05,3,0
2026-05-04,IndustrialLogistics,0.0014821020838085008,3,0
2026-05-05,IndustrialLogistics,0.02441271053793992,3,0
2026-05-06,IndustrialLogistics,0.005161300018783936,3,0
2026-05-07,IndustrialLogistics,0.0008796375967647189,3,0
2026-05-08,IndustrialLogistics,0.002896894373412081,3,0
2026-05-11,IndustrialLogistics,-0.007678892449758871,3,0
2026-05-12,IndustrialLogistics,0.014137389254869367,3,0
2026-05-13,IndustrialLogistics,0.006469827289125485,3,0
2026-05-14,IndustrialLogistics,-0.006193094797741661,3,0
2026-05-15,IndustrialLogistics,-0.006844328385629613,3,0
2026-05-18,IndustrialLogistics,0.006931596943018518,3,0
2026-05-19,IndustrialLogistics,-0.012159420464599982,3,0
2026-05-20,IndustrialLogistics,-0.009617511074330176,3,0
2026-05-21,IndustrialLogistics,-0.011893302365751776,3,0
2026-05-22,IndustrialLogistics,-0.007679468598727553,3,0
2026-05-25,IndustrialLogistics,0.0016883459085223669,3,0
2026-05-26,IndustrialLogistics,0.0029327569984672897,3,0
2026-05-27,IndustrialLogistics,0.0010069487363443264,3,0
2026-05-28,IndustrialLogistics,-0.01493163748001188,3,0
2026-05-29,IndustrialLogistics,0.0015867254342753305,3,0
2026-06-01,IndustrialLogistics,3.0201660919937368e-05,3,0
2026-06-02,IndustrialLogistics,-0.005378325656955692,3,0
2026-06-03,IndustrialLogistics,0.0004198069846060859,3,0
2026-06-04,IndustrialLogistics,0.02767725936558126,3,0
2026-06-05,IndustrialLogistics,-0.005744047605299525,3,0
2026-06-08,IndustrialLogistics,-0.0043662696976843884,3,0
2026-06-09,IndustrialLogistics,-0.0028130514035942613,3,0
2026-06-10,IndustrialLogistics,-0.002677551111045432,3,0
2026-06-11,IndustrialLogistics,0.00018562881388247318,3,0
2026-06-12,IndustrialLogistics,0.001612083699831346,3,0
2026-06-15,IndustrialLogistics,0.03624365346109837,3,0
2026-06-16,IndustrialLogistics,-0.0009928373774731696,3,0
2026-06-17,IndustrialLogistics,-0.0021604083954654594,3,0
2026-06-18,IndustrialLogistics,-0.013014172195020213,3,0
2026-06-19,IndustrialLogistics,-0.00667778258250488,3,0
2026-06-22,IndustrialLogistics,-0.0038662060333887194,3,0
2026-06-23,IndustrialLogistics,-0.002555671324694253,3,0
2026-06-24,IndustrialLogistics,-0.009693732316443326,3,0
2026-06-25,IndustrialLogistics,-0.012202794800197406,3,0
2026-06-26,IndustrialLogistics,0.00030510338362813955,3,0
2026-06-29,IndustrialLogistics,-0.0006783592504759165,3,0
2026-06-30,IndustrialLogistics,0.0012679346012679134,3,0
2026-07-01,IndustrialLogistics,-0.002041480823391469,3,0
2026-07-02,IndustrialLogistics,0.002967713848615975,3,0
2026-07-03,IndustrialLogistics,0.006734490003247366,3,0
2026-07-06,IndustrialLogistics,-0.0034452263124939986,3,0
2026-07-07,IndustrialLogistics,-0.005021013656592355,3,0
2026-07-08,IndustrialLogistics,0.008367865376697203,3,0
2026-07-09,IndustrialLogistics,-0.020265114413380747,3,0
2026-07-10,IndustrialLogistics,0.004993787276919015,3,0
2026-07-13,IndustrialLogistics,-0.0013772656829055263,3,0
2026-07-14,IndustrialLogistics,0.008961821710825676,3,0
2026-07-15,IndustrialLogistics,-0.013462523743391778,3,0
2026-07-16,IndustrialLogistics,-0.0018329801903608593,3,0
2026-07-17,IndustrialLogistics,-0.012804154840580876,3,0
2026-07-20,IndustrialLogistics,-0.027879315053819576,3,0
2026-07-21,IndustrialLogistics,-0.003333333333333336,3,0
2026-07-22,IndustrialLogistics,-0.02464906163183041,3,0
2026-07-23,IndustrialLogistics,0.0036921467894126536,3,0
2026-07-24,IndustrialLogistics,0.0021454958795112202,3,0
2026-07-27,IndustrialLogistics,-0.014089747391310562,3,0
2024-01-03,Healthcare,0.022892602941346762,3,0
2024-01-04,Healthcare,0.0009592399985728362,3,0
2024-01-05,Healthcare,0.005190767104141569,3,0
2024-01-08,Healthcare,0.002438582936757768,3,0
2024-01-09,Healthcare,0.002587140268204909,3,0
2024-01-10,Healthcare,-0.011950399371706758,3,0
2024-01-11,Healthcare,0.00621731558406539,3,0
2024-01-12,Healthcare,-0.0019241210749015119,3,0
2024-01-15,Healthcare,-0.0016915390427230854,3,0
2024-01-16,Healthcare,0.0017575438173058622,3,0
2024-01-17,Healthcare,-0.008622581815599975,3,0
2024-01-18,Healthcare,0.016722987531462213,3,0
2024-01-19,Healthcare,0.0017151288162523908,3,0
2024-01-22,Healthcare,-0.0038448850413234834,3,0
2024-01-23,Healthcare,0.001293229005051466,3,0
2024-01-24,Healthcare,-0.0019308730729598416,3,0
2024-01-25,Healthcare,0.00019784462904196923,3,0
2024-01-26,Healthcare,-0.01062363473933566,3,0
2024-01-29,Healthcare,-0.012949060777218913,3,0
2024-01-30,Healthcare,0.001542417611769764,3,0
2024-01-31,Healthcare,-0.006624086611361195,3,0
2024-02-01,Healthcare,0.0049806997883203126,3,0
2024-02-02,Healthcare,-0.0018979517656377471,3,0
2024-02-05,Healthcare,0.0029009883074696172,3,0
2024-02-06,Healthcare,0.005871559633027508,3,0
2024-02-07,Healthcare,0.005501788998908889,3,0
2024-02-15,Healthcare,-0.0021260773586042983,3,0
2024-02-16,Healthcare,-0.002631401911351139,3,0
2024-02-19,Healthcare,0.016747674592248723,3,0
2024-02-20,Healthcare,0.018402230682970977,3,0
2024-02-21,Healthcare,-0.0029727723206803836,3,0
2024-02-22,Healthcare,0.0006667953879907115,3,0
2024-02-23,Healthcare,-0.00904081668305412,3,0
2024-02-26,Healthcare,0.0002987601970960707,3,0
2024-02-27,Healthcare,0.0060415459769696716,3,0
2024-02-28,Healthcare,-0.002623233120954508,3,0
2024-02-29,Healthcare,-0.0020943034858708445,3,0
2024-03-01,Healthcare,0.0026856457397064584,3,0
2024-03-04,Healthcare,0.0060427996811916644,3,0
2024-03-05,Healthcare,-0.004489322227814545,3,0
2024-03-06,Healthcare,0.0,3,0
2024-03-07,Healthcare,0.007824090677396386,3,0
2024-03-08,Healthcare,0.015178317926048254,3,0
2024-03-11,Healthcare,0.021041782094586698,3,0
2024-03-12,Healthcare,-0.0024118620791527454,3,0
2024-03-13,Healthcare,0.010973540742698221,3,0
2024-03-14,Healthcare,-0.00037994745582936584,3,0
2024-03-15,Healthcare,-0.005649873818979634,3,0
2024-03-18,Healthcare,0.024204562449705553,3,0
2024-03-19,Healthcare,0.009351675259311612,3,0
2024-03-20,Healthcare,-0.014403676630646714,3,0
2024-03-21,Healthcare,0.014274900043058869,3,0
2024-03-22,Healthcare,-0.0009698385375275972,3,0
2024-03-25,Healthcare,-0.006414293183173843,3,0
2024-03-26,Healthcare,-0.0015767947950068677,3,0
2024-03-27,Healthcare,0.001491409827522198,3,0
2024-03-28,Healthcare,-0.00466869164135449,3,0
2024-03-29,Healthcare,0.0037516009518393143,3,0
2024-04-01,Healthcare,-0.005758582502768579,3,0
2024-04-02,Healthcare,-0.0037547650236538685,3,0
2024-04-03,Healthcare,0.011886796607688913,3,0
2024-04-04,Healthcare,-0.0017028014554158293,3,0
2024-04-05,Healthcare,-0.000644547385130867,3,0
2024-04-08,Healthcare,-0.000705748790042815,3,0
2024-04-09,Healthcare,-0.000568500583232138,3,0
2024-04-10,Healthcare,0.0002900621365203859,3,0
2024-04-11,Healthcare,-0.0021907788458570923,3,0
2024-04-12,Healthcare,0.017661027518460253,3,0
2024-04-15,Healthcare,-0.0033556183161810305,3,0
2024-04-16,Healthcare,-0.007404382127811582,3,0
2024-04-17,Healthcare,0.007660363292550969,3,0
2024-04-19,Healthcare,-0.017058611731858225,3,0
2024-04-22,Healthcare,-0.018082135047427617,3,0
2024-04-23,Healthcare,-0.002265999852474739,3,0
2024-04-24,Healthcare,0.011859796247083812,3,0
2024-04-25,Healthcare,0.009205606029809021,3,0
2024-04-26,Healthcare,-0.0023301928425430254,3,0
2024-05-02,Healthcare,0.006159071232485454,3,0
2024-05-03,Healthcare,-0.0008673026886383273,3,0
2024-05-06,Healthcare,-0.020532323056454988,3,0
2024-05-07,Healthcare,0.01937885990696442,3,0
2024-05-08,Healthcare,-0.005242601474302999,3,0
2024-05-09,Healthcare,0.009072883398426601,3,0
2024-05-10,Healthcare,0.00029335067192996317,3,0
2024-05-13,Healthcare,0.00019432155267155396,3,0
2024-05-14,Healthcare,-0.003828017745867015,3,0
2024-05-15,Healthcare,0.001979332482433501,3,0
2024-05-16,Healthcare,-0.0044145080121439735,3,0
2024-05-17,Healthcare,0.008484506513089777,3,0
2024-05-20,Healthcare,-0.009412915361133681,3,0
2024-05-21,Healthcare,0.006367661079116867,3,0
2024-05-22,Healthcare,-0.002324337312187471,3,0
2024-05-23,Healthcare,0.01790742937415646,3,0
2024-05-24,Healthcare,-0.007181318439611746,3,0
2024-05-27,Healthcare,0.002512495792538797,3,0
2024-05-28,Healthcare,-0.004036095775641864,3,0
2024-05-29,Healthcare,0.014859223427935072,3,0
2024-05-30,Healthcare,0.003699043304549584,3,0
2024-05-31,Healthcare,0.00029309820292007976,3,0
2024-06-03,Healthcare,0.002872276921978482,3,0
2024-06-04,Healthcare,0.0019324654190398711,3,0
2024-06-05,Healthcare,-0.008718180701168773,3,0
2024-06-06,Healthcare,0.0043759334334631346,3,0
2024-06-07,Healthcare,-0.002110580888417609,3,0
2024-06-10,Healthcare,0.008518970450709004,3,0
2024-06-11,Healthcare,0.0008907096754134924,3,0
2024-06-12,Healthcare,-0.003403319451826851,3,0
2024-06-13,Healthcare,0.001619566852195072,3,0
2024-06-14,Healthcare,-0.006717982836925189,3,0
2024-06-17,Healthcare,-0.0010337186351386436,3,0
2024-06-18,Healthcare,0.003330887609714154,3,0
2024-06-19,Healthcare,0.003994582858850386,3,0
2024-06-20,Healthcare,0.018808581906272142,3,0
2024-06-21,Healthcare,-0.012445834736527347,3,0
2024-06-24,Healthcare,-0.011685951530473951,3,0
2024-06-25,Healthcare,0.004650221261374117,3,0
2024-06-26,Healthcare,0.006606982244831361,3,0
2024-06-27,Healthcare,-0.0014491648134846713,3,0
2024-06-28,Healthcare,-0.0034807255833660586,3,0
2024-07-01,Healthcare,-0.003552960712732515,3,0
2024-07-02,Healthcare,0.004083116280328018,3,0
2024-07-03,Healthcare,0.0045563987945617486,3,0
2024-07-04,Healthcare,-0.0029822850658051125,3,0
2024-07-05,Healthcare,0.00040412967230292934,3,0
2024-07-08,Healthcare,0.005657762953687806,3,0
2024-07-09,Healthcare,0.026337640285109615,3,0
2024-07-10,Healthcare,0.00039107750384263323,3,0
2024-07-11,Healthcare,0.029289538740654136,3,0
2024-07-12,Healthcare,0.016005725750095845,3,0
2024-07-15,Healthcare,0.03190403517298468,3,0
2024-07-16,Healthcare,0.06083579483718323,3,0
2024-07-17,Healthcare,-0.032652942768344,3,0
2024-07-18,Healthcare,-0.01994542471845595,3,0
2024-07-19,Healthcare,-0.027264734230732574,3,0
2024-07-22,Healthcare,-0.012832479886357532,3,0
2024-07-23,Healthcare,0.005847610994487791,3,0
2024-07-24,Healthcare,0.00851013088712064,3,0
2024-07-25,Healthcare,-0.010724754306864296,3,0
2024-07-26,Healthcare,0.03775708968123551,3,0
2024-07-29,Healthcare,0.003086783281752418,3,0
2024-07-30,Healthcare,-0.011391830139850456,3,0
2024-07-31,Healthcare,-0.0005894488653109079,3,0
2024-08-01,Healthcare,-0.023120685996860273,3,0
2024-08-02,Healthcare,0.0201764116061595,3,0
2024-08-05,Healthcare,-0.011701116575994042,3,0
2024-08-06,Healthcare,0.005459852491720689,3,0
2024-08-07,Healthcare,0.0015163840101026782,3,0
2024-08-08,Healthcare,0.0023764705099541907,3,0
2024-08-09,Healthcare,-2.2109009124471335e-05,3,0
2024-08-12,Healthcare,-0.0012540735170410988,3,0
2024-08-13,Healthcare,-0.001861148422681998,3,0
2024-08-14,Healthcare,-0.005498521688096687,3,0
2024-08-15,Healthcare,-0.0029605504597949306,3,0
2024-08-16,Healthcare,0.011178184678108494,3,0
2024-08-19,Healthcare,0.0175684968086387,3,0
2024-08-20,Healthcare,-7.773585013888991e-05,3,0
2024-08-21,Healthcare,-0.0066773957164363296,3,0
2024-08-22,Healthcare,0.000253070282341931,3,0
2024-08-23,Healthcare,0.0025115788767312206,3,0
2024-08-26,Healthcare,-0.009204900004085026,3,0
2024-08-27,Healthcare,0.003698337434802227,3,0
2024-08-28,Healthcare,0.0029770009097048375,3,0
2024-08-29,Healthcare,0.0053879966233787435,3,0
2024-08-30,Healthcare,0.010408049785695686,3,0
2024-09-04,Healthcare,0.03746478757754742,3,0
2024-09-05,Healthcare,-0.02175393180975856,3,0
2024-09-06,Healthcare,0.021445829248340893,3,0
2024-09-09,Healthcare,-0.005568852682865148,3,0
2024-09-10,Healthcare,-0.0010453897649492783,3,0
2024-09-11,Healthcare,-0.011175522582950329,3,0
2024-09-12,Healthcare,0.0013157192373659532,3,0
2024-09-13,Healthcare,-0.0015470408346825264,3,0
2024-09-16,Healthcare,0.0013683558278566599,3,0
2024-09-17,Healthcare,0.023024922617855787,3,0
2024-09-18,Healthcare,0.024071365587086186,3,0
2024-09-19,Healthcare,-0.014793636881959116,3,0
2024-09-20,Healthcare,-0.006043220166789376,3,0
2024-09-23,Healthcare,0.003940994664601812,3,0
2024-09-24,Healthcare,0.0011672058239472112,3,0
2024-09-25,Healthcare,-0.002766725269427339,3,0
2024-09-26,Healthcare,-0.0006790249202145807,3,0
2024-09-27,Healthcare,7.10264465916266e-05,3,0
2024-09-30,Healthcare,-0.002579672879122863,3,0
2024-10-01,Healthcare,0.016280041620097146,3,0
2024-10-02,Healthcare,-0.01509804717980586,3,0
2024-10-03,Healthcare,-0.0047388919860675465,3,0
2024-10-04,Healthcare,-0.007571816819561576,3,0
2024-10-07,Healthcare,-0.006992828265371398,3,0
2024-10-08,Healthcare,-0.0039933394951454275,3,0
2024-10-09,Healthcare,-0.002002900160751553,3,0
2024-10-10,Healthcare,0.007929518186268414,3,0
2024-10-11,Healthcare,-0.0006093845216331717,3,0
2024-10-14,Healthcare,-0.008415825077260205,3,0
2024-10-15,Healthcare,-0.0018861681437865412,3,0
2024-10-16,Healthcare,-0.007007828804819464,3,0
2024-10-17,Healthcare,7.766098935927761e-05,3,0
2024-10-18,Healthcare,-0.00014841747557270413,3,0
2024-10-21,Healthcare,-0.01987726886251891,3,0
2024-10-22,Healthcare,-0.014778228341506328,3,0
2024-10-23,Healthcare,0.0038807346499653748,3,0
2024-10-24,Healthcare,0.013093547878214226,3,0
2024-10-25,Healthcare,-0.008554793832921051,3,0
2024-10-28,Healthcare,-0.00038165025570569,3,0
2024-10-29,Healthcare,0.011602766243464865,3,0
2024-10-30,Healthcare,0.002961513791537529,3,0
2024-10-31,Healthcare,-0.002060850387584819,3,0
2024-11-01,Healthcare,-0.001289276899841596,3,0
2024-11-04,Healthcare,-0.006335223536748091,3,0
2024-11-05,Healthcare,-0.0006668889629876477,3,0
2024-11-06,Healthcare,-0.004800390517190316,3,0
2024-11-07,Healthcare,0.007443310308511124,3,0
2024-11-08,Healthcare,-0.004218095650403357,3,0
2024-11-11,Healthcare,-0.002058695183609719,3,0
2024-11-12,Healthcare,-0.006513715347828149,3,0
2024-11-13,Healthcare,-0.003014212417226917,3,0
2024-11-14,Healthcare,0.00030043563166589254,3,0
2024-11-15,Healthcare,-0.01680940592020001,3,0
2024-11-18,Healthcare,-0.005263300142491249,3,0
2024-11-19,Healthcare,0.0004740085321535877,3,0
2024-11-20,Healthcare,-0.00047333543704641823,3,0
2024-11-21,Healthcare,-0.0030608732056977748,3,0
2024-11-22,Healthcare,-0.008547857449520283,3,0
2024-11-25,Healthcare,0.019071376412677938,3,0
2024-11-26,Healthcare,0.00030501962781004366,3,0
2024-11-27,Healthcare,-0.004484046014011607,3,0
2024-11-28,Healthcare,0.0068835751474783935,3,0
2024-11-29,Healthcare,0.0123512473636281,3,0
2024-12-02,Healthcare,0.004278880966076685,3,0
2024-12-03,Healthcare,0.03480227069472767,3,0
2024-12-04,Healthcare,-0.0022056909262297233,3,0
2024-12-05,Healthcare,-0.01077797257466114,3,0
2024-12-06,Healthcare,-0.013273040180707,3,0
2024-12-09,Healthcare,0.005392778828654965,3,0
2024-12-10,Healthcare,0.022695160436754014,3,0
2024-12-11,Healthcare,0.010179447268326128,3,0
2024-12-12,Healthcare,0.012373656733643953,3,0
2024-12-13,Healthcare,-0.005726902642655111,3,0
2024-12-16,Healthcare,-0.009053319228009856,3,0
2024-12-17,Healthcare,-0.003377752899696921,3,0
2024-12-18,Healthcare,0.013872922383227385,3,0
2024-12-19,Healthcare,-0.0047884544156612625,3,0
2024-12-20,Healthcare,0.0017927722310631111,3,0
2024-12-23,Healthcare,0.006156238775945733,3,0
2024-12-24,Healthcare,-0.0012678771834683615,3,0
2024-12-25,Healthcare,0.006483826079083673,3,0
2024-12-26,Healthcare,0.003338967215951801,3,0
2024-12-27,Healthcare,-0.007349107877891188,3,0
2024-12-30,Healthcare,-0.006043694440675318,3,0
2024-12-31,Healthcare,0.005752018517473756,3,0
2025-01-02,Healthcare,0.022622910064855322,3,0
2025-01-03,Healthcare,-0.013659025762512655,3,0
2025-01-06,Healthcare,-0.017426782939688985,3,0
2025-01-07,Healthcare,0.0011052704492517569,3,0
2025-01-08,Healthcare,0.021836717206255202,3,0
2025-01-09,Healthcare,0.002307549555261912,3,0
2025-01-10,Healthcare,0.0015029478980622308,3,0
2025-01-13,Healthcare,-0.0013868478056912419,3,0
2025-01-14,Healthcare,-0.017119443739340563,3,0
2025-01-15,Healthcare,-0.003738517528114086,3,0
2025-01-16,Healthcare,0.01559660092047547,3,0
2025-01-17,Healthcare,-0.006875486534773693,3,0
2025-01-20,Healthcare,0.00244989157253069,3,0
2025-01-21,Healthcare,-0.016251624455555096,3,0
2025-01-22,Healthcare,0.03012262165721487,3,0
2025-01-23,Healthcare,0.019321860630462078,3,0
2025-01-24,Healthcare,-0.001653161809118638,3,0
2025-02-03,Healthcare,-0.01023191963483087,3,0
2025-02-04,Healthcare,0.015533990446092346,3,0
2025-02-05,Healthcare,-0.008006515832539751,3,0
2025-02-06,Healthcare,0.015749463321072892,3,0
2025-02-07,Healthcare,-0.0005928663747797325,3,0
2025-02-10,Healthcare,-0.005171370254942705,3,0
2025-02-11,Healthcare,0.026208220416597722,3,0
2025-02-12,Healthcare,-0.01705288564174227,3,0
2025-02-13,Healthcare,-0.008786546881325222,3,0
2025-02-14,Healthcare,-0.004938840605044496,3,0
2025-02-17,Healthcare,0.012039305465419278,3,0
2025-02-18,Healthcare,0.0010725794735326015,3,0
2025-02-19,Healthcare,-0.009956057666139976,3,0
2025-02-20,Healthcare,0.021840280453635286,3,0
2025-02-21,Healthcare,-0.009249279736542845,3,0
2025-02-24,Healthcare,-0.0019816739381480764,3,0
2025-02-25,Healthcare,-0.010785715823584415,3,0
2025-02-26,Healthcare,-0.018837057016984387,3,0
2025-02-27,Healthcare,-0.013482700751736743,3,0
2025-02-28,Healthcare,0.0044614088186070155,3,0
2025-03-03,Healthcare,-0.012255607803053126,3,0
2025-03-04,Healthcare,-0.0032173562667351385,3,0
2025-03-05,Healthcare,-0.013116271544319935,3,0
2025-03-06,Healthcare,0.018684653257227308,3,0
2025-03-07,Healthcare,-0.008787123058722682,3,0
2025-03-10,Healthcare,-0.0050213943683600215,3,0
2025-03-11,Healthcare,0.004918134473647158,3,0
2025-03-12,Healthcare,0.015965393315849192,3,0
2025-03-13,Healthcare,-0.011401781541312106,3,0
2025-03-14,Healthcare,-0.003266769812828104,3,0
2025-03-17,Healthcare,-0.011486119258201088,3,0
2025-03-18,Healthcare,0.0064783697278939885,3,0
2025-03-19,Healthcare,0.02423056216358684,3,0
2025-03-20,Healthcare,0.0022253242596326217,3,0
2025-03-21,Healthcare,0.0005968930317967006,3,0
2025-03-24,Healthcare,-0.022201211671037873,3,0
2025-03-25,Healthcare,-0.01954093278604622,3,0
2025-03-26,Healthcare,0.005789575366756357,3,0
2025-03-27,Healthcare,-0.00013437401721131761,3,0
2025-03-28,Healthcare,-0.0007482229704451523,3,0
2025-03-31,Healthcare,-0.008242490330910549,3,0
2025-04-01,Healthcare,0.003038899319148025,3,0
2025-04-02,Healthcare,0.000641055200243712,3,0
2025-04-03,Healthcare,-0.0637123914405141,3,0
2025-04-04,Healthcare,-0.030866213757530108,3,0
2025-04-08,Healthcare,-0.05171024457748471,3,0
2025-04-09,Healthcare,-0.0069011330833323265,3,0
2025-04-10,Healthcare,0.06923152095618905,3,0
2025-04-11,Healthcare,0.03216826921687203,3,0
2025-04-14,Healthcare,-0.006461070317763773,3,0
2025-04-15,Healthcare,-0.009758514136099258,3,0
2025-04-16,Healthcare,0.018906287309570374,3,0
2025-04-17,Healthcare,-0.008595929777660846,3,0
2025-04-18,Healthcare,0.008021187526220904,3,0
2025-04-21,Healthcare,0.01609306972866431,3,0
2025-04-22,Healthcare,-0.022188533979958385,3,0
2025-04-23,Healthcare,0.008849827433078975,3,0
2025-04-24,Healthcare,0.006633824844233693,3,0
2025-04-25,Healthcare,-0.017041464248371607,3,0
2025-04-28,Healthcare,0.009335890484926038,3,0
2025-04-29,Healthcare,0.005254695547443067,3,0
2025-05-05,Healthcare,0.00930423768966504,3,0
2025-05-06,Healthcare,0.0038459654144893016,3,0
2025-05-07,Healthcare,0.018443004756912556,3,0
2025-05-08,Healthcare,0.028872726028304558,3,0
2025-05-09,Healthcare,0.007471452146580848,3,0
2025-05-12,Healthcare,0.0011814717012453106,3,0
2025-05-13,Healthcare,-0.0026765881225998545,3,0
2025-05-14,Healthcare,0.0011512068928114145,3,0
2025-05-15,Healthcare,0.008887978726251466,3,0
2025-05-16,Healthcare,-0.004132891750694904,3,0
2025-05-19,Healthcare,0.008251218770739865,3,0
2025-05-20,Healthcare,0.004958322819527387,3,0
2025-05-21,Healthcare,0.004659040748979308,3,0
2025-05-22,Healthcare,-0.0021889730111301167,3,0
2025-05-23,Healthcare,0.007856624872928411,3,0
2025-05-26,Healthcare,0.017970833582789874,3,0
2025-05-27,Healthcare,-0.011062743879287887,3,0
2025-05-28,Healthcare,-0.011597459310903427,3,0
2025-05-29,Healthcare,0.0041959969369512,3,0
2025-05-30,Healthcare,-0.008216730490241889,3,0
2025-06-02,Healthcare,0.005221988829117212,3,0
2025-06-03,Healthcare,-0.004599660694137049,3,0
2025-06-04,Healthcare,0.0004992567532933571,3,0
2025-06-05,Healthcare,0.008229763260976538,3,0
2025-06-06,Healthcare,-0.007440657768922369,3,0
2025-06-09,Healthcare,-0.010051984147336435,3,0
2025-06-10,Healthcare,0.008750238407258193,3,0
2025-06-11,Healthcare,-0.003471525916042791,3,0
2025-06-12,Healthcare,0.0034159722267797696,3,0
2025-06-13,Healthcare,-0.00516860678896099,3,0
2025-06-16,Healthcare,0.008491512298183753,3,0
2025-06-17,Healthcare,0.007559793583701661,3,0
2025-06-18,Healthcare,-0.006759956768001822,3,0
2025-06-19,Healthcare,0.0005590027391133567,3,0
2025-06-20,Healthcare,0.0003598454833761607,3,0
2025-06-23,Healthcare,-0.004903903713143938,3,0
2025-06-24,Healthcare,0.010214153318986044,3,0
2025-06-25,Healthcare,-0.009103784455325411,3,0
2025-06-26,Healthcare,0.0014299351977964392,3,0
2025-06-27,Healthcare,0.001528270823404528,3,0
2025-06-30,Healthcare,0.003553210852111688,3,0
2025-07-01,Healthcare,0.0004463813381071861,3,0
2025-07-02,Healthcare,0.0033871114343299777,3,0
2025-07-03,Healthcare,0.002285710083075617,3,0
2025-07-04,Healthcare,0.0025565388397246944,3,0
2025-07-07,Healthcare,-0.001992024006949348,3,0
2025-07-08,Healthcare,0.0035939277398712535,3,0
2025-07-09,Healthcare,0.005103577444679153,3,0
2025-07-10,Healthcare,-0.0020058784470711557,3,0
2025-07-11,Healthcare,-0.008565758907553511,3,0
2025-07-14,Healthcare,-0.0008394039773196674,3,0
2025-07-15,Healthcare,0.00033947184505552414,3,0
2025-07-16,Healthcare,0.0016501721067975945,3,0
2025-07-17,Healthcare,0.003592830130080049,3,0
2025-07-18,Healthcare,-0.0022062315949462987,3,0
2025-07-21,Healthcare,0.0013936233781060015,3,0
2025-07-22,Healthcare,0.006264276648542714,3,0
2025-07-23,Healthcare,0.0016108690353236292,3,0
2025-07-24,Healthcare,0.009094437974823974,3,0
2025-07-25,Healthcare,-0.0009132026911375934,3,0
2025-07-28,Healthcare,0.0009869988428289715,3,0
2025-07-29,Healthcare,-0.021081430893203062,3,0
2025-07-30,Healthcare,-0.004728220883125782,3,0
2025-07-31,Healthcare,0.020685333907914865,3,0
2025-08-01,Healthcare,0.0035263821994412727,3,0
2025-08-04,Healthcare,0.00266436669567612,3,0
2025-08-05,Healthcare,8.283763590196298e-05,3,0
2025-08-06,Healthcare,-0.006366359739166105,3,0
2025-08-07,Healthcare,0.0003168392820556883,3,0
2025-08-08,Healthcare,0.008412125635653448,3,0
2025-08-11,Healthcare,-0.006116179813974387,3,0
2025-08-12,Healthcare,0.0015822345093915817,3,0
2025-08-13,Healthcare,0.011152403611359793,3,0
2025-08-14,Healthcare,-0.0029227194716392826,3,0
2025-08-15,Healthcare,0.005210083611261703,3,0
2025-08-18,Healthcare,0.0003797115559136162,3,0
2025-08-19,Healthcare,-0.006155302381209611,3,0
2025-08-20,Healthcare,-0.009871172137437823,3,0
2025-08-21,Healthcare,0.008885776457858966,3,0
2025-08-22,Healthcare,-0.010071046790781598,3,0
2025-08-25,Healthcare,-0.004324545842877485,3,0
2025-08-26,Healthcare,0.001577530973999967,3,0
2025-08-27,Healthcare,0.0037892210308696495,3,0
2025-08-28,Healthcare,0.000638222653206529,3,0
2025-08-29,Healthcare,0.004623310699019889,3,0
2025-09-03,Healthcare,0.01013577675412732,3,0
2025-09-04,Healthcare,0.0027152310311349868,3,0
2025-09-05,Healthcare,-0.005363636423769136,3,0
2025-09-08,Healthcare,0.009285459766501117,3,0
2025-09-09,Healthcare,-0.002992000976979936,3,0
2025-09-10,Healthcare,0.0031464851827430382,3,0
2025-09-11,Healthcare,-0.011406149878201988,3,0
2025-09-12,Healthcare,-0.0007313543789336426,3,0
2025-09-15,Healthcare,0.0066428004294964245,3,0
2025-09-16,Healthcare,-0.007930607187112729,3,0
2025-09-17,Healthcare,0.004687071093642488,3,0
2025-09-18,Healthcare,-0.008812563858672906,3,0
2025-09-19,Healthcare,0.001567990921125843,3,0
2025-09-22,Healthcare,-0.0023598415695168886,3,0
2025-09-23,Healthcare,0.0023853691182128176,3,0
2025-09-24,Healthcare,-0.0022297748004255955,3,0
2025-09-25,Healthcare,-0.001548687354823645,3,0
2025-09-26,Healthcare,-0.0015521875061932366,3,0
2025-09-29,Healthcare,-0.001570255845489421,3,0
2025-09-30,Healthcare,-2.341009579257906e-05,3,0
2025-10-01,Healthcare,0.003256576479953033,3,0
2025-10-02,Healthcare,-0.0031910141042823525,3,0
2025-10-03,Healthcare,0.0016420361247947806,3,0
2025-10-06,Healthcare,-0.001079426061968573,3,0
2025-10-07,Healthcare,0.0013300340241261994,3,0
2025-10-08,Healthcare,-0.0023440484178625653,2,1
2025-10-09,Healthcare,-0.0046557786074648,3,0
2025-10-10,Healthcare,-0.0008925059675212547,3,0
2025-10-13,Healthcare,-0.006387600011364736,3,0
2025-10-14,Healthcare,-0.0036452829393115818,3,0
2025-10-15,Healthcare,0.00956972344421562,3,0
2025-10-16,Healthcare,-0.004445097891337679,2,1
2025-10-17,Healthcare,-0.008989327796961488,3,0
2025-10-20,Healthcare,-0.018982915701953207,3,0
2025-10-21,Healthcare,0.010776957803874923,3,0
2025-10-22,Healthcare,0.022222870450048338,2,1
2025-10-23,Healthcare,-0.0009982733826342145,3,0
2025-10-24,Healthcare,-0.004681722971562404,3,0
2025-10-27,Healthcare,0.009247642719059423,3,0
2025-10-28,Healthcare,0.0075046904315198,2,1
2025-10-29,Healthcare,-0.005714306342271176,3,0
2025-10-30,Healthcare,-0.00913305673683762,3,0
2025-10-31,Healthcare,0.01066053511705678,3,0
2025-11-03,Healthcare,-0.006838202781051998,3,0
2025-11-04,Healthcare,-0.012193005517841452,3,0
2025-11-05,Healthcare,0.007288124478727694,3,0
2025-11-06,Healthcare,0.0061279601163273245,2,1
2025-11-07,Healthcare,-0.014798050207586233,2,1
2025-11-10,Healthcare,0.00519602226160909,2,1
2025-11-11,Healthcare,-0.005343076711952777,3,0
2025-11-12,Healthcare,0.005350508082853311,3,0
2025-11-13,Healthcare,-0.0028253014075357483,3,0
2025-11-14,Healthcare,-0.0007440223902123178,3,0
2025-11-17,Healthcare,-0.004167534903104786,2,1
2025-11-18,Healthcare,8.724975414187153e-05,2,1
2025-11-19,Healthcare,-0.012713130567410044,3,0
2025-11-20,Healthcare,-0.0003413202266366137,3,0
2025-11-21,Healthcare,-0.010824841412978828,3,0
2025-11-24,Healthcare,0.012526654930747005,2,1
2025-11-25,Healthcare,-0.004190956166618076,2,1
2025-11-26,Healthcare,0.005755061044867005,2,1
2025-11-27,Healthcare,9.85675887735793e-05,2,1
2025-11-28,Healthcare,0.00925910710144843,3,0
2025-12-01,Healthcare,0.022207586710273453,2,1
2025-12-02,Healthcare,0.008677156712952216,2,1
2025-12-03,Healthcare,-0.004077693372907791,3,0
2025-12-04,Healthcare,0.0016304901661061688,3,0
2025-12-05,Healthcare,0.0004191785476750365,3,0
2025-12-08,Healthcare,-0.009043551616742362,2,1
2025-12-09,Healthcare,-0.008682485168551449,3,0
2025-12-10,Healthcare,-0.007394528434066257,3,0
2025-12-11,Healthcare,0.006495203925473832,3,0
2025-12-12,Healthcare,-0.008774901266652221,3,0
2025-12-15,Healthcare,-0.0006573300056916439,3,0
2025-12-16,Healthcare,0.006643346184334191,3,0
2025-12-17,Healthcare,0.0014839426435929726,3,0
2025-12-18,Healthcare,-0.0035239407164987155,3,0
2025-12-19,Healthcare,0.002976456111493553,3,0
2025-12-22,Healthcare,0.008458807000811142,3,0
2025-12-23,Healthcare,0.004101157260438952,3,0
2025-12-24,Healthcare,-0.0013312712384410859,3,0
2025-12-25,Healthcare,-0.0007291888819972078,3,0
2025-12-26,Healthcare,-0.0051883125859751855,3,0
2025-12-29,Healthcare,0.005484029210361174,2,1
2025-12-30,Healthcare,0.011864873503499407,2,1
2025-12-31,Healthcare,0.013044334910732572,3,0
2026-01-05,Healthcare,-0.003506743696606159,3,0
2026-01-06,Healthcare,-0.0002981443835771887,3,0
2026-01-07,Healthcare,0.005156042172073623,3,0
2026-01-08,Healthcare,0.0006485084306095956,3,0
2026-01-09,Healthcare,0.0005583472920155744,3,0
2026-01-12,Healthcare,0.0040806083796387504,3,0
2026-01-13,Healthcare,0.005044625533566179,3,0
2026-01-14,Healthcare,0.0046933109788442895,3,0
2026-01-15,Healthcare,0.01475518014162125,3,0
2026-01-16,Healthcare,0.0064218377226506656,3,0
2026-01-19,Healthcare,0.002434117996578481,3,0
2026-01-20,Healthcare,-0.012939081199928112,3,0
2026-01-21,Healthcare,-0.006210361838723773,3,0
2026-01-22,Healthcare,0.0006441551396800064,3,0
2026-01-23,Healthcare,8.90686680437014e-05,3,0
2026-01-26,Healthcare,-0.00320805346341572,3,0
2026-01-27,Healthcare,-0.00013785155034218288,3,0
2026-01-28,Healthcare,0.006926721569167886,3,0
2026-01-29,Healthcare,0.00010586623489846254,3,0
2026-01-30,Healthcare,0.0023847323095925375,3,0
2026-02-02,Healthcare,-0.0012482057043000279,3,0
2026-02-03,Healthcare,0.00018639387612092348,3,0
2026-02-04,Healthcare,-0.001484005150911442,3,0
2026-02-05,Healthcare,-0.0030246053369972583,3,0
2026-02-06,Healthcare,-0.0020534247509082317,3,0
2026-02-09,Healthcare,0.005139826297642351,3,0
2026-02-10,Healthcare,-0.00567754965833626,3,0
2026-02-11,Healthcare,0.011557773922437583,3,0
2026-02-12,Healthcare,-0.006637805521380565,3,0
2026-02-13,Healthcare,-0.0035311161293985296,3,0
2026-02-23,Healthcare,0.007821239802275596,3,0
2026-02-24,Healthcare,0.0013184244605400537,3,0
2026-02-25,Healthcare,-0.0024853441162621115,3,0
2026-02-26,Healthcare,0.0010822510822510918,3,0
2026-02-27,Healthcare,-0.00368736641319826,3,0
2026-03-02,Healthcare,0.0013422206692094152,3,0
2026-03-03,Healthcare,-0.0010752688172043223,3,0
2026-03-04,Healthcare,-0.003506807926057546,3,0
2026-03-05,Healthcare,0.0016141096490120965,3,0
2026-03-06,Healthcare,-0.0044532524044045285,3,0
2026-03-09,Healthcare,-0.01858366237081425,3,0
2026-03-10,Healthcare,0.027046457412142805,3,0
2026-03-11,Healthcare,-0.0007757607804859493,3,0
2026-03-12,Healthcare,-0.0007439841321285057,3,0
2026-03-13,Healthcare,-0.009769134478697242,3,0
2026-03-16,Healthcare,0.005254890138437347,3,0
2026-03-17,Healthcare,0.005302015911491746,3,0
2026-03-18,Healthcare,-0.007567684971188464,3,0
2026-03-19,Healthcare,-0.015299236294224028,3,0
2026-03-20,Healthcare,-0.009169560348457914,3,0
2026-03-23,Healthcare,-0.003862432474701971,3,0
2026-03-24,Healthcare,0.002347904613405394,3,0
2026-03-25,Healthcare,0.006500727422262005,3,0
2026-03-26,Healthcare,-0.0066425519317954524,3,0
2026-03-27,Healthcare,0.008989736288850617,3,0
2026-03-30,Healthcare,0.006424879319919752,3,0
2026-03-31,Healthcare,-0.0010216699542308454,3,0
2026-04-01,Healthcare,0.007536716042970497,3,0
2026-04-02,Healthcare,-0.002754328203313894,3,0
2026-04-03,Healthcare,0.0012710740484997245,3,0
2026-04-06,Healthcare,-7.233243183291105e-05,3,0
2026-04-07,Healthcare,0.005414587963603057,3,0
2026-04-08,Healthcare,0.0028480441107910925,3,0
2026-04-09,Healthcare,-0.004389319284752465,3,0
2026-04-10,Healthcare,0.0013728144899835353,3,0
2026-04-13,Healthcare,5.527474166263276e-05,3,0
2026-04-14,Healthcare,-0.002608182465074882,2,1
2026-04-15,Healthcare,-0.0002517600312006059,3,0
2026-04-16,Healthcare,-0.01055555555555554,3,0
2026-04-17,Healthcare,0.01475421368191876,3,0
2026-04-20,Healthcare,-0.003178634509611126,3,0
2026-04-21,Healthcare,-0.002776957088964823,3,0
2026-04-22,Healthcare,-0.02510853941889964,3,0
2026-04-23,Healthcare,-0.014626360577167855,3,0
2026-04-24,Healthcare,-0.011192091691204461,3,0
2026-04-28,Healthcare,-0.005138029933777655,3,0
2026-04-29,Healthcare,0.018513176081826233,3,0
2026-05-04,Healthcare,0.0025348488910395353,3,0
2026-05-05,Healthcare,-0.006602461920569606,3,0
2026-05-06,Healthcare,-0.0032496573060588987,3,0
2026-05-07,Healthcare,-0.010241117240178474,3,0
2026-05-08,Healthcare,0.0031725344289241417,3,0
2026-05-11,Healthcare,0.0004981447435157271,3,0
2026-05-12,Healthcare,0.0,2,1
2026-05-13,Healthcare,0.0069309075157028,2,1
2026-05-14,Healthcare,-0.006436561548001762,3,0
2026-05-15,Healthcare,-0.009621027069345015,3,0
2026-05-18,Healthcare,0.004980525678653813,3,0
2026-05-19,Healthcare,0.0005669503925243013,3,0
2026-05-20,Healthcare,-0.0046857447371553285,2,1
2026-05-21,Healthcare,0.004262094462492816,2,1
2026-05-22,Healthcare,-0.015207669482840283,3,0
2026-05-25,Healthcare,0.0068188381184271325,3,0
2026-05-26,Healthcare,0.0021920210434020295,3,0
2026-05-27,Healthcare,-0.0037857620547877926,3,0
2026-05-28,Healthcare,-0.004784884029755243,2,1
2026-05-29,Healthcare,0.003275375024352193,3,0
2026-06-01,Healthcare,0.002615632292024624,3,0
2026-06-02,Healthcare,-0.0011350905608432105,2,1
2026-06-03,Healthcare,-0.0070541346592591925,2,1
2026-06-04,Healthcare,0.0029361623552852656,2,1
2026-06-05,Healthcare,-5.550692769146215e-05,2,1
2026-06-08,Healthcare,0.0008171171625846648,3,0
2026-06-09,Healthcare,0.004366358596074926,2,1
2026-06-10,Healthcare,0.001119201515793422,2,1
2026-06-11,Healthcare,-0.0005359056806001905,2,1
2026-06-12,Healthcare,-0.006688963210702299,3,0
2026-06-15,Healthcare,0.002861230329041472,3,0
2026-06-16,Healthcare,-0.005345523728893668,3,0
2026-06-17,Healthcare,-0.0014674590945777573,3,0
2026-06-18,Healthcare,-0.006501096307478693,2,1
2026-06-19,Healthcare,-0.002069934047454536,2,1
2026-06-22,Healthcare,0.004125749600857875,3,0
2026-06-23,Healthcare,-0.012453891200419842,3,0
2026-06-24,Healthcare,-0.006476069588810825,3,0
2026-06-25,Healthcare,-0.002444960260955716,3,0
2026-06-26,Healthcare,-0.01035031907311218,2,1
2026-06-29,Healthcare,0.0025516588016588257,3,0
2026-06-30,Healthcare,-0.005038785040616334,2,1
2026-07-01,Healthcare,0.009411932598997752,2,1
2026-07-02,Healthcare,0.007202395403415052,3,0
2026-07-03,Healthcare,0.002851711026615966,2,1
2026-07-06,Healthcare,0.0006745512416590863,3,0
2026-07-07,Healthcare,-0.015941333886685432,3,0
2026-07-08,Healthcare,-0.003355214488870384,2,1
2026-07-09,Healthcare,-0.0024336821611097847,2,1
2026-07-10,Healthcare,-0.0023640661938534313,3,0
2026-07-13,Healthcare,-0.010002295319314217,3,0
2026-07-14,Healthcare,-0.004873054873054894,2,1
2026-07-15,Healthcare,-0.007607217896428153,3,0
2026-07-16,Healthcare,0.011254015226243808,3,0
2026-07-17,Healthcare,-0.011814125277143983,3,0
2026-07-20,Healthcare,-0.025063938618925863,2,1
2026-07-21,Healthcare,-0.0012133294372294785,3,0
2026-07-22,Healthcare,-0.00767440454600421,2,1
2026-07-23,Healthcare,-0.014360989999253393,3,0
2026-07-24,Healthcare,0.0020111388113410364,3,0
2026-07-27,Healthcare,-0.011167322037855457,3,0
2024-01-03,Utilities,0.007548992578826574,3,0
2024-01-04,Utilities,0.002802742194917792,3,0
2024-01-05,Utilities,-0.0093828636539142,3,0
2024-01-08,Utilities,0.0006895431461008868,3,0
2024-01-09,Utilities,-0.0026951846879869437,3,0
2024-01-10,Utilities,0.0021600828757072366,3,0
2024-01-11,Utilities,0.019461514308782697,3,0
2024-01-12,Utilities,-0.012051328632447733,3,0
2024-01-15,Utilities,-0.0032993668876563445,3,0
2024-01-16,Utilities,0.00910974727938411,3,0
2024-01-17,Utilities,0.00015128000361626834,3,0
2024-01-18,Utilities,-0.005486632883443347,3,0
2024-01-19,Utilities,0.007699396086618071,3,0
2024-01-22,Utilities,0.001852751407633561,3,0
2024-01-23,Utilities,0.0008773807719218615,3,0
2024-01-24,Utilities,-0.00638499477595796,3,0
2024-01-25,Utilities,-0.004223575575402909,3,0
2024-01-26,Utilities,-3.129033559245986e-05,3,0
2024-01-29,Utilities,-0.0002313175427551828,3,0
2024-01-30,Utilities,0.01347546869178747,3,0
2024-01-31,Utilities,-0.012195591447759169,3,0
2024-02-01,Utilities,-0.003600530604510155,3,0
2024-02-02,Utilities,-0.007110757049298829,3,0
2024-02-05,Utilities,-0.00046218017239881465,3,0
2024-02-06,Utilities,0.008530293000360937,3,0
2024-02-07,Utilities,0.002373855565135289,3,0
2024-02-15,Utilities,0.015362328709953502,3,0
2024-02-16,Utilities,0.006395693434602112,3,0
2024-02-19,Utilities,0.027903862352881264,3,0
2024-02-20,Utilities,-0.004928917763186417,3,0
2024-02-21,Utilities,0.0011544828928171658,3,0
2024-02-22,Utilities,-0.007236668923755851,3,0
2024-02-23,Utilities,-0.019700088101157236,3,0
2024-02-26,Utilities,6.202078185313376e-05,3,0
2024-02-27,Utilities,0.013922046219556542,3,0
2024-02-28,Utilities,0.013935661393253973,3,0
2024-02-29,Utilities,-0.00737193155103603,3,0
2024-03-01,Utilities,0.013344659830662428,3,0
2024-03-04,Utilities,0.0034245855838827,3,0
2024-03-05,Utilities,0.010400905551172976,3,0
2024-03-06,Utilities,-0.00744614128209542,3,0
2024-03-07,Utilities,0.002807098156569691,3,0
2024-03-08,Utilities,-0.003018382581719751,3,0
2024-03-11,Utilities,-0.012347768536742318,3,0
2024-03-12,Utilities,-0.004973015236739801,3,0
2024-03-13,Utilities,0.013000121628829797,3,0
2024-03-14,Utilities,0.0029605236823213956,3,0
2024-03-15,Utilities,-0.006798891367323516,3,0
2024-03-18,Utilities,-0.024733938809693323,3,0
2024-03-19,Utilities,0.0031910082258462813,3,0
2024-03-20,Utilities,0.005932536714807164,3,0
2024-03-21,Utilities,-0.0018066185715506962,3,0
2024-03-22,Utilities,0.012633565199494582,3,0
2024-03-25,Utilities,-0.005952452524407644,3,0
2024-03-26,Utilities,0.006050255085237118,3,0
2024-03-27,Utilities,0.005608033596530504,3,0
2024-03-28,Utilities,-0.0007122507122506727,3,0
2024-03-29,Utilities,-0.005191068395672738,3,0
2024-04-01,Utilities,-0.010132135467529077,3,0
2024-04-02,Utilities,0.015162691360647814,3,0
2024-04-03,Utilities,-0.009935878104726773,3,0
2024-04-04,Utilities,-0.019359434150396055,3,0
2024-04-05,Utilities,-0.010771869366342335,3,0
2024-04-08,Utilities,-0.012043348856265235,3,0
2024-04-09,Utilities,0.011063459548809274,3,0
2024-04-10,Utilities,-0.0017270711318823444,3,0
2024-04-11,Utilities,-0.004236042858226023,3,0
2024-04-12,Utilities,0.008557501414987456,3,0
2024-04-15,Utilities,-0.023270064916255235,3,0
2024-04-16,Utilities,-0.01627570233489802,3,0
2024-04-17,Utilities,-0.00010439239474994515,3,0
2024-04-19,Utilities,-0.0309244675211147,3,0
2024-04-22,Utilities,0.013720820797395191,3,0
2024-04-23,Utilities,-0.013397485493230166,3,0
2024-04-24,Utilities,0.02239818532276557,3,0
2024-04-25,Utilities,-0.008499525963271193,3,0
2024-04-26,Utilities,0.00886185521096361,3,0
2024-05-02,Utilities,0.04845983656675227,3,0
2024-05-03,Utilities,0.004504063387749002,3,0
2024-05-06,Utilities,-0.00010973779330336608,3,0
2024-05-07,Utilities,-0.0023227266070038333,3,0
2024-05-08,Utilities,0.009048178891367517,3,0
2024-05-09,Utilities,-0.006106600191217115,3,0
2024-05-10,Utilities,-0.00663182967071041,3,0
2024-05-13,Utilities,0.00882232941747437,3,0
2024-05-14,Utilities,-0.004141664230485453,3,0
2024-05-15,Utilities,-0.000800907527669259,3,0
2024-05-16,Utilities,0.023145508740130216,3,0
2024-05-17,Utilities,-0.0014364240672258832,3,0
2024-05-20,Utilities,0.0004101923891477825,3,0
2024-05-21,Utilities,-0.000802827503667188,3,0
2024-05-22,Utilities,0.0006208399062210453,3,0
2024-05-23,Utilities,0.03477654537853714,3,0
2024-05-24,Utilities,-0.01834572159285312,3,0
2024-05-27,Utilities,0.038601784482131585,3,0
2024-05-28,Utilities,0.015579938677179106,3,0
2024-05-29,Utilities,-0.012323058534073525,3,0
2024-05-30,Utilities,0.01782443820074738,3,0
2024-05-31,Utilities,-0.008644359258099662,3,0
2024-06-03,Utilities,0.03445032176661441,3,0
2024-06-04,Utilities,0.007938510393870724,3,0
2024-06-05,Utilities,-0.014116047446020463,3,0
2024-06-06,Utilities,-0.006315125177445369,3,0
2024-06-07,Utilities,0.013419113539362279,3,0
2024-06-10,Utilities,-0.006902617025722886,3,0
2024-06-11,Utilities,0.008228792593843385,3,0
2024-06-12,Utilities,0.005260793694753296,3,0
2024-06-13,Utilities,0.005478775068575119,3,0
2024-06-14,Utilities,-0.0334144287087497,3,0
2024-06-17,Utilities,0.010107563613175627,3,0
2024-06-18,Utilities,0.03790218502630697,3,0
2024-06-19,Utilities,-0.001973796062421429,3,0
2024-06-20,Utilities,0.012281938611423978,3,0
2024-06-21,Utilities,-0.01633561025763064,3,0
2024-06-24,Utilities,-0.006783524693286469,3,0
2024-06-25,Utilities,0.007192894036247936,3,0
2024-06-26,Utilities,0.006224503788008651,3,0
2024-06-27,Utilities,-0.012121212121212125,3,0
2024-06-28,Utilities,-0.008586214172859652,3,0
2024-07-01,Utilities,0.0010031604844833082,3,0
2024-07-02,Utilities,-0.0021425711055737726,3,0
2024-07-03,Utilities,0.018151495096795516,3,0
2024-07-04,Utilities,-0.0010052695636986926,3,0
2024-07-05,Utilities,-0.004582398879075263,3,0
2024-07-08,Utilities,0.01536554428827297,3,0
2024-07-09,Utilities,0.027605920144424534,3,0
2024-07-10,Utilities,0.0003841391786422547,3,0
2024-07-11,Utilities,-0.0005981588271196289,3,0
2024-07-12,Utilities,0.00023162735107862265,3,0
2024-07-15,Utilities,0.0050315602030977695,3,0
2024-07-16,Utilities,-0.0008987560965117251,3,0
2024-07-17,Utilities,-0.03892476679685938,3,0
2024-07-18,Utilities,0.004619812693069621,3,0
2024-07-19,Utilities,-0.033933294462193175,3,0
2024-07-22,Utilities,-0.01009664255109377,3,0
2024-07-23,Utilities,-0.019244223837917834,3,0
2024-07-24,Utilities,0.012492829243216338,3,0
2024-07-25,Utilities,-0.004468384919282771,3,0
2024-07-26,Utilities,0.027508104157484208,3,0
2024-07-29,Utilities,-0.002910590512786008,3,0
2024-07-30,Utilities,-0.011048544361140814,3,0
2024-07-31,Utilities,-0.0030478382950522853,3,0
2024-08-01,Utilities,-0.0265755727372049,3,0
2024-08-02,Utilities,0.03795996779117009,3,0
2024-08-05,Utilities,-0.04482040438049021,3,0
2024-08-06,Utilities,0.021336689929956743,3,0
2024-08-07,Utilities,0.0006375603200781491,3,0
2024-08-08,Utilities,0.0005916373744982625,3,0
2024-08-09,Utilities,0.00812610139194477,3,0
2024-08-12,Utilities,0.00752629032393437,3,0
2024-08-13,Utilities,-0.021669489536351543,3,0
2024-08-14,Utilities,-0.002443305400159986,3,0
2024-08-15,Utilities,-0.014492169938278954,3,0
2024-08-16,Utilities,0.029010384287055786,3,0
2024-08-19,Utilities,0.011762607723118176,3,0
2024-08-20,Utilities,-0.0027733130186794464,3,0
2024-08-21,Utilities,0.0170546635404909,3,0
2024-08-22,Utilities,-0.010368920355569614,3,0
2024-08-23,Utilities,0.0038251060489563984,3,0
2024-08-26,Utilities,-0.009594926484915334,3,0
2024-08-27,Utilities,-0.007026027945872704,3,0
2024-08-28,Utilities,0.0013764366476580747,3,0
2024-08-29,Utilities,0.0021013640865600314,3,0
2024-08-30,Utilities,-0.006816094664990262,3,0
2024-09-04,Utilities,-0.006467643269612282,3,0
2024-09-05,Utilities,-0.015516417618430034,3,0
2024-09-06,Utilities,0.0011493418097032748,3,0
2024-09-09,Utilities,0.0022326560932537745,3,0
2024-09-10,Utilities,-0.007109355680060585,3,0
2024-09-11,Utilities,-0.0024455199421982896,3,0
2024-09-12,Utilities,0.003606084329670319,3,0
2024-09-13,Utilities,-0.00592128989905949,3,0
2024-09-16,Utilities,-0.018031836789193106,3,0
2024-09-17,Utilities,0.011790659677088996,3,0
2024-09-18,Utilities,0.013494805290194645,3,0
2024-09-19,Utilities,-0.006346944500100167,3,0
2024-09-20,Utilities,0.0016463312620649262,3,0
2024-09-23,Utilities,-0.003322866141401722,3,0
2024-09-24,Utilities,0.002104898375398364,3,0
2024-09-25,Utilities,0.01920116321703332,3,0
2024-09-26,Utilities,-0.0011892956145539424,3,0
2024-09-27,Utilities,-0.005302954906695523,3,0
2024-09-30,Utilities,0.0007591325583884053,3,0
2024-10-01,Utilities,0.003844371579913316,3,0
2024-10-02,Utilities,0.0014158204378471595,3,0
2024-10-03,Utilities,-0.014390616321350266,3,0
2024-10-04,Utilities,0.0012657645572560587,3,0
2024-10-07,Utilities,-0.0075184966847105334,3,0
2024-10-08,Utilities,-0.0014113124050630181,3,0
2024-10-09,Utilities,0.005429976170458595,3,0
2024-10-10,Utilities,-0.0024600972677620847,3,0
2024-10-11,Utilities,-0.006601089440131713,3,0
2024-10-14,Utilities,0.006966502175099161,3,0
2024-10-15,Utilities,-0.008870592793238541,3,0
2024-10-16,Utilities,-0.004814522542194684,3,0
2024-10-17,Utilities,-0.0022016300376993168,3,0
2024-10-18,Utilities,-0.0017755447005439,3,0
2024-10-21,Utilities,-0.009181952770861498,3,0
2024-10-22,Utilities,-0.011974524134839867,3,0
2024-10-23,Utilities,0.00502097904228016,3,0
2024-10-24,Utilities,-0.0038763251706308197,3,0
2024-10-25,Utilities,-0.011444087665995325,3,0
2024-10-28,Utilities,0.0038811559453524325,3,0
2024-10-29,Utilities,0.011201726185221009,3,0
2024-10-30,Utilities,-0.0005743942490360107,3,0
2024-10-31,Utilities,-0.008041014241148928,3,0
2024-11-01,Utilities,-0.02239128718213616,3,0
2024-11-04,Utilities,0.0017002300076008152,3,0
2024-11-05,Utilities,-0.0006154724396724894,3,0
2024-11-06,Utilities,0.014924563075728425,3,0
2024-11-07,Utilities,0.001149518102952718,3,0
2024-11-08,Utilities,-0.001208860692521389,3,0
2024-11-11,Utilities,-0.0023324405936999324,3,0
2024-11-12,Utilities,0.010284268082047632,3,0
2024-11-13,Utilities,-0.00200138026224983,3,0
2024-11-14,Utilities,-0.013993240716250263,3,0
2024-11-15,Utilities,-0.012409417535751496,3,0
2024-11-18,Utilities,0.009280612534532384,3,0
2024-11-19,Utilities,-0.010186128400024086,3,0
2024-11-20,Utilities,0.012245037974474293,3,0
2024-11-21,Utilities,0.00910671923321682,3,0
2024-11-22,Utilities,-0.00294650747727232,3,0
2024-11-25,Utilities,0.04118839831770386,3,0
2024-11-26,Utilities,0.0037097133712779375,3,0
2024-11-27,Utilities,0.005986434419717616,3,0
2024-11-28,Utilities,-0.003492330724518785,3,0
2024-11-29,Utilities,0.002306327942352674,3,0
2024-12-02,Utilities,-0.005441358402706246,3,0
2024-12-03,Utilities,0.0162356485718201,3,0
2024-12-04,Utilities,-0.011457450001448119,3,0
2024-12-05,Utilities,0.01720803543198997,3,0
2024-12-06,Utilities,-0.007614992059010024,3,0
2024-12-09,Utilities,-0.0003329080973168234,3,0
2024-12-10,Utilities,-0.00029328362343176523,3,0
2024-12-11,Utilities,-0.0046195517875771515,3,0
2024-12-12,Utilities,-0.004881615431383916,3,0
2024-12-13,Utilities,-0.0016763945788748809,3,0
2024-12-16,Utilities,0.0027795255675323225,3,0
2024-12-17,Utilities,-0.0005154370306092263,3,0
2024-12-18,Utilities,0.013811005984097013,3,0
2024-12-19,Utilities,-0.0076013446677000536,3,0
2024-12-20,Utilities,-0.0009706856830665375,3,0
2024-12-23,Utilities,-0.00027199435437659975,3,0
2024-12-24,Utilities,0.006942957271846351,3,0
2024-12-25,Utilities,0.01276182001112954,3,0
2024-12-26,Utilities,-0.0033710093198492754,3,0
2024-12-27,Utilities,-0.0048409617741544215,3,0
2024-12-30,Utilities,-0.003314479533510125,3,0
2024-12-31,Utilities,0.004469915540883274,3,0
2025-01-02,Utilities,-0.003558985812921837,3,0
2025-01-03,Utilities,-0.016030681849750983,3,0
2025-01-06,Utilities,-0.017253499574729842,3,0
2025-01-07,Utilities,-0.006243053641436662,3,0
2025-01-08,Utilities,0.014054736339702075,3,0
2025-01-09,Utilities,0.005342502189431109,3,0
2025-01-10,Utilities,-0.0051053950832858535,3,0
2025-01-13,Utilities,0.007755381311931246,3,0
2025-01-14,Utilities,-0.002006567456158718,3,0
2025-01-15,Utilities,0.005559148468378128,3,0
2025-01-16,Utilities,-0.0005246515283980532,3,0
2025-01-17,Utilities,0.0002942767907505954,3,0
2025-01-20,Utilities,-0.0004886192992613984,3,0
2025-01-21,Utilities,-0.01798404600376295,3,0
2025-01-22,Utilities,-0.006741268293988652,3,0
2025-01-23,Utilities,0.010324465375105415,3,0
2025-01-24,Utilities,-0.00401510104583284,3,0
2025-02-03,Utilities,0.0032914501722762037,3,0
2025-02-04,Utilities,0.010958187668515492,3,0
2025-02-05,Utilities,0.006671850977578127,3,0
2025-02-06,Utilities,-0.001948468427456107,3,0
2025-02-07,Utilities,0.007638260638463179,3,0
2025-02-10,Utilities,-0.009418066248390367,3,0
2025-02-11,Utilities,0.010553708487431349,3,0
2025-02-12,Utilities,0.006208584489329039,3,0
2025-02-13,Utilities,0.027762918283982547,3,0
2025-02-14,Utilities,-0.005012481798458923,3,0
2025-02-17,Utilities,-0.0029453988792291774,3,0
2025-02-18,Utilities,0.004016884531590363,3,0
2025-02-19,Utilities,0.029951459774657147,3,0
2025-02-20,Utilities,-0.012319464062546729,3,0
2025-02-21,Utilities,0.00545515829576082,3,0
2025-02-24,Utilities,0.012223948512582536,3,0
2025-02-25,Utilities,0.002107732631935718,3,0
2025-02-26,Utilities,-0.013389430859694462,3,0
2025-02-27,Utilities,0.0012718211768095733,3,0
2025-02-28,Utilities,-0.0004825237088281013,3,0
2025-03-03,Utilities,0.0034069771480939406,3,0
2025-03-04,Utilities,-0.004302252790441201,3,0
2025-03-05,Utilities,-0.010159961957585914,3,0
2025-03-06,Utilities,0.0042614066750414166,3,0
2025-03-07,Utilities,-0.0009684532018169323,3,0
2025-03-10,Utilities,0.0055135101344567046,3,0
2025-03-11,Utilities,-0.0025867679872338587,3,0
2025-03-12,Utilities,-0.004662931871405059,3,0
2025-03-13,Utilities,-0.014675069454319178,3,0
2025-03-14,Utilities,-0.007982361542140382,3,0
2025-03-17,Utilities,0.00823605170711661,3,0
2025-03-18,Utilities,0.026763718848747953,3,0
2025-03-19,Utilities,-0.008855759478668346,3,0
2025-03-20,Utilities,0.0053941610765689445,3,0
2025-03-21,Utilities,-0.012787105742752103,3,0
2025-03-24,Utilities,0.010416337537601331,3,0
2025-03-25,Utilities,0.0203463300342878,3,0
2025-03-26,Utilities,-0.005969778507256662,3,0
2025-03-27,Utilities,-0.0014417123254858073,3,0
2025-03-28,Utilities,-0.00975492561190013,3,0
2025-03-31,Utilities,-6.168496426558108e-05,3,0
2025-04-01,Utilities,0.004282631881875683,3,0
2025-04-02,Utilities,-0.006056177808378083,3,0
2025-04-03,Utilities,-0.06769317508985846,3,0
2025-04-04,Utilities,-0.02145483051251229,3,0
2025-04-08,Utilities,-0.06799697459836122,3,0
2025-04-09,Utilities,-0.039888834268513786,3,0
2025-04-10,Utilities,0.0677003663563418,3,0
2025-04-11,Utilities,0.050097279581495346,3,0
2025-04-14,Utilities,0.014633187749579965,3,0
2025-04-15,Utilities,-0.013521624945715294,3,0
2025-04-16,Utilities,0.0035549470852233775,3,0
2025-04-17,Utilities,0.001536079232181094,3,0
2025-04-18,Utilities,0.0071992648001347375,3,0
2025-04-21,Utilities,0.010053200181530886,3,0
2025-04-22,Utilities,-0.017878121706737343,3,0
2025-04-23,Utilities,0.003343864210654616,3,0
2025-04-24,Utilities,-0.00016620763921204595,3,0
2025-04-25,Utilities,0.006637709598395751,3,0
2025-04-28,Utilities,-0.003946420769908698,3,0
2025-04-29,Utilities,-0.0006313081014064359,3,0
2025-05-05,Utilities,0.03592521537521395,3,0
2025-05-06,Utilities,-0.00933378666236421,3,0
2025-05-07,Utilities,0.024687414470387876,3,0
2025-05-08,Utilities,0.0018571687118949705,3,0
2025-05-09,Utilities,-0.006015717885183587,3,0
2025-05-12,Utilities,0.005573530797311081,3,0
2025-05-13,Utilities,-0.006089786548395389,3,0
2025-05-14,Utilities,0.01608068490181136,3,0
2025-05-15,Utilities,-0.007087160308473968,3,0
2025-05-16,Utilities,0.008367602082806883,3,0
2025-05-19,Utilities,-0.005374272215908138,3,0
2025-05-20,Utilities,0.014862457785851824,3,0
2025-05-21,Utilities,-0.004424668499753463,3,0
2025-05-22,Utilities,0.004117798955152185,3,0
2025-05-23,Utilities,-0.011671272394807808,3,0
2025-05-26,Utilities,0.014659350327456133,3,0
2025-05-27,Utilities,0.004173674702547814,3,0
2025-05-28,Utilities,3.117735675869001e-05,3,0
2025-05-29,Utilities,-0.008971051693113371,3,0
2025-05-30,Utilities,-0.000616599040254869,3,0
2025-06-02,Utilities,0.022926198488936473,3,0
2025-06-03,Utilities,-0.0030160801833910567,3,0
2025-06-04,Utilities,-0.0030931767759887117,3,0
2025-06-05,Utilities,0.022283692687025163,3,0
2025-06-06,Utilities,-0.0066540313132184,3,0
2025-06-09,Utilities,-0.016319549685168244,3,0
2025-06-10,Utilities,-0.004332148845808644,3,0
2025-06-11,Utilities,0.00017682961036817138,3,0
2025-06-12,Utilities,0.004717247693952838,3,0
2025-06-13,Utilities,-0.01271648616793238,3,0
2025-06-16,Utilities,0.020432054865194244,3,0
2025-06-17,Utilities,0.004151699506845315,3,0
2025-06-18,Utilities,0.0007206212776355766,3,0
2025-06-19,Utilities,-0.002770083102493085,3,0
2025-06-20,Utilities,-0.0013835343486855445,3,0
2025-06-23,Utilities,0.004622151681630604,3,0
2025-06-24,Utilities,0.006915291664154055,3,0
2025-06-25,Utilities,4.630092063336496e-05,3,0
2025-06-26,Utilities,-0.0023497641220994923,3,0
2025-06-27,Utilities,0.0008129726758685137,3,0
2025-06-30,Utilities,0.00434763499077595,3,0
2025-07-01,Utilities,-0.0056579910558206175,3,0
2025-07-02,Utilities,-0.009992733073405943,3,0
2025-07-03,Utilities,0.012064290269539738,3,0
2025-07-04,Utilities,0.012361590454684398,3,0
2025-07-07,Utilities,-0.001351154525602083,3,0
2025-07-08,Utilities,0.00940653478191078,3,0
2025-07-09,Utilities,0.003097260000075449,3,0
2025-07-10,Utilities,-0.0018881911739054107,3,0
2025-07-11,Utilities,-0.00920700030007456,3,0
2025-07-14,Utilities,0.023639260167127512,3,0
2025-07-15,Utilities,-0.010655113337120584,3,0
2025-07-16,Utilities,0.013385022484870316,3,0
2025-07-17,Utilities,-0.006495581952356296,3,0
2025-07-18,Utilities,0.013670400235381353,3,0
2025-07-21,Utilities,0.0077569657654451936,3,0
2025-07-22,Utilities,-0.0015423264057773018,3,0
2025-07-23,Utilities,0.006117261844768684,3,0
2025-07-24,Utilities,0.00044961501714158025,3,0
2025-07-25,Utilities,0.005837728396312765,3,0
2025-07-28,Utilities,0.014975664790982742,3,0
2025-07-29,Utilities,-0.029546546250202366,3,0
2025-07-30,Utilities,0.0010634114769439245,3,0
2025-07-31,Utilities,-0.0013855598470895458,3,0
2025-08-01,Utilities,-0.004946989480934379,3,0
2025-08-04,Utilities,0.04094375581518047,3,0
2025-08-05,Utilities,-0.011820258672418685,3,0
2025-08-06,Utilities,0.005601665407790168,3,0
2025-08-07,Utilities,0.010185681325912835,3,0
2025-08-08,Utilities,0.007384139379707388,3,0
2025-08-11,Utilities,0.004682018981083373,3,0
2025-08-12,Utilities,0.032770774193402685,3,0
2025-08-13,Utilities,0.0032801791197710393,3,0
2025-08-14,Utilities,-0.008965481703991732,3,0
2025-08-15,Utilities,-0.02142032065001594,3,0
2025-08-18,Utilities,0.015227368282249984,3,0
2025-08-19,Utilities,-0.002551434101043859,3,0
2025-08-20,Utilities,-0.017220401853010325,3,0
2025-08-21,Utilities,0.003349983737644465,3,0
2025-08-22,Utilities,-0.0006128958199560497,3,0
2025-08-25,Utilities,-0.013202158504295255,3,0
2025-08-26,Utilities,0.016484077813003612,3,0
2025-08-27,Utilities,0.017237448442006215,3,0
2025-08-28,Utilities,-0.0021667737982911106,3,0
2025-08-29,Utilities,-0.0006227644785972153,3,0
2025-09-03,Utilities,0.00643171462997257,3,0
2025-09-04,Utilities,0.005720747853845761,3,0
2025-09-05,Utilities,-0.009929231485709308,3,0
2025-09-08,Utilities,-0.034600243943799236,3,0
2025-09-09,Utilities,-0.0018810004274332586,3,0
2025-09-10,Utilities,0.00655132532262163,3,0
2025-09-11,Utilities,-0.0030225645291147942,3,0
2025-09-12,Utilities,0.01333448403021431,3,0
2025-09-15,Utilities,0.013269768440915023,3,0
2025-09-16,Utilities,0.0006975201086834026,3,0
2025-09-17,Utilities,-0.010455489354622963,3,0
2025-09-18,Utilities,0.0071344239286429785,3,0
2025-09-19,Utilities,0.01439437402381294,3,0
2025-09-22,Utilities,-0.016925289395743264,3,0
2025-09-23,Utilities,-0.00236916685220682,3,0
2025-09-24,Utilities,0.007993585950670753,3,0
2025-09-25,Utilities,0.022302249039220623,3,0
2025-09-26,Utilities,-0.021868891209962976,3,0
2025-09-29,Utilities,-0.009066918644111169,3,0
2025-09-30,Utilities,-0.0120072346423132,3,0
2025-10-01,Utilities,0.001198795225580344,3,0
2025-10-02,Utilities,-0.0032140245301300516,3,0
2025-10-03,Utilities,-0.012967082828317414,3,0
2025-10-06,Utilities,0.015634683614955458,3,0
2025-10-07,Utilities,-0.006680605427750952,3,0
2025-10-08,Utilities,-0.0011466319875825803,3,0
2025-10-09,Utilities,0.007390838425124557,3,0
2025-10-10,Utilities,0.006683224179959109,3,0
2025-10-13,Utilities,-0.014179611553749324,3,0
2025-10-14,Utilities,-0.00653029665129401,3,0
2025-10-15,Utilities,-0.0014781985194034137,3,0
2025-10-16,Utilities,-0.001986769661497504,3,0
2025-10-17,Utilities,-0.013868768381452679,3,0
2025-10-20,Utilities,-0.04802926757756917,3,0
2025-10-21,Utilities,0.01672594554827156,3,0
2025-10-22,Utilities,0.028642143342992643,3,0
2025-10-23,Utilities,0.0015755971513203477,3,0
2025-10-24,Utilities,0.0008241758241758212,3,0
2025-10-27,Utilities,0.010213115904826727,3,0
2025-10-28,Utilities,0.012101180397949015,3,0
2025-10-29,Utilities,0.038936739120506214,3,0
2025-10-30,Utilities,0.00483971123218685,3,0
2025-10-31,Utilities,-0.007197293179863877,3,0
2025-11-03,Utilities,-0.014887986834360692,3,0
2025-11-04,Utilities,0.009219858156028327,3,0
2025-11-05,Utilities,0.010798226597978652,3,0
2025-11-06,Utilities,-0.008670756004148869,3,0
2025-11-07,Utilities,-0.020432875775837966,3,0
2025-11-10,Utilities,-0.01039267751079794,3,0
2025-11-11,Utilities,0.0009411415329643921,3,0
2025-11-12,Utilities,0.01824003691862604,3,0
2025-11-13,Utilities,0.018585050623087056,3,0
2025-11-14,Utilities,0.01514416039836782,3,0
2025-11-17,Utilities,0.007362718332620403,3,0
2025-11-18,Utilities,0.0003525557861889794,3,0
2025-11-19,Utilities,-0.00021017700312105556,3,0
2025-11-20,Utilities,-0.0038641034084544446,3,0
2025-11-21,Utilities,-0.003812711603570329,3,0
2025-11-24,Utilities,0.00044562950890610537,3,0
2025-11-25,Utilities,-0.02085315975086129,3,0
2025-11-26,Utilities,0.01184327921858593,3,0
2025-11-27,Utilities,0.0019174581349773456,3,0
2025-11-28,Utilities,-0.004013220018885748,3,0
2025-12-01,Utilities,-0.006486444316985566,3,0
2025-12-02,Utilities,-0.007012067992837749,3,0
2025-12-03,Utilities,0.00965239033406969,3,0
2025-12-04,Utilities,0.003735276224874832,3,0
2025-12-05,Utilities,-0.001187023498654849,3,0
2025-12-08,Utilities,-0.009752722545222229,3,0
2025-12-09,Utilities,-0.013993862338079496,3,0
2025-12-10,Utilities,0.012071823851862304,3,0
2025-12-11,Utilities,-0.008558322614793501,3,0
2025-12-12,Utilities,-0.03215620675443028,3,0
2025-12-15,Utilities,0.014465209587160762,3,0
2025-12-16,Utilities,0.01715183339731004,3,0
2025-12-17,Utilities,-0.00279052287209991,3,0
2025-12-18,Utilities,0.009354677013013254,3,0
2025-12-19,Utilities,0.002221148612778112,3,0
2025-12-22,Utilities,0.014349907419952087,3,0
2025-12-23,Utilities,-0.000768547483935067,3,0
2025-12-24,Utilities,-0.003459169997462245,3,0
2025-12-25,Utilities,-0.0024391372077155657,3,0
2025-12-26,Utilities,0.004783455487680888,3,0
2025-12-29,Utilities,0.009349120082815743,3,0
2025-12-30,Utilities,-0.006381732664100322,3,0
2025-12-31,Utilities,-0.0043692712034274495,3,0
2026-01-05,Utilities,-0.002397904284952864,3,0
2026-01-06,Utilities,0.010973440892394418,3,0
2026-01-07,Utilities,0.02930222164732199,3,0
2026-01-08,Utilities,0.0075038838754499055,3,0
2026-01-09,Utilities,-0.0016120986561867594,3,0
2026-01-12,Utilities,-0.003041187739463602,3,0
2026-01-13,Utilities,0.03432260689537651,3,0
2026-01-14,Utilities,-0.002794638285793701,3,0
2026-01-15,Utilities,-0.003433575913242004,3,0
2026-01-16,Utilities,0.007503282686175172,3,0
2026-01-19,Utilities,-0.004005911485368478,3,0
2026-01-20,Utilities,-0.00018441070857992217,3,0
2026-01-21,Utilities,0.0070108881050451695,3,0
2026-01-22,Utilities,0.012502191660754983,3,0
2026-01-23,Utilities,-0.026160997433439432,3,0
2026-01-26,Utilities,-0.0035140124529858077,3,0
2026-01-27,Utilities,0.011547551522026836,3,0
2026-01-28,Utilities,-0.011697770576915493,3,0
2026-01-29,Utilities,-0.009855451823781855,3,0
2026-01-30,Utilities,0.009843963997077024,3,0
2026-02-02,Utilities,0.01541886781685231,3,0
2026-02-03,Utilities,0.0051802086500051985,3,0
2026-02-04,Utilities,0.00857652557929156,3,0
2026-02-05,Utilities,-0.012139497264013976,3,0
2026-02-06,Utilities,-0.020697387183469623,3,0
2026-02-09,Utilities,0.0017659677390335915,3,0
2026-02-10,Utilities,-0.019132028156434777,3,0
2026-02-11,Utilities,0.014890171213778114,3,0
2026-02-12,Utilities,0.005455394647630045,3,0
2026-02-13,Utilities,0.0028348907178377125,3,0
2026-02-23,Utilities,0.01701347642209668,3,0
2026-02-24,Utilities,0.010638407306596598,3,0
2026-02-25,Utilities,0.008615835094469504,3,0
2026-02-26,Utilities,-0.005947120142241451,3,0
2026-02-27,Utilities,0.009110959982810899,3,0
2026-03-02,Utilities,0.05032421510739845,3,0
2026-03-03,Utilities,0.022440595032006978,3,0
2026-03-04,Utilities,-0.03141434485845366,3,0
2026-03-05,Utilities,-0.009261801607234665,3,0
2026-03-06,Utilities,-0.02754990045075541,3,0
2026-03-09,Utilities,-0.06893554472449122,3,0
2026-03-10,Utilities,-0.0033458146071746464,3,0
2026-03-11,Utilities,0.02699907720107353,3,0
2026-03-12,Utilities,0.009822119307223653,3,0
2026-03-13,Utilities,0.00632961971486401,3,0
2026-03-16,Utilities,-0.013364597723716343,3,0
2026-03-17,Utilities,-0.009779548758095502,3,0
2026-03-18,Utilities,0.01625380289571717,3,0
2026-03-19,Utilities,-0.0027464039877148627,3,0
2026-03-20,Utilities,0.015990204578212392,3,0
2026-03-23,Utilities,-0.03999210507133218,3,0
2026-03-24,Utilities,0.023567620669079286,3,0
2026-03-25,Utilities,0.06335446231711377,3,0
2026-03-26,Utilities,-0.0018557058317102786,3,0
2026-03-27,Utilities,0.0005295371707585428,3,0
2026-03-30,Utilities,-0.007912322908313304,3,0
2026-03-31,Utilities,-0.01198036536792535,3,0
2026-04-01,Utilities,-0.002882050708137666,3,0
2026-04-02,Utilities,-0.018991962017100256,3,0
2026-04-03,Utilities,-0.027074076032244137,3,0
2026-04-06,Utilities,-0.016844025539677714,3,0
2026-04-07,Utilities,0.006854838709677402,3,0
2026-04-08,Utilities,0.03420340975896533,3,0
2026-04-09,Utilities,-0.012338334649469132,3,0
2026-04-10,Utilities,0.008006619886620289,3,0
2026-04-13,Utilities,0.010570564832406815,3,0
2026-04-14,Utilities,-0.004236011840928662,3,0
2026-04-15,Utilities,-0.010757608508763802,3,0
2026-04-16,Utilities,0.006872882560216047,3,0
2026-04-17,Utilities,-0.005576262861266927,3,0
2026-04-20,Utilities,0.005973287718570752,3,0
2026-04-21,Utilities,-0.009495212214800985,3,0
2026-04-22,Utilities,-0.008991982518050409,3,0
2026-04-23,Utilities,-0.029641015140298488,3,0
2026-04-24,Utilities,0.004571847813026404,3,0
2026-04-28,Utilities,-0.025619515617991806,3,0
2026-04-29,Utilities,0.003044043201875383,3,0
2026-05-04,Utilities,0.02484066796527788,3,0
2026-05-05,Utilities,0.006579771488096446,3,0
2026-05-06,Utilities,0.023672168886071265,3,0
2026-05-07,Utilities,-0.003948491242578826,3,0
2026-05-08,Utilities,-0.02873331869783439,3,0
2026-05-11,Utilities,0.0007614696085375868,3,0
2026-05-12,Utilities,0.0007896368345175672,3,0
2026-05-13,Utilities,-0.0017008236797615428,3,0
2026-05-14,Utilities,-0.0076319705144549665,3,0
2026-05-15,Utilities,0.00939803100202441,3,0
2026-05-18,Utilities,0.007734852711755409,3,0
2026-05-19,Utilities,-0.0027448805674612498,3,0
2026-05-20,Utilities,-0.005532835904651996,3,0
2026-05-21,Utilities,-0.011112693402919168,3,0
2026-05-22,Utilities,-0.005531788688381149,3,0
2026-05-25,Utilities,0.002155865270940175,3,0
2026-05-26,Utilities,0.001816727224240829,3,0
2026-05-27,Utilities,0.029700651281614105,3,0
2026-05-28,Utilities,-0.020510019978382088,3,0
2026-05-29,Utilities,-0.0054969007560793,3,0
2026-06-01,Utilities,-0.007779213690984073,3,0
2026-06-02,Utilities,-0.017131886722080103,3,0
2026-06-03,Utilities,0.005361202786945407,3,0
2026-06-04,Utilities,0.005907331800590665,3,0
2026-06-05,Utilities,-0.010238493232633447,3,0
2026-06-08,Utilities,-0.008279643432262137,3,0
2026-06-09,Utilities,0.0042092453364895865,3,0
2026-06-10,Utilities,0.0014130742945819286,3,0
2026-06-11,Utilities,0.001514454505031293,3,0
2026-06-12,Utilities,-0.0030227912937023094,3,0
2026-06-15,Utilities,0.019053130511463845,3,0
2026-06-16,Utilities,0.006806810530890124,3,0
2026-06-17,Utilities,0.0014587892049598612,3,0
2026-06-18,Utilities,-0.0014416590881216977,3,0
2026-06-19,Utilities,-0.006976103115236443,3,0
2026-06-22,Utilities,0.021853407543116637,3,0
2026-06-23,Utilities,-0.013543547981678635,3,0
2026-06-24,Utilities,-0.01248624246335924,3,0
2026-06-25,Utilities,0.013170585990977535,3,0
2026-06-26,Utilities,0.004008968478412441,3,0
2026-06-29,Utilities,0.005178720087854509,3,0
2026-06-30,Utilities,-0.005814532198621862,3,0
2026-07-01,Utilities,0.0015990256869911808,3,0
2026-07-02,Utilities,0.0030053953449882265,3,0
2026-07-03,Utilities,-0.008624191367288056,3,0
2026-07-06,Utilities,-0.02312626058021113,3,0
2026-07-07,Utilities,-8.2016065311367e-05,3,0
2026-07-08,Utilities,-0.00024108311779543387,3,0
2026-07-09,Utilities,-0.011337868480725636,3,0
2026-07-10,Utilities,-0.008284734096734766,3,0
2026-07-13,Utilities,-0.020765827314724428,3,0
2026-07-14,Utilities,0.011941212492345329,3,0
2026-07-15,Utilities,-0.005138596119766785,3,0
2026-07-16,Utilities,-0.0015960654804568393,3,0
2026-07-17,Utilities,0.0020922641219703886,3,0
2026-07-20,Utilities,-0.02575997921171432,3,0
2026-07-21,Utilities,0.015523186934077948,3,0
2026-07-22,Utilities,-0.029082975313139043,3,0
2026-07-23,Utilities,0.016137961443570232,3,0
2026-07-24,Utilities,-0.00644975299580645,3,0
2026-07-27,Utilities,-0.0068752088058940215,3,0
